athlete_id,record_date,sleep_hours,sleep_quality,training_load,stress_level,recovery_score,resting_heart_rate,hrv,performance_score
athlete_001,2025-01-06,7.11,5.8,171.6,3.7,7.1,54.0,88.3,78.37
athlete_001,2025-01-07,6.59,5.0,110.4,4.7,5.1,58.9,79.8,71.48
athlete_001,2025-01-08,6.87,4.7,162.4,5.2,4.7,59.8,78.6,71.99
athlete_001,2025-01-09,6.54,3.8,111.6,6.1,4.1,60.1,76.3,66.64
athlete_001,2025-01-10,7.73,7.3,190.8,3.3,7.5,58.6,80.9,81.97
athlete_001,2025-01-11,7.14,5.8,154.3,4.9,5.7,60.0,79.0,69.18
athlete_001,2025-01-12,6.93,5.5,25.5,3.7,6.2,61.4,77.0,69.95
athlete_001,2025-01-13,7.56,6.7,204.9,3.9,6.4,59.2,80.9,80.54
athlete_001,2025-01-14,6.86,5.4,99.8,2.8,6.9,58.5,83.0,76.46
athlete_001,2025-01-15,6.94,5.6,189.2,4.5,5.4,58.1,77.9,69.21
athlete_001,2025-01-16,7.32,6.5,117.9,3.6,6.7,58.9,84.1,77.17
athlete_001,2025-01-17,6.74,5.1,220.7,2.6,6.1,56.3,83.7,75.28
athlete_001,2025-01-18,7.64,5.9,182.4,3.9,5.9,58.3,77.9,79.18
athlete_001,2025-01-19,7.25,5.4,22.1,4.5,5.3,56.9,79.8,74.43
athlete_001,2025-01-20,6.76,4.1,224.3,5.5,4.6,60.6,77.2,72.0
athlete_001,2025-01-21,6.25,3.7,111.6,5.4,3.0,59.4,73.8,67.36
athlete_001,2025-01-22,6.91,6.2,189.3,2.9,8.6,59.4,89.0,84.1
athlete_001,2025-01-23,7.75,6.8,102.9,2.2,7.8,56.2,83.2,86.71
athlete_001,2025-01-24,6.63,4.1,237.8,4.1,5.8,58.7,78.6,73.37
athlete_001,2025-01-25,6.58,4.5,184.8,3.9,5.1,58.5,85.9,75.37
athlete_001,2025-01-26,7.22,5.4,26.0,5.0,5.3,59.7,76.0,71.28
athlete_001,2025-01-27,7.53,7.6,107.5,3.0,8.0,57.9,82.9,87.88
athlete_001,2025-01-28,7.95,7.3,61.9,3.5,6.7,59.6,84.7,75.13
athlete_001,2025-01-29,6.82,4.6,131.4,5.4,3.7,62.0,73.7,69.75
athlete_001,2025-01-30,7.2,6.2,62.7,3.7,6.8,60.0,82.5,70.14
athlete_001,2025-01-31,6.75,5.1,130.8,3.1,5.7,57.1,85.4,75.14
athlete_001,2025-02-01,7.88,7.2,87.8,3.5,6.9,59.2,83.6,79.31
athlete_001,2025-02-02,6.72,5.5,16.9,3.6,7.4,57.8,90.9,73.46
athlete_001,2025-02-03,7.32,7.0,196.3,2.1,7.7,57.4,84.3,72.99
athlete_001,2025-02-04,7.19,5.8,95.4,2.8,6.0,56.6,78.1,83.98
athlete_001,2025-02-05,8.48,9.7,149.5,2.9,9.7,54.1,85.7,95.64
athlete_001,2025-02-06,7.71,6.9,93.5,3.7,6.4,56.7,82.9,77.75
athlete_001,2025-02-07,6.89,5.7,205.4,4.1,6.0,60.1,81.0,75.45
athlete_001,2025-02-08,7.5,6.4,150.3,3.5,7.0,61.1,88.1,76.88
athlete_001,2025-02-09,7.07,5.4,23.0,5.4,5.4,56.9,81.1,68.55
athlete_001,2025-02-10,7.19,5.6,201.4,4.3,5.8,58.4,79.6,80.03
athlete_001,2025-02-11,7.31,6.2,70.7,4.0,6.3,57.8,75.0,82.64
athlete_001,2025-02-12,6.87,5.1,151.5,4.8,5.8,57.5,77.6,75.35
athlete_001,2025-02-13,7.21,6.4,134.6,5.1,5.6,60.0,81.7,74.93
athlete_001,2025-02-14,6.33,4.8,204.2,5.1,5.1,60.0,80.4,77.48
athlete_001,2025-02-15,7.42,5.9,171.7,2.9,7.3,56.9,88.5,77.72
athlete_001,2025-02-16,6.45,4.3,24.5,4.4,5.2,60.1,82.0,62.96
athlete_001,2025-02-17,7.42,7.0,231.9,4.1,7.2,55.1,79.0,73.97
athlete_001,2025-02-18,7.55,5.7,125.9,4.6,5.8,60.2,83.9,75.84
athlete_001,2025-02-19,7.25,6.0,200.8,3.5,6.1,58.9,85.1,76.62
athlete_001,2025-02-20,6.8,5.5,137.5,3.9,6.5,60.6,79.4,78.51
athlete_001,2025-02-21,8.31,6.8,257.0,4.9,6.3,55.8,86.4,78.23
athlete_001,2025-02-22,6.71,4.6,191.3,3.2,6.1,58.0,81.4,75.45
athlete_001,2025-02-23,7.57,6.6,24.2,2.5,7.6,58.3,86.3,83.72
athlete_001,2025-02-24,6.63,4.6,129.6,4.9,4.5,60.6,79.6,71.5
athlete_001,2025-02-25,7.65,5.2,58.4,4.1,4.4,56.2,76.4,69.83
athlete_001,2025-02-26,7.38,6.8,119.5,3.8,7.4,60.1,81.7,80.55
athlete_001,2025-02-27,6.53,4.7,59.2,3.4,6.7,57.6,83.7,71.17
athlete_001,2025-02-28,7.7,6.8,137.8,3.0,7.4,53.9,87.8,79.54
athlete_001,2025-03-01,7.6,6.5,81.2,3.4,7.7,57.7,85.0,79.82
athlete_001,2025-03-02,6.92,6.0,13.5,4.5,6.0,58.7,80.1,80.92
athlete_001,2025-03-03,7.44,7.0,254.0,3.4,7.4,55.3,85.4,79.69
athlete_001,2025-03-04,6.41,4.8,87.5,2.5,7.4,56.6,81.6,81.98
athlete_001,2025-03-05,6.95,5.3,156.4,4.2,5.5,58.8,82.4,77.43
athlete_001,2025-03-06,8.64,7.8,91.6,4.0,7.7,59.3,85.1,82.57
athlete_001,2025-03-07,7.63,6.2,207.9,3.2,7.1,58.3,87.6,78.87
athlete_001,2025-03-08,7.76,5.5,158.5,3.9,5.1,57.5,75.4,78.9
athlete_001,2025-03-09,6.47,3.3,29.4,3.7,5.2,57.9,88.3,69.21
athlete_001,2025-03-10,7.32,6.6,225.4,2.8,7.6,57.3,86.3,83.89
athlete_001,2025-03-11,7.87,5.6,93.7,5.1,5.4,57.7,84.6,78.83
athlete_001,2025-03-12,6.96,5.1,175.8,5.5,4.0,62.6,75.8,67.58
athlete_001,2025-03-13,7.84,6.8,117.5,2.8,6.8,58.8,76.4,74.4
athlete_001,2025-03-14,7.02,5.3,200.7,4.5,4.9,59.1,79.7,74.95
athlete_001,2025-03-15,7.37,6.0,170.4,4.7,5.3,62.7,78.8,71.36
athlete_001,2025-03-16,6.89,5.7,24.4,3.3,6.1,58.8,81.6,79.24
athlete_001,2025-03-17,6.87,5.8,243.5,3.9,5.9,59.1,75.0,76.02
athlete_001,2025-03-18,6.32,5.4,95.4,4.5,5.4,61.9,76.5,64.24
athlete_001,2025-03-19,6.65,5.6,167.5,3.9,5.2,62.3,75.2,74.36
athlete_001,2025-03-20,7.55,7.7,139.3,3.1,7.7,55.0,78.7,80.61
athlete_001,2025-03-21,6.15,4.7,256.2,4.4,4.8,59.2,81.3,68.81
athlete_001,2025-03-22,7.2,4.3,176.1,5.2,4.2,61.4,73.4,63.89
athlete_001,2025-03-23,6.56,5.6,30.7,3.8,6.6,59.7,77.0,74.07
athlete_001,2025-03-24,6.74,5.3,126.6,4.6,5.9,59.0,76.4,70.08
athlete_001,2025-03-25,8.28,6.3,42.8,5.5,5.5,55.8,79.3,74.11
athlete_001,2025-03-26,7.42,5.1,95.0,4.4,5.6,59.4,88.2,73.06
athlete_001,2025-03-27,6.18,4.5,64.7,4.4,5.1,58.5,84.8,77.03
athlete_001,2025-03-28,7.31,5.3,114.1,4.4,5.5,58.6,85.1,68.07
athlete_001,2025-03-29,7.25,6.3,93.0,3.0,7.3,54.1,78.4,77.78
athlete_001,2025-03-30,7.32,5.5,11.4,4.2,6.2,55.3,85.1,83.04
athlete_001,2025-03-31,7.22,6.5,213.6,3.6,6.7,57.9,87.8,74.02
athlete_001,2025-04-01,7.94,6.3,91.7,4.5,6.2,56.9,83.7,79.94
athlete_001,2025-04-02,7.0,4.6,129.1,3.0,5.9,55.6,80.1,78.56
athlete_001,2025-04-03,7.41,7.2,103.0,3.0,8.0,55.3,81.1,81.51
athlete_001,2025-04-04,7.64,5.9,228.7,3.8,5.7,57.5,82.2,70.19
athlete_001,2025-04-05,6.67,5.2,162.7,3.9,4.6,60.8,71.6,68.25
athlete_001,2025-04-06,7.5,5.3,31.2,4.6,5.5,57.0,81.8,75.48
athlete_001,2025-04-07,7.22,6.2,208.7,4.4,4.7,60.1,74.4,76.67
athlete_001,2025-04-08,6.33,5.1,116.7,3.4,6.3,60.2,86.2,74.12
athlete_001,2025-04-09,7.01,4.9,165.8,4.2,5.9,62.2,86.1,71.46
athlete_001,2025-04-10,7.27,6.3,122.8,4.9,6.1,60.4,81.5,76.91
athlete_001,2025-04-11,6.82,4.4,175.1,4.4,5.5,62.3,84.5,73.57
athlete_001,2025-04-12,7.26,5.1,183.4,4.3,4.7,59.8,80.0,72.0
athlete_001,2025-04-13,7.27,5.1,27.6,6.0,4.2,60.8,76.7,64.99
athlete_001,2025-04-14,6.67,5.7,219.6,3.4,6.1,59.1,74.5,79.32
athlete_001,2025-04-15,6.96,4.5,120.6,5.3,4.7,58.4,78.4,74.46
athlete_001,2025-04-16,6.51,4.7,220.2,4.1,4.9,59.8,77.8,72.5
athlete_001,2025-04-17,7.42,5.9,109.7,3.9,5.7,59.1,81.9,73.87
athlete_001,2025-04-18,6.24,3.9,273.7,3.2,5.2,59.0,79.8,76.54
athlete_001,2025-04-19,7.85,5.6,112.3,5.0,4.7,59.4,76.1,70.55
athlete_001,2025-04-20,6.59,5.4,34.2,6.0,4.5,61.1,80.9,70.04
athlete_001,2025-04-21,7.0,3.9,131.6,7.1,2.4,63.2,72.2,66.05
athlete_001,2025-04-22,7.14,5.8,60.5,4.4,5.9,59.4,73.3,71.39
athlete_001,2025-04-23,7.26,5.5,90.7,4.0,5.5,59.6,76.6,72.35
athlete_001,2025-04-24,6.66,5.6,65.4,4.0,4.8,58.3,73.9,71.92
athlete_001,2025-04-25,7.24,6.1,128.1,3.9,5.6,59.4,77.9,71.58
athlete_001,2025-04-26,6.81,3.5,96.4,4.8,4.0,56.0,76.4,65.74
athlete_001,2025-04-27,7.94,6.6,16.5,3.4,6.6,54.9,87.1,80.11
athlete_001,2025-04-28,8.26,7.1,205.9,3.2,6.8,59.1,85.8,78.7
athlete_001,2025-04-29,7.63,7.1,84.7,3.1,8.3,55.7,88.0,88.02
athlete_001,2025-04-30,5.96,3.7,188.1,5.0,3.8,58.3,77.1,65.92
athlete_001,2025-05-01,7.47,6.1,130.1,3.9,6.6,58.0,82.1,81.73
athlete_001,2025-05-02,7.47,5.4,254.2,4.3,6.2,58.4,84.2,76.51
athlete_001,2025-05-03,7.69,6.3,166.3,4.9,4.4,58.9,80.6,73.83
athlete_001,2025-05-04,7.69,7.2,14.9,3.0,8.3,55.7,81.2,80.87
athlete_001,2025-05-05,7.4,7.0,271.0,4.2,6.5,58.9,77.2,77.98
athlete_002,2025-01-06,7.8,6.7,279.2,3.5,7.6,46.6,75.2,70.5
athlete_002,2025-01-07,7.58,4.5,114.7,5.1,4.3,56.3,69.1,64.11
athlete_002,2025-01-08,7.26,4.9,209.0,4.7,5.6,56.3,73.1,69.56
athlete_002,2025-01-09,7.85,6.0,148.8,4.7,5.4,54.5,72.5,63.9
athlete_002,2025-01-10,7.41,5.6,286.6,4.7,5.3,55.3,67.7,65.97
athlete_002,2025-01-11,6.93,3.4,182.0,5.6,3.0,54.2,61.8,55.47
athlete_002,2025-01-12,7.58,5.7,36.2,4.8,4.1,55.0,71.2,61.65
athlete_002,2025-01-13,7.59,6.6,224.1,3.9,6.0,54.4,73.0,69.19
athlete_002,2025-01-14,8.16,6.4,135.9,3.8,5.9,53.0,76.6,70.94
athlete_002,2025-01-15,7.16,4.9,286.0,4.0,4.8,52.0,73.1,64.44
athlete_002,2025-01-16,7.66,7.5,134.7,3.9,7.2,50.7,77.1,73.35
athlete_002,2025-01-17,7.36,6.3,321.1,4.6,5.4,53.1,73.7,66.01
athlete_002,2025-01-18,8.21,6.3,195.4,4.7,5.4,53.3,67.0,61.12
athlete_002,2025-01-19,8.24,8.3,35.2,4.3,7.5,51.8,77.6,72.95
athlete_002,2025-01-20,7.62,5.7,334.4,4.1,5.9,50.5,66.5,65.53
athlete_002,2025-01-21,7.95,6.3,141.2,4.3,6.9,52.2,75.7,71.91
athlete_002,2025-01-22,7.87,6.0,308.7,5.5,4.4,55.4,70.4,65.91
athlete_002,2025-01-23,8.37,7.5,138.9,3.7,6.4,54.9,72.5,70.65
athlete_002,2025-01-24,8.08,6.1,335.8,4.5,5.6,54.3,67.3,67.02
athlete_002,2025-01-25,7.4,5.4,213.8,4.3,4.9,57.2,68.8,57.07
athlete_002,2025-01-26,7.19,6.2,37.0,4.0,6.1,53.4,74.5,68.09
athlete_002,2025-01-27,8.44,5.4,177.3,4.3,5.5,49.7,70.6,69.06
athlete_002,2025-01-28,8.21,7.4,90.6,3.7,7.3,52.1,77.7,70.75
athlete_002,2025-01-29,7.54,6.6,168.9,4.2,5.7,48.9,66.6,65.87
athlete_002,2025-01-30,7.37,5.8,90.6,2.5,6.5,54.8,81.8,68.21
athlete_002,2025-01-31,7.89,6.4,161.2,2.3,6.8,50.4,71.2,71.96
athlete_002,2025-02-01,6.8,5.3,138.3,4.2,5.5,51.5,72.8,59.42
athlete_002,2025-02-02,7.94,6.3,22.5,3.9,6.2,53.5,78.3,69.65
athlete_002,2025-02-03,6.61,3.6,356.1,5.3,2.7,55.6,65.1,52.19
athlete_002,2025-02-04,7.19,4.9,145.2,4.1,6.3,51.7,68.1,67.37
athlete_002,2025-02-05,7.52,5.5,278.0,3.8,4.9,48.1,67.7,57.27
athlete_002,2025-02-06,7.19,5.5,129.2,5.6,4.0,55.3,70.1,63.17
athlete_002,2025-02-07,7.94,6.8,327.9,3.7,5.9,51.4,69.3,69.43
athlete_002,2025-02-08,7.59,6.3,222.0,4.0,6.7,54.5,76.3,65.95
athlete_002,2025-02-09,8.1,6.5,45.3,4.2,5.8,52.4,65.7,61.91
athlete_002,2025-02-10,6.7,4.2,338.7,6.0,3.7,54.7,62.6,57.66
athlete_002,2025-02-11,8.07,6.5,175.4,4.2,5.9,54.6,70.0,67.49
athlete_002,2025-02-12,7.67,5.9,237.4,5.2,4.8,57.1,73.4,65.53
athlete_002,2025-02-13,7.11,6.0,146.5,4.6,6.0,54.8,68.0,58.81
athlete_002,2025-02-14,7.33,5.2,240.1,5.2,5.6,52.8,67.5,67.38
athlete_002,2025-02-15,7.32,4.2,228.9,4.1,3.9,54.2,73.0,59.08
athlete_002,2025-02-16,7.69,4.9,34.1,3.6,5.4,53.6,75.2,57.23
athlete_002,2025-02-17,5.75,2.8,279.9,5.4,2.6,53.8,67.1,55.88
athlete_002,2025-02-18,7.01,4.5,162.4,6.1,3.4,53.0,70.0,56.45
athlete_002,2025-02-19,7.95,7.4,275.7,2.9,7.3,52.2,69.2,75.9
athlete_002,2025-02-20,8.16,7.0,128.5,3.5,7.2,53.0,80.1,74.9
athlete_002,2025-02-21,7.12,5.5,439.6,4.1,4.9,54.3,68.3,72.54
athlete_002,2025-02-22,8.01,6.2,244.2,4.3,5.2,53.9,72.0,67.17
athlete_002,2025-02-23,7.1,4.5,51.0,5.2,3.8,54.6,65.8,62.32
athlete_002,2025-02-24,7.06,4.9,141.9,5.4,5.0,53.4,71.3,66.05
athlete_002,2025-02-25,7.56,4.5,70.1,5.1,4.5,53.7,70.8,62.72
athlete_002,2025-02-26,7.92,4.0,161.2,5.5,2.9,53.1,69.4,58.41
athlete_002,2025-02-27,7.98,6.3,107.5,3.0,6.8,49.8,81.1,72.72
athlete_002,2025-02-28,7.46,4.8,145.0,6.0,4.2,55.6,62.5,59.2
athlete_002,2025-03-01,7.37,6.3,129.2,3.5,6.5,52.1,75.8,70.86
athlete_002,2025-03-02,6.34,4.4,22.2,5.7,4.7,56.0,64.3,62.41
athlete_002,2025-03-03,7.59,6.0,322.7,3.4,6.7,51.1,80.4,63.52
athlete_002,2025-03-04,7.75,6.2,151.9,4.8,5.0,52.3,68.2,59.27
athlete_002,2025-03-05,7.34,3.8,258.4,4.0,4.5,50.6,75.8,63.4
athlete_002,2025-03-06,7.13,4.8,125.6,5.7,3.8,58.3,72.6,57.98
athlete_002,2025-03-07,7.39,5.2,289.8,4.5,6.0,55.6,70.1,66.22
athlete_002,2025-03-08,7.93,5.6,259.4,4.8,5.7,52.3,72.1,66.36
athlete_002,2025-03-09,6.91,4.2,31.9,3.4,5.1,53.4,74.8,55.75
athlete_002,2025-03-10,8.67,6.3,296.5,4.2,6.4,51.9,79.4,72.18
athlete_002,2025-03-11,7.82,5.4,147.1,4.8,4.9,55.2,65.3,64.48
athlete_002,2025-03-12,7.13,4.5,244.3,4.5,4.6,53.5,65.3,58.18
athlete_002,2025-03-13,7.39,5.5,171.8,3.4,5.7,54.8,73.4,68.96
athlete_002,2025-03-14,8.55,7.0,236.6,4.5,6.7,53.3,74.1,63.57
athlete_002,2025-03-15,7.01,5.6,179.0,4.8,4.2,54.2,61.1,52.38
athlete_002,2025-03-16,7.3,6.1,38.5,4.2,4.6,55.0,70.4,66.89
athlete_002,2025-03-17,8.01,5.5,339.1,4.5,5.5,56.0,68.7,60.05
athlete_002,2025-03-18,7.03,4.9,135.1,5.8,4.6,55.6,65.8,60.27
athlete_002,2025-03-19,7.96,6.8,217.4,3.6,6.4,49.9,70.6,68.9
athlete_002,2025-03-20,7.2,5.9,138.5,3.9,5.6,54.5,70.3,67.03
athlete_002,2025-03-21,7.26,5.5,299.2,3.1,6.6,50.5,73.4,63.35
athlete_002,2025-03-22,7.7,5.9,235.7,4.3,5.6,51.2,66.3,70.1
athlete_002,2025-03-23,8.04,6.0,30.4,4.9,5.2,54.4,68.2,59.56
athlete_002,2025-03-24,6.73,4.0,128.8,5.4,3.5,52.8,61.6,55.24
athlete_002,2025-03-25,7.64,5.9,89.6,4.5,5.3,55.1,68.1,69.52
athlete_002,2025-03-26,7.69,7.4,179.4,2.7,7.6,51.6,76.6,72.38
athlete_002,2025-03-27,7.6,6.1,96.7,3.8,7.7,50.7,75.3,65.09
athlete_002,2025-03-28,8.02,6.7,194.2,3.4,6.9,52.6,79.0,75.64
athlete_002,2025-03-29,7.43,5.7,95.2,5.6,4.8,51.8,66.0,62.92
athlete_002,2025-03-30,6.45,4.8,24.2,4.7,3.9,52.9,69.0,61.3
athlete_002,2025-03-31,6.76,4.9,205.3,4.0,5.3,51.6,76.3,59.29
athlete_002,2025-04-01,7.66,5.4,129.8,4.9,5.1,51.9,66.3,57.12
athlete_002,2025-04-02,8.89,6.9,274.0,4.0,7.5,50.6,82.6,70.27
athlete_002,2025-04-03,7.67,5.5,154.8,4.3,5.4,52.4,66.5,66.99
athlete_002,2025-04-04,8.39,7.6,293.3,2.8,7.1,49.7,75.6,70.42
athlete_002,2025-04-05,6.89,4.8,199.8,5.5,4.0,54.0,67.6,63.33
athlete_002,2025-04-06,6.99,5.2,35.3,3.2,5.8,50.6,73.5,74.44
athlete_002,2025-04-07,6.87,4.6,240.2,4.4,4.6,53.7,61.6,68.47
athlete_002,2025-04-08,7.99,6.0,137.2,4.6,5.7,52.0,63.6,65.97
athlete_002,2025-04-09,7.13,4.8,231.8,4.5,5.1,54.7,64.8,58.32
athlete_002,2025-04-10,7.72,5.2,145.7,6.2,4.1,53.2,65.7,60.79
athlete_002,2025-04-11,7.36,4.6,313.2,4.5,4.1,52.8,73.2,61.18
athlete_002,2025-04-12,7.19,5.9,202.2,4.8,5.4,55.3,63.8,61.79
athlete_002,2025-04-13,7.12,5.5,36.8,4.8,4.6,52.8,66.6,60.63
athlete_002,2025-04-14,8.35,7.9,359.8,4.7,6.2,51.1,72.5,67.56
athlete_002,2025-04-15,7.05,5.3,140.5,3.7,5.2,51.6,73.2,74.67
athlete_002,2025-04-16,6.72,5.6,261.5,4.6,4.3,56.3,68.8,63.21
athlete_002,2025-04-17,7.59,5.1,143.5,6.0,4.5,51.2,63.5,65.31
athlete_002,2025-04-18,7.93,7.3,375.9,3.1,7.5,49.8,73.5,72.54
athlete_002,2025-04-19,7.28,5.2,182.7,4.5,4.9,53.9,66.7,64.77
athlete_002,2025-04-20,7.56,4.6,39.9,4.3,4.8,54.3,70.5,66.31
athlete_002,2025-04-21,7.97,6.8,137.2,2.9,7.4,52.3,72.8,75.95
athlete_002,2025-04-22,6.44,5.0,90.7,3.9,4.7,55.1,72.2,65.58
athlete_002,2025-04-23,6.77,4.1,171.9,5.5,3.1,55.5,67.7,58.86
athlete_002,2025-04-24,7.68,5.8,100.0,4.1,5.3,54.4,69.8,65.89
athlete_002,2025-04-25,7.11,4.6,206.7,2.8,5.4,51.8,69.7,68.03
athlete_002,2025-04-26,7.34,5.9,122.2,4.3,5.5,53.3,69.2,69.49
athlete_002,2025-04-27,8.25,6.7,24.5,2.6,7.6,52.0,81.7,74.08
athlete_002,2025-04-28,7.33,5.6,281.7,4.2,5.2,53.0,71.0,59.37
athlete_002,2025-04-29,8.33,8.6,120.6,2.4,8.8,52.3,72.3,83.17
athlete_002,2025-04-30,6.45,4.6,237.5,4.1,4.3,51.4,70.5,63.23
athlete_002,2025-05-01,7.06,4.1,169.3,3.5,4.2,52.0,70.1,63.8
athlete_002,2025-05-02,7.42,6.6,285.3,3.3,7.0,53.2,72.5,67.01
athlete_002,2025-05-03,7.18,5.4,214.4,4.6,5.4,52.7,70.9,54.66
athlete_002,2025-05-04,7.71,7.6,43.1,1.8,7.6,50.4,71.4,78.18
athlete_002,2025-05-05,7.24,4.2,233.5,5.4,4.2,53.5,64.4,62.62
athlete_003,2025-01-06,6.96,5.0,273.4,3.6,5.8,47.1,74.1,59.44
athlete_003,2025-01-07,6.44,3.9,81.0,4.4,5.0,54.0,64.4,60.56
athlete_003,2025-01-08,7.43,6.5,205.2,2.7,6.5,50.5,77.9,67.98
athlete_003,2025-01-09,7.06,5.0,111.2,4.4,5.0,53.5,67.8,62.61
athlete_003,2025-01-10,8.02,6.5,236.7,3.7,7.3,51.3,75.5,64.78
athlete_003,2025-01-11,7.97,8.0,185.1,2.5,7.8,51.8,77.8,73.98
athlete_003,2025-01-12,7.47,6.2,29.0,3.4,5.6,51.0,71.3,67.03
athlete_003,2025-01-13,8.04,6.6,256.5,4.0,6.3,51.9,76.7,64.62
athlete_003,2025-01-14,7.29,6.1,145.7,3.3,6.8,51.7,70.2,66.06
athlete_003,2025-01-15,7.63,4.9,181.4,5.0,4.4,55.7,74.4,65.57
athlete_003,2025-01-16,7.19,5.9,128.0,3.8,5.5,52.7,73.8,64.16
athlete_003,2025-01-17,6.97,6.1,249.1,2.8,6.7,47.2,75.9,72.27
athlete_003,2025-01-18,7.14,5.2,167.4,4.7,5.2,54.4,69.6,58.62
athlete_003,2025-01-19,7.72,7.0,32.5,4.7,5.5,51.0,68.5,66.77
athlete_003,2025-01-20,6.89,5.6,267.3,4.0,7.2,50.3,76.9,68.0
athlete_003,2025-01-21,6.6,4.6,129.1,3.6,6.0,50.6,67.5,64.16
athlete_003,2025-01-22,7.47,6.5,229.3,3.7,6.4,51.6,76.4,66.08
athlete_003,2025-01-23,7.74,6.9,109.4,2.3,7.7,48.3,77.8,64.74
athlete_003,2025-01-24,7.61,5.1,234.3,4.5,5.5,52.7,76.5,63.25
athlete_003,2025-01-25,7.85,6.6,175.9,3.6,6.9,52.6,75.8,69.52
athlete_003,2025-01-26,6.9,3.7,36.0,4.7,3.0,55.4,72.1,53.17
athlete_003,2025-01-27,7.27,6.5,155.3,3.8,6.4,50.1,71.3,68.43
athlete_003,2025-01-28,7.48,5.9,72.0,4.6,5.5,51.5,73.6,64.06
athlete_003,2025-01-29,7.46,5.2,135.1,4.3,5.3,51.7,74.0,70.31
athlete_003,2025-01-30,8.09,6.7,69.5,4.0,6.4,54.2,75.4,63.63
athlete_003,2025-01-31,7.98,6.7,142.1,3.9,6.2,52.6,76.2,76.1
athlete_003,2025-02-01,7.34,5.5,110.0,3.0,6.2,51.7,75.7,65.31
athlete_003,2025-02-02,7.21,6.2,20.2,2.7,6.6,50.5,79.2,68.46
athlete_003,2025-02-03,7.22,6.7,208.8,3.0,7.7,50.7,79.7,78.68
athlete_003,2025-02-04,7.34,5.5,87.2,3.2,5.6,48.5,75.8,66.29
athlete_003,2025-02-05,7.74,6.5,200.6,4.2,6.5,50.2,83.1,60.7
athlete_003,2025-02-06,7.85,6.9,105.2,2.5,8.1,48.7,86.2,75.89
athlete_003,2025-02-07,7.74,6.7,212.5,3.1,7.2,47.2,76.9,69.27
athlete_003,2025-02-08,7.47,6.0,152.9,3.7,6.0,52.3,78.8,64.88
athlete_003,2025-02-09,7.08,5.5,31.5,4.8,5.9,53.9,76.6,60.86
athlete_003,2025-02-10,7.45,5.4,241.1,4.0,5.3,48.9,75.1,64.11
athlete_003,2025-02-11,7.8,6.7,104.2,3.2,7.2,51.5,84.5,72.18
athlete_003,2025-02-12,8.57,7.0,182.3,3.1,7.3,48.3,78.7,68.48
athlete_003,2025-02-13,6.76,3.5,121.0,5.4,3.1,54.8,71.7,49.69
athlete_003,2025-02-14,8.11,5.9,228.8,4.2,4.7,51.2,77.8,67.64
athlete_003,2025-02-15,7.48,6.2,152.7,4.7,4.8,53.5,64.1,62.91
athlete_003,2025-02-16,7.77,6.2,30.7,4.8,5.2,51.6,67.1,64.84
athlete_003,2025-02-17,7.86,6.1,219.2,4.6,6.7,46.9,69.6,64.86
athlete_003,2025-02-18,7.22,5.6,91.9,5.3,5.0,53.4,72.7,64.22
athlete_003,2025-02-19,6.43,4.4,279.2,5.0,4.0,55.0,74.3,62.34
athlete_003,2025-02-20,6.47,3.1,146.2,6.8,1.6,54.9,63.7,39.53
athlete_003,2025-02-21,7.06,6.1,249.4,4.8,5.6,53.3,75.4,67.0
athlete_003,2025-02-22,7.14,5.0,192.7,5.8,4.1,54.9,67.7,65.89
athlete_003,2025-02-23,7.99,6.8,31.8,5.0,5.8,52.5,64.6,56.81
athlete_003,2025-02-24,7.95,5.7,167.2,4.5,5.6,49.4,75.0,62.85
athlete_003,2025-02-25,7.37,5.2,68.7,6.7,3.6,55.4,73.7,50.15
athlete_003,2025-02-26,6.75,4.4,120.8,5.0,4.7,52.0,75.7,62.3
athlete_003,2025-02-27,7.62,5.3,79.7,4.0,5.9,47.5,76.0,69.35
athlete_003,2025-02-28,6.65,4.0,176.3,5.4,4.6,53.8,79.0,62.86
athlete_003,2025-03-01,8.1,6.3,100.2,3.3,7.5,49.7,77.5,69.18
athlete_003,2025-03-02,7.07,5.3,13.1,4.2,5.7,51.0,73.4,57.99
athlete_003,2025-03-03,7.13,4.4,215.1,4.2,4.9,52.0,78.7,53.2
athlete_003,2025-03-04,8.03,6.7,118.9,2.4,7.5,47.1,78.6,69.39
athlete_003,2025-03-05,8.16,7.1,213.5,3.5,6.2,48.9,75.0,69.42
athlete_003,2025-03-06,7.64,6.3,114.5,2.1,6.4,52.0,73.2,72.97
athlete_003,2025-03-07,7.27,6.2,278.2,3.5,6.2,47.5,68.6,71.99
athlete_003,2025-03-08,8.01,7.5,160.6,4.6,7.5,51.2,73.9,64.74
athlete_003,2025-03-09,7.66,6.1,33.6,3.5,6.4,49.6,72.2,70.4
athlete_003,2025-03-10,7.77,5.5,237.0,4.2,6.8,52.8,77.4,65.8
athlete_003,2025-03-11,7.71,5.3,108.8,5.1,4.4,52.0,74.2,59.52
athlete_003,2025-03-12,6.9,3.5,211.6,5.2,2.9,50.3,65.7,54.22
athlete_003,2025-03-13,7.14,5.3,107.7,3.7,5.5,54.0,76.2,62.49
athlete_003,2025-03-14,7.68,5.3,238.1,4.7,4.9,52.5,65.8,64.69
athlete_003,2025-03-15,6.57,4.0,172.0,6.1,3.1,54.6,66.9,54.81
athlete_003,2025-03-16,7.15,5.2,34.6,5.6,4.1,52.3,72.8,62.91
athlete_003,2025-03-17,6.29,4.0,319.1,4.0,4.6,54.6,73.4,63.34
athlete_003,2025-03-18,7.65,6.3,127.6,5.6,4.9,54.1,73.7,59.89
athlete_003,2025-03-19,7.83,6.1,264.2,4.5,6.4,51.5,73.3,68.59
athlete_003,2025-03-20,8.41,6.7,104.6,4.4,6.8,49.1,81.4,68.69
athlete_003,2025-03-21,6.9,5.2,251.4,5.4,4.4,54.9,70.0,59.28
athlete_003,2025-03-22,6.67,5.3,209.8,3.8,5.6,54.0,73.4,62.62
athlete_003,2025-03-23,7.12,5.0,36.0,4.5,4.7,56.2,65.5,54.65
athlete_003,2025-03-24,6.34,4.6,140.3,4.1,5.0,52.7,63.2,65.62
athlete_003,2025-03-25,7.43,6.4,80.1,4.5,5.3,54.6,77.4,65.4
athlete_003,2025-03-26,8.09,8.6,130.1,2.5,8.7,50.7,84.2,76.47
athlete_003,2025-03-27,7.17,6.6,77.6,3.1,7.1,52.6,72.9,68.58
athlete_003,2025-03-28,7.98,6.4,154.4,4.3,6.2,53.3,76.6,63.83
athlete_003,2025-03-29,7.8,5.1,132.3,4.4,5.5,50.0,79.2,57.19
athlete_003,2025-03-30,8.44,7.3,20.9,3.3,7.0,49.6,83.6,67.4
athlete_003,2025-03-31,6.72,3.8,223.9,4.3,4.1,52.7,71.4,50.16
athlete_003,2025-04-01,8.04,6.1,100.7,3.9,5.6,53.1,74.4,71.03
athlete_003,2025-04-02,7.57,7.0,204.4,3.3,6.8,52.7,73.9,69.22
athlete_003,2025-04-03,7.5,6.5,105.5,4.1,6.0,53.3,73.6,68.69
athlete_003,2025-04-04,7.35,4.9,222.4,4.5,5.1,50.4,78.4,67.94
athlete_003,2025-04-05,8.7,6.5,159.0,4.6,5.8,48.3,80.4,66.88
athlete_003,2025-04-06,6.87,4.8,27.8,4.5,4.2,53.1,68.5,58.34
athlete_003,2025-04-07,7.64,6.0,199.5,3.7,5.8,50.5,75.7,68.44
athlete_003,2025-04-08,7.83,6.2,135.0,3.7,6.7,51.4,81.6,62.21
athlete_003,2025-04-09,7.1,5.4,220.7,5.3,4.6,52.0,65.4,54.27
athlete_003,2025-04-10,6.12,2.7,122.0,5.5,2.6,52.5,67.5,57.31
athlete_003,2025-04-11,7.42,5.7,280.0,4.7,4.8,51.2,75.3,65.52
athlete_003,2025-04-12,7.24,5.5,203.3,4.8,5.2,48.7,72.3,62.08
athlete_003,2025-04-13,6.77,4.7,34.1,4.5,4.7,53.2,71.4,63.5
athlete_003,2025-04-14,8.16,5.5,219.3,4.3,5.2,51.8,73.1,61.0
athlete_003,2025-04-15,6.36,2.9,118.2,6.1,2.5,52.6,72.9,52.17
athlete_003,2025-04-16,7.51,7.6,208.7,3.4,7.4,53.6,72.3,68.15
athlete_003,2025-04-17,7.86,6.4,103.5,5.3,5.7,52.0,71.6,65.81
athlete_003,2025-04-18,7.82,7.4,250.7,2.9,7.9,48.8,79.3,75.54
athlete_003,2025-04-19,6.66,4.6,205.9,3.8,4.5,54.2,70.0,54.25
athlete_003,2025-04-20,7.67,6.2,39.8,5.2,5.1,53.7,71.1,61.28
athlete_003,2025-04-21,7.08,5.3,187.1,4.8,4.8,51.2,76.8,63.54
athlete_003,2025-04-22,7.43,5.5,76.7,4.6,4.9,52.1,70.9,67.64
athlete_003,2025-04-23,7.35,6.6,122.0,3.4,6.5,52.2,77.4,70.17
athlete_003,2025-04-24,8.1,7.3,68.4,3.7,7.1,48.7,74.2,76.08
athlete_003,2025-04-25,6.7,4.4,114.2,4.2,4.4,51.4,71.2,59.85
athlete_003,2025-04-26,8.25,7.9,98.3,2.6,8.1,50.4,74.8,76.26
athlete_003,2025-04-27,7.53,7.2,16.2,3.6,7.9,53.0,71.2,66.84
athlete_003,2025-04-28,6.89,5.3,256.3,4.3,5.5,51.0,75.9,65.3
athlete_003,2025-04-29,8.16,7.1,110.6,3.8,6.2,51.4,75.1,66.37
athlete_003,2025-04-30,7.92,6.1,184.5,4.6,5.8,53.5,79.8,62.41
athlete_003,2025-05-01,7.57,5.7,142.2,4.0,6.0,49.7,70.0,62.67
athlete_003,2025-05-02,7.02,6.0,327.1,3.1,6.6,53.4,75.8,61.16
athlete_003,2025-05-03,6.54,4.9,155.7,3.7,5.1,49.2,67.2,58.4
athlete_003,2025-05-04,7.81,6.3,31.3,4.9,5.6,54.3,72.9,65.8
athlete_003,2025-05-05,7.32,5.1,244.8,4.0,4.9,52.7,73.2,60.31
athlete_004,2025-01-06,9.06,7.4,300.7,2.3,9.0,49.6,67.7,78.43
athlete_004,2025-01-07,7.58,5.8,132.0,5.3,4.6,60.7,41.0,70.23
athlete_004,2025-01-08,7.1,4.2,333.3,6.1,2.6,59.8,47.9,54.49
athlete_004,2025-01-09,8.25,5.6,154.5,5.4,4.2,57.7,49.7,66.47
athlete_004,2025-01-10,7.42,2.8,383.9,5.3,2.9,56.9,54.9,54.38
athlete_004,2025-01-11,7.74,4.5,285.2,5.8,4.3,60.4,49.5,62.94
athlete_004,2025-01-12,7.1,4.3,45.7,5.7,2.1,60.6,38.5,52.4
athlete_004,2025-01-13,8.16,7.0,360.1,4.3,6.5,55.7,54.5,67.37
athlete_004,2025-01-14,9.15,7.2,162.4,2.9,7.8,59.1,59.5,75.41
athlete_004,2025-01-15,8.22,6.2,293.3,3.9,5.7,56.5,54.5,76.69
athlete_004,2025-01-16,7.65,4.7,174.7,5.7,4.0,57.4,48.6,66.25
athlete_004,2025-01-17,8.1,6.1,362.6,5.7,4.7,59.5,59.0,62.05
athlete_004,2025-01-18,7.98,4.4,213.9,6.7,3.9,62.9,50.3,54.29
athlete_004,2025-01-19,7.09,5.3,42.7,3.8,6.7,57.6,55.8,66.91
athlete_004,2025-01-20,8.59,6.0,336.7,4.4,6.0,56.2,59.4,61.49
athlete_004,2025-01-21,7.99,4.6,144.7,5.6,4.2,58.7,51.6,56.74
athlete_004,2025-01-22,7.96,5.8,277.2,4.5,6.0,56.0,55.0,69.29
athlete_004,2025-01-23,7.63,5.1,188.1,4.2,4.6,59.9,53.3,62.29
athlete_004,2025-01-24,8.37,6.4,378.9,4.1,6.6,59.1,60.1,67.42
athlete_004,2025-01-25,7.77,4.5,233.7,4.5,4.1,58.1,50.7,61.41
athlete_004,2025-01-26,9.38,7.3,52.8,4.5,6.6,56.4,57.1,73.52
athlete_004,2025-01-27,8.69,6.9,249.7,3.6,7.5,54.0,60.1,70.81
athlete_004,2025-01-28,7.74,6.6,95.5,2.6,7.2,55.3,53.9,70.42
athlete_004,2025-01-29,7.32,4.0,164.0,4.8,4.7,58.4,55.8,59.66
athlete_004,2025-01-30,9.3,7.0,116.0,3.2,8.0,56.9,58.7,76.77
athlete_004,2025-01-31,8.64,7.3,183.1,3.6,7.4,55.7,58.4,73.88
athlete_004,2025-02-01,8.44,7.3,124.8,3.2,7.4,57.7,62.1,76.08
athlete_004,2025-02-02,7.8,5.0,24.0,3.4,6.0,55.7,59.0,67.43
athlete_004,2025-02-03,8.08,6.0,331.8,4.1,6.4,54.4,58.9,64.96
athlete_004,2025-02-04,7.95,5.2,155.1,3.5,6.0,57.7,61.4,75.03
athlete_004,2025-02-05,7.41,4.0,274.0,6.7,3.3,58.6,50.7,56.42
athlete_004,2025-02-06,8.16,5.1,204.1,4.6,4.6,57.8,54.6,61.69
athlete_004,2025-02-07,7.32,4.4,444.2,4.0,5.1,57.5,55.7,66.74
athlete_004,2025-02-08,7.4,4.1,219.8,5.1,4.3,58.2,45.9,62.99
athlete_004,2025-02-09,8.36,4.7,47.0,4.9,4.7,59.6,54.2,64.43
athlete_004,2025-02-10,7.92,6.3,298.4,3.2,5.8,58.1,51.5,66.66
athlete_004,2025-02-11,7.48,4.8,154.9,3.4,5.2,57.5,50.8,69.17
athlete_004,2025-02-12,8.62,6.1,248.4,4.3,5.7,56.4,59.8,72.54
athlete_004,2025-02-13,8.33,6.2,185.7,4.3,5.7,59.0,53.3,67.72
athlete_004,2025-02-14,8.74,7.0,383.0,3.7,8.0,55.0,60.8,78.29
athlete_004,2025-02-15,7.02,3.0,293.0,4.9,2.7,60.0,47.9,56.11
athlete_004,2025-02-16,7.99,6.8,47.4,3.5,6.5,55.7,58.5,72.5
athlete_004,2025-02-17,8.38,5.0,401.3,5.1,4.5,60.0,50.5,64.42
athlete_004,2025-02-18,7.42,3.7,179.5,5.1,4.0,61.0,51.0,59.69
athlete_004,2025-02-19,7.59,4.8,256.4,5.5,3.7,58.6,55.8,59.72
athlete_004,2025-02-20,8.38,7.3,187.4,3.7,5.5,56.5,57.3,69.68
athlete_004,2025-02-21,8.74,6.5,356.1,3.9,5.2,57.2,54.6,64.45
athlete_004,2025-02-22,7.93,5.8,292.3,3.0,5.9,60.4,58.2,73.59
athlete_004,2025-02-23,7.01,4.4,42.1,5.7,3.4,59.5,44.9,59.28
athlete_004,2025-02-24,7.56,5.1,188.0,5.1,4.1,59.9,50.8,62.69
athlete_004,2025-02-25,8.16,5.6,101.9,6.2,4.2,63.7,53.3,64.84
athlete_004,2025-02-26,7.9,6.1,152.8,3.8,6.7,56.2,56.8,72.92
athlete_004,2025-02-27,8.88,7.5,102.3,3.4,7.5,52.5,58.8,77.03
athlete_004,2025-02-28,8.37,6.1,231.3,4.4,5.8,55.4,55.6,67.79
athlete_004,2025-03-01,8.19,5.9,114.3,3.9,5.5,55.9,58.7,62.0
athlete_004,2025-03-02,8.96,7.2,25.0,4.4,6.8,52.7,58.3,71.39
athlete_004,2025-03-03,8.46,7.1,343.2,2.7,7.3,55.1,58.9,61.94
athlete_004,2025-03-04,7.65,5.6,142.7,3.6,5.8,56.1,48.6,63.7
athlete_004,2025-03-05,8.4,6.5,296.7,2.8,6.9,55.4,60.3,66.76
athlete_004,2025-03-06,8.17,5.7,138.4,3.8,5.2,57.5,55.6,66.07
athlete_004,2025-03-07,9.06,6.4,345.5,4.5,6.0,56.4,58.7,67.64
athlete_004,2025-03-08,7.52,4.0,194.0,4.1,4.7,56.6,50.0,65.08
athlete_004,2025-03-09,7.04,4.1,37.5,4.3,4.0,58.7,55.4,64.82
athlete_004,2025-03-10,8.68,7.9,276.9,3.3,6.4,56.6,58.5,66.03
athlete_004,2025-03-11,7.5,5.1,164.4,4.1,5.4,57.5,57.7,70.14
athlete_004,2025-03-12,8.63,5.8,294.6,4.4,5.5,61.5,57.4,69.46
athlete_004,2025-03-13,6.98,4.8,216.4,5.2,3.6,58.6,50.7,61.89
athlete_004,2025-03-14,7.82,6.3,325.6,4.7,5.4,61.8,52.6,65.44
athlete_004,2025-03-15,7.81,5.9,283.4,4.4,4.7,57.5,53.0,67.71
athlete_004,2025-03-16,8.61,5.4,54.4,5.4,4.3,58.9,49.8,65.32
athlete_004,2025-03-17,7.6,4.8,358.9,3.1,6.4,57.7,63.1,62.35
athlete_004,2025-03-18,6.93,3.5,198.5,5.6,2.4,61.9,50.4,57.76
athlete_004,2025-03-19,8.63,6.3,229.3,4.6,6.3,57.2,57.6,73.88
athlete_004,2025-03-20,8.17,5.4,204.4,5.6,3.7,59.2,50.7,58.24
athlete_004,2025-03-21,8.74,6.3,357.5,4.8,5.4,59.6,58.2,69.89
athlete_004,2025-03-22,8.03,4.2,254.4,6.0,3.3,60.5,55.2,60.66
athlete_004,2025-03-23,8.45,5.5,49.3,3.8,6.0,56.2,59.9,67.43
athlete_004,2025-03-24,8.01,5.9,210.6,4.6,5.3,56.9,53.8,60.77
athlete_004,2025-03-25,7.94,4.1,85.0,5.8,4.4,56.3,51.1,60.32
athlete_004,2025-03-26,8.29,5.1,201.1,4.5,5.4,58.2,54.8,62.98
athlete_004,2025-03-27,7.93,5.6,106.5,4.5,6.1,56.7,52.6,71.04
athlete_004,2025-03-28,7.57,4.2,189.5,4.7,4.5,59.2,47.7,60.95
athlete_004,2025-03-29,8.34,5.4,144.0,4.5,4.6,57.7,56.6,64.19
athlete_004,2025-03-30,8.23,4.7,30.4,5.3,4.7,57.4,58.2,65.47
athlete_004,2025-03-31,7.9,4.7,336.4,3.5,5.7,55.7,59.0,60.09
athlete_004,2025-04-01,7.74,4.5,166.1,5.9,3.4,58.7,59.0,60.21
athlete_004,2025-04-02,8.18,6.9,253.4,3.7,6.4,59.0,58.8,79.49
athlete_004,2025-04-03,7.19,5.6,159.6,3.8,5.1,58.8,62.8,71.34
athlete_004,2025-04-04,7.02,5.0,339.2,4.9,4.8,59.7,51.4,60.1
athlete_004,2025-04-05,7.06,5.0,221.7,4.2,4.9,60.4,49.7,62.8
athlete_004,2025-04-06,7.63,5.9,43.7,4.1,5.9,57.4,61.4,64.44
athlete_004,2025-04-07,8.31,6.4,388.3,5.0,5.4,56.8,53.5,62.47
athlete_004,2025-04-08,7.84,3.9,156.8,5.9,3.5,57.0,56.0,56.58
athlete_004,2025-04-09,9.09,7.2,284.7,3.2,7.8,58.1,59.3,76.23
athlete_004,2025-04-10,8.19,5.6,194.7,5.3,4.5,58.2,59.3,64.35
athlete_004,2025-04-11,7.66,5.0,353.8,5.0,4.3,58.9,45.7,58.42
athlete_004,2025-04-12,8.2,5.9,198.1,4.9,4.2,59.8,45.7,70.39
athlete_004,2025-04-13,7.49,4.6,38.6,5.2,4.3,57.8,53.3,60.12
athlete_004,2025-04-14,7.32,4.8,309.9,4.7,4.8,62.8,56.7,63.52
athlete_004,2025-04-15,9.0,6.8,130.1,3.3,6.4,54.7,58.6,67.89
athlete_004,2025-04-16,7.8,5.2,306.5,3.6,5.4,57.8,54.8,68.71
athlete_004,2025-04-17,8.32,6.4,181.9,4.3,5.5,57.2,55.4,65.09
athlete_004,2025-04-18,8.17,5.7,404.2,4.9,5.5,58.5,55.5,69.8
athlete_004,2025-04-19,7.81,5.0,258.9,6.0,3.4,60.7,50.0,62.15
athlete_004,2025-04-20,8.07,5.4,62.0,4.4,5.0,57.3,59.2,63.56
athlete_004,2025-04-21,7.21,5.1,161.8,3.9,4.1,62.7,51.7,66.28
athlete_004,2025-04-22,7.65,4.3,87.3,5.5,3.8,58.0,54.7,58.69
athlete_004,2025-04-23,8.55,5.7,169.7,3.1,6.7,54.7,61.9,73.21
athlete_004,2025-04-24,8.39,6.0,103.5,5.1,5.0,58.4,57.8,60.87
athlete_004,2025-04-25,8.57,5.6,219.1,4.7,5.3,55.3,57.7,59.94
athlete_004,2025-04-26,7.95,7.1,154.4,2.5,7.2,57.9,55.3,73.49
athlete_004,2025-04-27,7.99,6.9,31.6,3.4,6.2,54.6,61.0,69.56
athlete_004,2025-04-28,8.9,7.4,258.2,2.6,7.8,52.9,60.3,74.52
athlete_004,2025-04-29,8.21,7.1,172.4,1.6,8.5,53.4,64.1,75.93
athlete_004,2025-04-30,8.8,6.4,262.6,3.8,7.2,55.4,59.5,70.78
athlete_004,2025-05-01,7.79,4.7,187.5,5.4,4.6,57.5,51.8,63.3
athlete_004,2025-05-02,7.75,7.0,345.9,3.3,7.6,56.3,53.8,74.03
athlete_004,2025-05-03,7.83,5.2,254.8,4.5,5.2,56.0,52.9,71.42
athlete_004,2025-05-04,8.38,8.4,42.5,2.6,8.4,57.3,55.9,74.33
athlete_004,2025-05-05,8.18,4.8,283.5,4.0,5.0,55.1,55.9,66.92
athlete_005,2025-01-06,8.93,7.2,185.5,4.0,6.6,47.0,86.7,69.98
athlete_005,2025-01-07,8.41,6.0,87.3,3.2,6.5,50.4,76.9,68.98
athlete_005,2025-01-08,8.6,6.0,217.0,4.4,5.5,50.3,76.7,66.47
athlete_005,2025-01-09,7.42,4.1,101.7,3.2,4.6,48.7,81.7,59.4
athlete_005,2025-01-10,8.3,6.8,270.7,3.5,6.5,50.7,76.1,65.29
athlete_005,2025-01-11,7.67,5.3,204.1,2.9,7.6,47.8,85.0,70.28
athlete_005,2025-01-12,8.23,6.6,23.4,2.4,7.6,48.4,83.3,75.69
athlete_005,2025-01-13,8.6,7.0,215.7,3.0,6.6,50.1,86.2,67.59
athlete_005,2025-01-14,8.63,7.3,97.5,3.1,7.5,50.6,84.7,78.59
athlete_005,2025-01-15,8.79,6.9,205.9,4.2,6.8,49.3,78.3,75.7
athlete_005,2025-01-16,6.66,3.6,116.3,5.2,4.7,52.3,71.4,59.97
athlete_005,2025-01-17,6.85,3.9,222.5,4.3,3.7,53.2,73.8,64.78
athlete_005,2025-01-18,7.6,4.9,192.4,4.7,4.2,50.3,73.2,60.19
athlete_005,2025-01-19,8.43,7.1,25.6,2.6,7.6,51.3,81.4,75.61
athlete_005,2025-01-20,8.28,6.1,227.7,4.7,4.9,50.1,77.9,63.06
athlete_005,2025-01-21,8.46,7.6,103.9,3.0,7.2,47.5,83.9,73.08
athlete_005,2025-01-22,7.49,5.6,187.3,4.7,4.5,50.8,74.8,64.64
athlete_005,2025-01-23,9.17,8.1,135.7,4.3,7.4,49.0,80.9,71.31
athlete_005,2025-01-24,8.03,6.1,279.4,4.5,5.5,53.6,79.1,72.32
athlete_005,2025-01-25,7.97,5.9,193.7,4.2,4.8,51.7,73.5,62.25
athlete_005,2025-01-26,8.44,6.5,27.1,3.6,6.2,50.1,76.9,72.11
athlete_005,2025-01-27,8.2,7.6,141.8,3.5,7.1,49.7,78.6,73.5
athlete_005,2025-01-28,7.24,4.4,62.2,3.9,4.7,50.2,78.0,62.49
athlete_005,2025-01-29,7.81,5.6,116.0,4.7,5.6,49.6,80.6,68.94
athlete_005,2025-01-30,7.89,5.8,75.0,4.3,5.2,51.5,77.6,66.03
athlete_005,2025-01-31,8.15,6.3,145.0,3.2,6.9,45.2,81.8,70.82
athlete_005,2025-02-01,7.84,4.6,114.5,2.7,5.8,47.7,81.6,71.06
athlete_005,2025-02-02,7.9,6.5,19.0,3.6,5.8,48.6,79.3,65.49
athlete_005,2025-02-03,7.7,4.4,232.8,5.5,3.3,48.6,79.5,59.71
athlete_005,2025-02-04,7.82,5.8,112.1,4.3,6.5,50.1,77.0,67.23
athlete_005,2025-02-05,9.22,9.2,202.9,1.7,10.0,46.5,90.4,81.26
athlete_005,2025-02-06,7.79,6.5,118.7,3.5,6.1,51.1,78.4,67.27
athlete_005,2025-02-07,8.39,7.2,242.4,3.1,7.3,48.7,86.4,73.04
athlete_005,2025-02-08,7.31,4.7,139.3,5.3,3.8,52.0,71.4,65.16
athlete_005,2025-02-09,8.29,6.4,28.5,3.5,6.1,54.8,82.8,74.69
athlete_005,2025-02-10,9.05,7.0,174.7,4.2,7.4,46.6,80.7,74.41
athlete_005,2025-02-11,7.8,6.0,96.4,3.6,6.5,51.7,84.4,65.24
athlete_005,2025-02-12,7.15,4.4,163.9,4.6,3.9,51.6,73.0,60.59
athlete_005,2025-02-13,8.11,5.6,124.0,5.1,4.8,49.5,74.6,65.71
athlete_005,2025-02-14,7.95,7.2,243.4,2.3,8.9,48.7,78.4,76.99
athlete_005,2025-02-15,7.66,4.7,173.3,4.7,5.0,54.6,80.9,66.19
athlete_005,2025-02-16,7.21,4.4,25.7,5.5,4.0,49.5,67.7,56.57
athlete_005,2025-02-17,9.07,7.8,178.8,4.5,7.4,49.0,81.8,77.57
athlete_005,2025-02-18,8.13,6.3,107.7,4.2,6.7,49.7,79.7,74.33
athlete_005,2025-02-19,7.44,5.4,215.9,5.6,4.2,52.7,86.9,60.12
athlete_005,2025-02-20,8.93,6.3,128.7,4.7,6.2,51.5,84.7,66.25
athlete_005,2025-02-21,8.04,5.5,286.5,5.4,5.0,52.0,76.4,64.54
athlete_005,2025-02-22,7.67,5.7,155.9,3.6,6.2,50.8,79.5,66.01
athlete_005,2025-02-23,7.72,5.7,36.0,4.2,6.2,47.8,75.7,61.11
athlete_005,2025-02-24,7.46,4.7,150.1,5.6,4.3,53.7,73.7,58.99
athlete_005,2025-02-25,8.31,7.2,59.7,3.5,6.4,48.9,77.5,72.63
athlete_005,2025-02-26,7.69,5.7,140.6,4.5,5.0,50.1,77.3,70.32
athlete_005,2025-02-27,7.59,4.8,48.0,4.7,4.2,53.3,75.6,61.75
athlete_005,2025-02-28,7.23,4.5,145.0,3.6,5.4,51.9,79.8,64.38
athlete_005,2025-03-01,7.61,4.5,90.1,5.4,3.7,52.6,74.6,60.09
athlete_005,2025-03-02,9.18,7.6,17.3,3.9,7.5,44.0,85.8,74.03
athlete_005,2025-03-03,8.11,6.6,219.8,3.4,8.4,47.3,79.9,69.63
athlete_005,2025-03-04,8.41,6.5,103.3,2.5,7.8,46.8,88.9,76.38
athlete_005,2025-03-05,7.02,4.9,146.2,5.5,3.8,53.2,77.3,60.59
athlete_005,2025-03-06,7.89,4.5,105.1,3.9,4.8,51.1,80.6,62.38
athlete_005,2025-03-07,6.97,5.2,232.4,3.1,5.4,50.4,79.3,66.35
athlete_005,2025-03-08,7.74,6.3,130.1,3.4,7.5,49.1,79.2,73.26
athlete_005,2025-03-09,7.69,4.2,29.0,3.9,4.8,51.5,81.4,63.19
athlete_005,2025-03-10,7.96,5.7,244.0,2.7,5.5,51.5,86.0,63.4
athlete_005,2025-03-11,7.3,6.2,105.5,3.9,5.7,51.0,80.1,69.88
athlete_005,2025-03-12,8.36,5.4,186.0,3.9,6.2,52.2,81.7,64.77
athlete_005,2025-03-13,8.31,6.6,104.0,3.3,6.2,48.4,78.7,70.15
athlete_005,2025-03-14,8.94,7.1,220.9,3.6,7.0,51.2,80.9,72.77
athlete_005,2025-03-15,7.58,5.1,131.9,5.6,3.9,50.9,74.6,65.27
athlete_005,2025-03-16,8.62,7.1,30.3,4.6,5.8,51.2,75.4,65.09
athlete_005,2025-03-17,7.17,4.6,255.4,4.3,4.1,48.5,77.3,63.89
athlete_005,2025-03-18,8.02,4.8,117.4,6.1,3.2,53.3,70.7,60.03
athlete_005,2025-03-19,7.4,5.1,151.3,4.2,5.4,49.1,79.4,70.37
athlete_005,2025-03-20,7.98,5.2,122.6,3.5,7.1,50.2,83.2,68.19
athlete_005,2025-03-21,8.21,6.5,237.2,3.6,6.4,49.6,84.9,74.07
athlete_005,2025-03-22,7.75,6.8,184.8,4.4,5.9,49.6,79.1,74.66
athlete_005,2025-03-23,8.33,6.5,33.9,3.8,6.7,49.0,83.5,71.33
athlete_005,2025-03-24,7.97,5.6,131.7,4.7,4.9,49.9,84.0,66.65
athlete_005,2025-03-25,7.13,3.6,60.9,5.7,2.7,50.4,75.9,55.0
athlete_005,2025-03-26,7.71,4.6,85.4,4.1,5.2,51.5,75.4,62.01
athlete_005,2025-03-27,7.34,4.3,82.3,4.5,4.4,51.1,77.6,66.31
athlete_005,2025-03-28,8.54,7.0,125.7,4.0,5.9,48.7,81.2,66.05
athlete_005,2025-03-29,8.1,6.7,101.6,3.8,6.8,47.1,80.9,68.52
athlete_005,2025-03-30,8.07,6.8,20.2,4.5,6.6,46.8,80.8,66.18
athlete_005,2025-03-31,8.74,8.1,221.2,2.4,7.9,47.1,80.5,76.39
athlete_005,2025-04-01,9.25,8.6,102.4,1.5,9.3,44.6,92.9,79.55
athlete_005,2025-04-02,8.58,6.2,193.6,5.5,4.7,50.9,82.1,67.23
athlete_005,2025-04-03,7.78,5.7,101.6,4.5,5.3,50.5,68.1,67.51
athlete_005,2025-04-04,8.93,7.3,234.7,3.9,7.2,49.6,86.6,70.27
athlete_005,2025-04-05,8.43,6.2,111.6,4.0,6.7,51.1,81.3,69.13
athlete_005,2025-04-06,8.67,5.4,29.4,4.7,6.1,49.1,83.4,68.48
athlete_005,2025-04-07,8.33,5.8,216.3,4.7,6.4,50.7,83.8,71.34
athlete_005,2025-04-08,8.27,6.0,107.8,4.2,6.4,50.2,76.7,65.03
athlete_005,2025-04-09,9.04,6.8,184.8,4.3,7.2,48.4,80.0,62.39
athlete_005,2025-04-10,7.73,3.7,102.9,6.8,3.2,52.6,73.9,63.24
athlete_005,2025-04-11,8.49,6.2,244.8,3.8,5.4,47.9,75.4,64.83
athlete_005,2025-04-12,7.19,2.7,142.3,4.7,3.1,49.9,74.6,62.36
athlete_005,2025-04-13,7.74,5.0,27.1,5.2,4.3,49.9,76.8,62.65
athlete_005,2025-04-14,8.73,7.4,228.2,3.2,7.5,47.9,84.1,71.48
athlete_005,2025-04-15,7.55,4.4,113.3,3.7,4.9,49.6,81.4,73.14
athlete_005,2025-04-16,8.12,6.5,225.9,5.5,4.9,50.1,68.1,66.81
athlete_005,2025-04-17,8.59,6.6,124.8,4.6,5.2,51.7,76.4,72.76
athlete_005,2025-04-18,7.7,5.2,248.0,3.8,4.7,49.5,74.5,63.9
athlete_005,2025-04-19,7.84,5.2,161.2,5.5,4.7,51.0,75.2,65.35
athlete_005,2025-04-20,7.7,5.4,30.3,5.4,4.6,51.0,69.6,64.81
athlete_005,2025-04-21,7.66,4.7,141.5,4.7,4.4,52.0,79.0,66.53
athlete_005,2025-04-22,8.99,7.8,56.6,3.6,7.6,48.1,84.5,65.42
athlete_005,2025-04-23,7.8,5.7,102.6,4.1,5.1,51.7,78.7,67.26
athlete_005,2025-04-24,7.92,7.2,66.4,3.7,7.2,45.4,80.2,69.27
athlete_005,2025-04-25,7.84,5.2,153.0,4.6,5.1,49.9,78.8,64.13
athlete_005,2025-04-26,7.21,4.0,100.8,4.6,4.7,47.7,80.9,64.0
athlete_005,2025-04-27,7.39,4.7,14.3,5.3,3.9,51.9,74.0,60.58
athlete_005,2025-04-28,8.96,7.9,286.7,3.7,8.0,48.3,81.2,68.25
athlete_005,2025-04-29,6.5,3.7,121.7,4.3,4.5,52.1,75.6,58.11
athlete_005,2025-04-30,8.04,5.7,156.6,4.0,5.8,51.6,77.6,67.94
athlete_005,2025-05-01,8.24,7.8,90.6,3.0,6.0,49.6,77.0,74.23
athlete_005,2025-05-02,7.29,4.8,220.2,5.0,4.1,52.7,74.9,61.48
athlete_005,2025-05-03,8.47,6.0,168.1,4.3,5.8,47.9,87.2,66.37
athlete_005,2025-05-04,7.7,5.3,27.6,4.4,4.1,50.5,79.1,69.42
athlete_005,2025-05-05,7.08,4.1,220.2,4.8,4.1,50.5,81.1,63.68
athlete_006,2025-01-06,7.36,6.1,173.5,1.8,6.9,46.6,85.3,71.56
athlete_006,2025-01-07,7.44,4.9,112.7,4.7,4.9,53.0,73.0,70.15
athlete_006,2025-01-08,6.92,4.9,198.5,4.7,5.8,55.1,75.4,62.18
athlete_006,2025-01-09,6.38,3.6,104.5,5.3,2.7,56.0,72.4,61.7
athlete_006,2025-01-10,6.89,5.0,232.1,4.5,6.1,53.9,75.4,69.3
athlete_006,2025-01-11,6.64,3.9,130.6,4.5,4.8,54.3,74.0,67.29
athlete_006,2025-01-12,7.36,6.2,28.6,3.2,6.9,53.0,79.2,72.93
athlete_006,2025-01-13,7.11,5.6,222.2,5.3,4.2,56.2,71.1,61.87
athlete_006,2025-01-14,7.84,7.1,92.8,3.9,5.7,54.4,78.8,72.56
athlete_006,2025-01-15,8.6,7.9,188.7,4.2,6.8,54.7,78.3,75.49
athlete_006,2025-01-16,7.58,5.2,102.4,4.4,4.3,56.4,79.1,66.42
athlete_006,2025-01-17,7.08,5.4,233.3,5.0,4.1,55.9,71.5,69.29
athlete_006,2025-01-18,8.2,7.2,182.8,4.5,7.3,55.4,76.5,77.1
athlete_006,2025-01-19,7.74,5.4,26.9,3.5,6.1,54.8,77.6,69.68
athlete_006,2025-01-20,7.53,7.3,219.4,3.4,7.2,55.9,81.9,78.8
athlete_006,2025-01-21,7.59,5.2,123.1,3.3,6.2,55.4,88.2,64.54
athlete_006,2025-01-22,7.26,6.2,211.4,3.4,6.2,54.5,78.2,72.82
athlete_006,2025-01-23,7.48,6.4,112.4,3.2,7.2,53.5,75.7,65.2
athlete_006,2025-01-24,7.62,6.5,223.8,3.8,6.6,56.1,77.1,74.06
athlete_006,2025-01-25,6.23,3.7,133.1,6.1,2.8,58.3,72.1,61.78
athlete_006,2025-01-26,7.19,5.1,24.0,3.9,5.4,55.0,82.7,71.81
athlete_006,2025-01-27,7.51,6.1,128.5,3.2,6.8,52.2,82.8,68.39
athlete_006,2025-01-28,6.99,5.4,49.0,4.2,4.6,55.6,73.9,72.33
athlete_006,2025-01-29,7.1,5.3,115.7,3.4,5.8,51.5,83.6,74.03
athlete_006,2025-01-30,7.54,4.9,63.4,2.7,6.8,51.9,82.9,65.33
athlete_006,2025-01-31,8.07,6.4,151.9,4.5,6.2,55.0,75.7,68.63
athlete_006,2025-02-01,7.77,6.3,75.7,2.7,5.9,52.6,77.6,77.04
athlete_006,2025-02-02,7.82,7.6,18.5,2.5,8.7,51.9,85.7,75.68
athlete_006,2025-02-03,7.47,5.9,206.8,3.4,6.0,52.5,82.6,72.58
athlete_006,2025-02-04,7.41,6.2,87.0,3.6,6.5,49.6,84.4,76.83
athlete_006,2025-02-05,8.6,7.2,168.9,3.7,7.3,54.3,83.8,76.39
athlete_006,2025-02-06,7.08,5.2,118.4,3.4,6.3,53.5,79.7,75.84
athlete_006,2025-02-07,6.84,6.6,189.8,3.4,6.1,54.3,81.3,72.35
athlete_006,2025-02-08,8.08,8.0,161.6,4.0,7.0,52.0,77.6,81.46
athlete_006,2025-02-09,7.45,5.3,30.2,4.2,5.2,55.6,77.8,70.29
athlete_006,2025-02-10,7.52,6.4,211.4,3.9,6.8,56.5,82.1,72.87
athlete_006,2025-02-11,7.38,4.5,94.7,4.9,4.3,54.4,77.2,70.29
athlete_006,2025-02-12,7.32,5.1,198.9,5.4,4.7,54.0,76.3,61.23
athlete_006,2025-02-13,7.69,6.4,105.5,4.1,6.2,53.3,81.2,61.95
athlete_006,2025-02-14,6.3,4.0,212.6,5.2,3.7,58.8,71.4,57.35
athlete_006,2025-02-15,7.44,6.5,191.1,4.3,5.6,55.9,75.1,72.09
athlete_006,2025-02-16,7.77,5.9,26.1,2.6,6.4,55.4,83.5,70.72
athlete_006,2025-02-17,8.23,8.5,175.2,3.2,7.9,54.0,82.6,76.28
athlete_006,2025-02-18,8.65,8.2,135.2,4.0,7.3,50.3,80.1,77.08
athlete_006,2025-02-19,6.25,3.2,195.6,6.9,2.3,59.0,70.1,52.68
athlete_006,2025-02-20,7.49,5.9,119.7,4.8,5.5,57.3,80.8,65.11
athlete_006,2025-02-21,7.6,5.7,219.4,4.1,4.9,53.0,75.0,67.93
athlete_006,2025-02-22,7.34,5.0,137.9,3.7,5.4,55.2,81.6,67.22
athlete_006,2025-02-23,7.13,6.3,31.5,3.7,6.9,55.5,81.5,66.34
athlete_006,2025-02-24,7.94,6.5,148.5,4.5,6.3,54.1,78.9,71.22
athlete_006,2025-02-25,7.46,7.6,67.4,2.8,7.5,51.9,81.4,78.37
athlete_006,2025-02-26,7.98,6.1,101.2,3.9,6.9,54.5,84.4,74.47
athlete_006,2025-02-27,7.48,5.0,92.6,4.8,6.0,54.0,83.7,74.42
athlete_006,2025-02-28,8.02,6.3,145.8,2.8,7.6,49.7,84.8,79.69
athlete_006,2025-03-01,6.85,4.8,100.0,4.4,5.3,52.0,70.8,64.47
athlete_006,2025-03-02,6.98,5.3,18.4,4.8,5.1,53.2,71.5,64.93
athlete_006,2025-03-03,6.36,4.2,195.1,5.3,4.4,53.6,78.7,63.39
athlete_006,2025-03-04,8.17,8.1,87.4,3.2,8.1,52.9,80.7,87.59
athlete_006,2025-03-05,6.84,4.6,181.3,5.1,4.1,55.9,78.0,60.85
athlete_006,2025-03-06,8.06,7.2,120.2,5.2,6.8,54.6,77.8,75.82
athlete_006,2025-03-07,7.94,6.7,189.6,3.1,7.6,52.8,86.4,81.53
athlete_006,2025-03-08,7.77,5.1,117.0,4.4,5.3,53.2,76.3,74.22
athlete_006,2025-03-09,7.89,7.0,33.4,3.5,7.3,53.6,83.5,81.73
athlete_006,2025-03-10,8.14,7.6,244.9,3.0,8.0,52.9,87.5,79.65
athlete_006,2025-03-11,7.77,6.5,105.0,2.5,7.9,50.7,88.3,77.34
athlete_006,2025-03-12,7.92,5.7,175.3,4.5,4.7,54.3,82.4,68.4
athlete_006,2025-03-13,7.16,5.5,107.0,4.2,5.5,57.8,77.0,75.76
athlete_006,2025-03-14,7.08,5.7,210.8,5.8,4.5,57.4,75.6,63.53
athlete_006,2025-03-15,7.24,4.9,161.3,5.1,5.4,55.2,79.8,65.18
athlete_006,2025-03-16,8.16,7.1,25.9,4.8,5.9,52.3,78.5,70.75
athlete_006,2025-03-17,6.83,5.0,270.2,2.9,6.3,54.2,82.2,75.53
athlete_006,2025-03-18,6.99,5.1,85.4,5.5,4.7,54.1,74.8,69.43
athlete_006,2025-03-19,6.83,5.3,159.6,4.2,5.1,56.3,81.7,71.42
athlete_006,2025-03-20,8.1,7.7,137.5,2.8,8.4,52.1,79.3,75.51
athlete_006,2025-03-21,7.83,5.8,231.4,4.2,6.4,53.3,79.7,79.98
athlete_006,2025-03-22,6.71,5.2,137.2,4.8,4.6,54.6,72.8,65.15
athlete_006,2025-03-23,7.32,4.6,30.7,4.7,5.2,56.1,77.3,64.33
athlete_006,2025-03-24,8.14,6.7,103.2,4.2,7.2,53.7,77.3,70.94
athlete_006,2025-03-25,6.38,5.1,55.8,4.4,5.5,55.7,80.0,67.11
athlete_006,2025-03-26,7.02,5.7,96.9,3.7,6.4,54.8,85.2,74.73
athlete_006,2025-03-27,7.89,6.4,64.3,3.3,6.3,52.8,79.3,75.2
athlete_006,2025-03-28,8.1,6.8,147.5,2.9,8.0,51.9,89.3,80.5
athlete_006,2025-03-29,7.13,5.3,116.0,3.2,5.9,52.5,73.2,68.32
athlete_006,2025-03-30,7.14,5.8,18.2,4.1,5.6,54.6,77.3,61.44
athlete_006,2025-03-31,7.8,6.2,179.0,2.8,7.2,50.7,80.3,74.84
athlete_006,2025-04-01,6.67,4.6,103.3,3.8,5.3,53.1,77.7,72.35
athlete_006,2025-04-02,8.1,7.5,196.6,2.9,7.9,50.6,87.2,73.4
athlete_006,2025-04-03,7.29,5.5,113.3,4.3,5.6,53.1,80.9,70.17
athlete_006,2025-04-04,7.19,4.6,224.2,3.1,5.6,54.3,76.6,70.79
athlete_006,2025-04-05,7.58,7.3,163.3,3.4,7.3,56.5,84.1,72.2
athlete_006,2025-04-06,7.73,5.7,29.2,4.3,5.8,54.0,80.0,71.67
athlete_006,2025-04-07,8.63,9.3,201.3,2.9,8.4,52.8,80.2,83.76
athlete_006,2025-04-08,7.58,6.4,120.1,3.2,6.0,54.8,80.1,74.58
athlete_006,2025-04-09,7.65,5.7,213.5,4.3,6.1,53.1,82.7,72.76
athlete_006,2025-04-10,7.29,5.9,133.2,3.5,6.3,53.3,82.4,68.44
athlete_006,2025-04-11,7.87,6.4,227.5,4.6,5.8,55.6,79.6,68.39
athlete_006,2025-04-12,8.36,7.7,165.4,4.3,6.9,55.4,81.4,70.65
athlete_006,2025-04-13,7.48,5.9,27.5,4.6,5.1,56.4,75.5,73.2
athlete_006,2025-04-14,7.49,5.9,247.6,3.7,7.5,54.0,81.6,75.2
athlete_006,2025-04-15,7.44,7.0,117.0,3.0,7.2,54.3,65.6,81.22
athlete_006,2025-04-16,5.57,3.3,149.8,5.8,3.0,57.7,62.3,61.74
athlete_006,2025-04-17,7.09,3.9,123.4,4.8,4.9,56.4,82.8,58.92
athlete_006,2025-04-18,6.73,5.2,193.5,3.5,6.0,55.2,73.4,72.14
athlete_006,2025-04-19,6.37,4.2,156.5,4.2,4.9,55.6,76.5,66.51
athlete_006,2025-04-20,7.93,6.2,28.6,4.5,5.5,54.7,78.9,72.22
athlete_006,2025-04-21,7.37,5.3,119.2,4.6,4.4,54.2,76.2,67.88
athlete_006,2025-04-22,7.03,6.1,62.8,4.7,5.1,54.1,74.5,62.16
athlete_006,2025-04-23,7.59,5.0,131.5,5.0,4.5,57.2,77.3,70.87
athlete_006,2025-04-24,7.21,4.5,71.9,5.9,3.7,54.4,69.3,66.19
athlete_006,2025-04-25,6.98,5.5,142.9,3.8,5.9,55.4,81.0,67.03
athlete_006,2025-04-26,8.34,9.7,104.2,1.1,10.0,47.8,87.6,85.63
athlete_006,2025-04-27,7.53,6.4,18.7,4.2,6.7,53.3,91.8,73.66
athlete_006,2025-04-28,8.34,6.6,163.7,3.0,8.2,47.9,85.4,76.57
athlete_006,2025-04-29,8.16,7.9,94.5,2.1,9.3,48.1,90.4,86.5
athlete_006,2025-04-30,7.7,6.5,191.7,4.3,5.9,50.6,75.0,70.23
athlete_006,2025-05-01,8.03,7.1,112.5,4.3,6.3,52.2,81.5,72.71
athlete_006,2025-05-02,9.47,10.0,223.3,1.0,10.0,48.6,97.7,89.79
athlete_006,2025-05-03,7.03,4.6,143.4,5.8,3.9,58.2,76.5,67.1
athlete_006,2025-05-04,7.41,5.6,35.1,4.6,5.1,56.7,76.0,62.47
athlete_006,2025-05-05,7.55,7.2,185.6,3.6,6.6,54.3,77.7,79.03
athlete_007,2025-01-06,7.45,4.4,256.2,5.6,3.7,52.5,84.5,73.97
athlete_007,2025-01-07,7.42,4.8,132.7,4.3,4.5,56.1,79.2,82.18
athlete_007,2025-01-08,7.99,6.3,224.7,4.9,5.7,55.0,83.3,81.13
athlete_007,2025-01-09,6.96,5.0,132.9,4.0,5.5,55.4,75.0,80.62
athlete_007,2025-01-10,7.44,5.0,332.8,3.8,5.2,55.0,84.6,76.82
athlete_007,2025-01-11,6.99,4.4,137.9,5.3,4.1,54.8,76.7,72.69
athlete_007,2025-01-12,7.76,5.9,33.7,5.6,4.9,58.5,82.8,80.08
athlete_007,2025-01-13,6.8,4.0,290.0,4.5,4.7,54.5,84.8,77.38
athlete_007,2025-01-14,8.12,5.3,142.3,5.1,4.2,55.6,81.4,73.65
athlete_007,2025-01-15,8.7,7.0,258.9,4.5,6.4,57.8,86.7,78.07
athlete_007,2025-01-16,7.42,6.4,151.9,3.7,6.5,56.1,88.5,81.62
athlete_007,2025-01-17,8.32,6.4,266.1,5.0,5.6,58.3,86.5,82.69
athlete_007,2025-01-18,7.91,5.3,228.8,6.0,5.4,55.8,82.7,77.82
athlete_007,2025-01-19,7.48,5.4,35.3,4.2,5.7,54.9,89.6,79.04
athlete_007,2025-01-20,8.27,7.2,241.2,4.8,6.4,54.9,86.4,84.13
athlete_007,2025-01-21,7.75,6.1,133.6,4.1,7.1,53.8,83.8,91.62
athlete_007,2025-01-22,7.39,5.8,200.2,3.0,6.8,55.0,88.1,84.29
athlete_007,2025-01-23,7.73,5.0,128.8,3.8,6.1,52.0,81.5,80.0
athlete_007,2025-01-24,7.22,6.3,301.4,2.5,6.8,48.7,91.2,86.6
athlete_007,2025-01-25,9.17,5.8,177.7,5.3,5.3,55.8,78.6,77.8
athlete_007,2025-01-26,8.3,6.1,35.7,3.2,6.0,54.7,86.8,87.19
athlete_007,2025-01-27,7.99,5.0,150.5,5.8,5.3,55.0,82.7,77.42
athlete_007,2025-01-28,7.75,6.9,74.1,3.7,6.7,53.1,85.3,80.32
athlete_007,2025-01-29,8.72,7.4,109.7,3.1,7.8,52.7,81.8,85.57
athlete_007,2025-01-30,7.48,4.4,74.6,3.8,5.3,54.3,87.4,72.15
athlete_007,2025-01-31,8.59,7.1,130.4,4.0,7.2,50.2,89.2,87.11
athlete_007,2025-02-01,8.66,7.7,120.3,1.0,9.8,47.0,94.7,86.64
athlete_007,2025-02-02,7.71,5.3,21.5,4.1,5.4,50.8,90.8,79.37
athlete_007,2025-02-03,6.92,5.1,239.8,3.3,6.3,53.2,82.3,77.19
athlete_007,2025-02-04,6.36,4.2,108.0,4.6,4.8,57.0,87.2,72.65
athlete_007,2025-02-05,8.11,6.1,196.5,3.5,6.9,53.3,96.1,78.12
athlete_007,2025-02-06,7.5,5.8,107.1,4.8,5.7,53.1,87.0,76.08
athlete_007,2025-02-07,9.06,8.0,243.0,2.8,7.9,52.0,90.1,87.58
athlete_007,2025-02-08,7.24,5.4,204.7,3.9,6.2,54.8,90.2,82.04
athlete_007,2025-02-09,7.3,5.0,34.7,3.4,6.3,51.4,88.5,79.82
athlete_007,2025-02-10,6.77,5.1,177.0,6.0,3.2,53.9,76.2,71.83
athlete_007,2025-02-11,7.12,6.0,106.6,3.2,6.5,54.2,92.6,82.66
athlete_007,2025-02-12,7.47,6.0,188.8,3.8,6.0,55.0,89.2,83.85
athlete_007,2025-02-13,7.34,5.1,133.3,3.9,5.7,56.3,86.3,77.77
athlete_007,2025-02-14,6.99,4.2,346.7,5.4,3.8,55.2,81.3,73.4
athlete_007,2025-02-15,7.19,5.1,223.0,3.5,6.6,53.9,91.0,83.56
athlete_007,2025-02-16,6.8,5.0,32.4,4.5,5.2,56.2,86.1,74.6
athlete_007,2025-02-17,6.66,4.6,274.6,5.1,3.4,55.6,76.9,70.8
athlete_007,2025-02-18,7.44,5.9,151.1,6.1,4.6,56.2,83.1,72.79
athlete_007,2025-02-19,8.7,7.3,215.0,2.7,7.9,51.0,85.8,93.71
athlete_007,2025-02-20,7.71,5.7,175.7,3.1,6.2,55.0,87.6,81.29
athlete_007,2025-02-21,7.54,5.2,264.7,6.1,5.5,52.6,78.8,80.12
athlete_007,2025-02-22,6.94,5.8,154.8,4.4,5.5,56.2,78.5,67.94
athlete_007,2025-02-23,8.06,5.0,30.5,4.5,4.7,53.4,88.6,77.35
athlete_007,2025-02-24,7.16,4.3,152.9,5.9,3.6,57.3,75.4,69.2
athlete_007,2025-02-25,7.8,5.2,71.3,4.9,4.9,54.4,89.3,77.07
athlete_007,2025-02-26,6.81,5.6,128.8,4.0,5.8,52.6,87.7,76.64
athlete_007,2025-02-27,7.62,5.9,90.7,4.9,5.3,53.4,84.3,80.86
athlete_007,2025-02-28,7.24,4.8,145.1,5.3,4.4,55.8,82.5,73.62
athlete_007,2025-03-01,7.8,6.3,124.1,3.2,7.9,53.4,88.2,84.21
athlete_007,2025-03-02,7.07,4.7,19.2,3.6,5.9,51.7,90.5,76.22
athlete_007,2025-03-03,8.2,5.6,280.7,4.9,6.0,52.0,93.0,76.65
athlete_007,2025-03-04,7.18,5.0,127.1,4.9,4.8,55.9,78.9,71.0
athlete_007,2025-03-05,8.07,6.4,187.6,3.5,6.4,51.5,88.1,83.75
athlete_007,2025-03-06,7.56,5.9,145.0,4.1,7.9,50.4,87.1,83.07
athlete_007,2025-03-07,8.43,7.0,251.7,4.8,8.0,50.2,87.7,87.41
athlete_007,2025-03-08,6.85,5.3,155.8,4.7,4.9,53.8,81.8,73.81
athlete_007,2025-03-09,7.29,4.5,37.6,4.5,5.0,51.4,79.1,78.64
athlete_007,2025-03-10,6.92,4.0,239.6,5.7,5.0,54.2,83.3,67.32
athlete_007,2025-03-11,6.58,4.2,117.8,5.5,4.2,57.9,79.9,77.94
athlete_007,2025-03-12,7.37,4.8,275.6,4.2,5.0,55.6,79.5,76.72
athlete_007,2025-03-13,8.94,7.0,125.9,4.8,6.7,53.2,89.6,88.01
athlete_007,2025-03-14,6.7,3.6,273.4,4.1,4.1,52.1,83.6,77.39
athlete_007,2025-03-15,7.17,5.5,190.6,4.3,6.2,53.8,79.1,80.03
athlete_007,2025-03-16,7.45,5.3,32.6,5.1,5.0,54.0,89.2,81.33
athlete_007,2025-03-17,7.9,6.4,263.0,4.9,7.0,53.2,87.5,81.2
athlete_007,2025-03-18,7.53,6.7,129.2,3.9,7.5,52.5,81.4,85.84
athlete_007,2025-03-19,7.76,5.5,293.6,4.1,6.0,54.5,78.5,80.52
athlete_007,2025-03-20,7.17,5.6,139.4,4.2,6.9,53.1,84.6,86.0
athlete_007,2025-03-21,7.92,6.1,230.1,4.0,6.4,52.2,86.1,88.08
athlete_007,2025-03-22,6.64,3.3,192.9,5.6,2.8,58.0,82.2,68.12
athlete_007,2025-03-23,8.1,6.0,29.3,4.3,5.6,53.6,81.4,85.4
athlete_007,2025-03-24,7.66,5.1,153.0,3.4,6.2,51.8,91.1,87.26
athlete_007,2025-03-25,8.03,4.6,71.7,4.1,6.1,53.6,86.3,82.6
athlete_007,2025-03-26,7.28,4.3,114.0,5.3,5.0,55.3,81.4,75.76
athlete_007,2025-03-27,8.16,6.7,81.1,4.6,6.4,55.3,88.6,85.53
athlete_007,2025-03-28,8.68,8.1,156.6,3.9,8.5,51.9,87.6,90.99
athlete_007,2025-03-29,7.97,6.4,116.4,3.6,7.0,51.3,88.4,81.86
athlete_007,2025-03-30,8.05,5.8,21.9,4.8,5.1,54.1,86.5,79.18
athlete_007,2025-03-31,8.12,6.1,249.0,5.8,4.8,54.0,85.2,68.01
athlete_007,2025-04-01,6.57,4.2,104.8,3.9,4.8,53.3,83.3,73.52
athlete_007,2025-04-02,7.29,5.1,256.8,4.5,5.0,53.6,81.8,79.4
athlete_007,2025-04-03,7.84,6.4,121.2,3.3,7.6,49.6,87.4,86.5
athlete_007,2025-04-04,8.22,7.7,323.6,5.3,6.9,55.6,84.7,81.15
athlete_007,2025-04-05,7.9,5.7,183.2,4.1,6.0,53.2,86.2,72.78
athlete_007,2025-04-06,7.31,5.8,26.3,3.6,6.8,54.4,88.6,84.79
athlete_007,2025-04-07,8.19,6.8,275.7,4.5,5.4,54.6,89.7,79.29
athlete_007,2025-04-08,8.23,5.0,118.4,5.5,3.8,57.3,78.9,72.5
athlete_007,2025-04-09,8.28,7.4,214.9,3.0,7.7,54.5,86.8,86.76
athlete_007,2025-04-10,7.64,6.7,161.2,1.9,8.1,50.4,88.5,84.94
athlete_007,2025-04-11,7.33,4.7,270.1,5.1,3.7,55.5,81.1,74.26
athlete_007,2025-04-12,7.65,5.8,179.6,5.7,4.3,54.5,79.3,72.04
athlete_007,2025-04-13,6.67,3.6,38.5,5.8,2.6,56.3,80.9,62.08
athlete_007,2025-04-14,7.79,6.7,284.9,2.5,7.4,53.2,88.0,88.71
athlete_007,2025-04-15,7.75,6.2,133.1,3.9,7.0,56.7,88.1,80.61
athlete_007,2025-04-16,7.61,5.1,219.3,4.1,5.4,56.3,87.6,80.57
athlete_007,2025-04-17,6.71,4.1,144.2,5.1,3.9,55.9,82.2,63.06
athlete_007,2025-04-18,7.65,6.7,244.4,4.4,6.3,55.6,84.0,85.02
athlete_007,2025-04-19,7.03,5.7,184.8,4.3,5.6,55.8,79.7,79.72
athlete_007,2025-04-20,7.36,5.7,34.0,3.9,5.3,53.6,82.9,78.47
athlete_007,2025-04-21,7.8,6.4,148.4,4.0,6.4,55.0,87.3,79.74
athlete_007,2025-04-22,7.81,5.7,63.5,3.6,5.5,53.0,83.8,82.31
athlete_007,2025-04-23,7.27,5.9,124.4,3.2,6.4,55.0,85.4,85.04
athlete_007,2025-04-24,8.69,4.8,61.9,5.6,4.4,53.4,83.0,73.08
athlete_007,2025-04-25,7.27,5.4,173.7,3.7,5.1,53.7,82.1,83.93
athlete_007,2025-04-26,7.53,6.1,103.5,3.8,5.6,55.7,88.6,74.8
athlete_007,2025-04-27,6.88,5.6,18.8,3.4,7.6,50.8,91.7,81.14
athlete_007,2025-04-28,8.42,7.2,257.6,2.3,8.1,48.4,91.7,84.82
athlete_007,2025-04-29,8.83,6.8,130.3,3.2,7.2,53.9,87.3,83.54
athlete_007,2025-04-30,8.39,7.2,204.0,4.6,6.4,52.5,87.3,78.59
athlete_007,2025-05-01,7.89,5.1,110.1,3.8,6.6,52.9,92.2,79.12
athlete_007,2025-05-02,6.33,4.7,212.5,4.4,4.3,54.6,88.0,77.07
athlete_007,2025-05-03,6.96,5.3,178.7,3.9,6.4,55.2,90.1,77.92
athlete_007,2025-05-04,8.7,7.0,28.1,3.1,7.7,54.3,91.8,85.39
athlete_007,2025-05-05,7.47,6.0,277.3,4.1,6.4,53.6,82.1,80.27
athlete_008,2025-01-06,7.48,7.0,391.8,3.3,8.5,45.5,92.2,83.32
athlete_008,2025-01-07,7.79,7.5,205.3,3.9,6.1,55.1,81.1,83.86
athlete_008,2025-01-08,6.64,5.4,279.5,4.8,4.2,57.5,78.8,77.02
athlete_008,2025-01-09,6.57,4.5,176.7,3.7,5.4,52.1,79.2,72.41
athlete_008,2025-01-10,7.56,7.2,385.4,3.8,6.0,52.4,86.0,84.2
athlete_008,2025-01-11,7.06,5.0,246.8,5.6,4.6,56.5,77.5,68.55
athlete_008,2025-01-12,7.63,5.7,50.5,4.2,5.6,53.4,80.1,75.99
athlete_008,2025-01-13,7.54,5.6,347.8,4.1,6.8,51.7,82.3,80.69
athlete_008,2025-01-14,6.13,2.2,183.7,5.2,2.5,53.5,75.1,62.82
athlete_008,2025-01-15,7.9,6.8,359.1,3.1,7.7,51.3,86.9,81.55
athlete_008,2025-01-16,7.99,6.7,235.3,3.6,6.7,51.0,89.6,70.61
athlete_008,2025-01-17,7.8,6.7,245.4,5.6,5.0,54.0,77.4,74.34
athlete_008,2025-01-18,8.32,6.5,241.7,5.8,5.8,53.1,79.1,75.91
athlete_008,2025-01-19,7.05,5.2,46.8,4.5,5.4,50.1,87.9,77.33
athlete_008,2025-01-20,6.82,5.5,380.2,4.0,5.7,50.6,83.1,75.04
athlete_008,2025-01-21,7.91,6.2,148.2,4.0,6.1,51.3,87.3,74.07
athlete_008,2025-01-22,6.64,4.1,337.3,5.2,4.1,51.5,84.5,66.2
athlete_008,2025-01-23,7.08,4.8,205.5,3.3,5.5,50.1,90.8,77.16
athlete_008,2025-01-24,6.7,4.5,365.8,5.0,4.9,53.5,90.0,69.61
athlete_008,2025-01-25,6.04,2.5,311.7,6.5,1.8,55.7,74.6,56.36
athlete_008,2025-01-26,7.56,7.0,59.4,3.1,6.4,51.4,83.8,79.13
athlete_008,2025-01-27,6.57,5.0,199.7,4.6,5.5,53.7,82.5,72.04
athlete_008,2025-01-28,7.47,6.0,95.9,3.6,5.9,49.6,80.5,77.7
athlete_008,2025-01-29,8.3,6.9,194.1,5.2,6.7,53.8,88.9,85.13
athlete_008,2025-01-30,7.25,5.3,127.7,4.6,5.0,50.9,87.8,72.06
athlete_008,2025-01-31,7.01,4.9,164.4,5.6,4.9,55.1,83.7,66.67
athlete_008,2025-02-01,7.4,6.3,209.0,4.9,6.5,49.6,84.5,69.7
athlete_008,2025-02-02,8.54,6.2,30.6,4.1,5.9,51.9,88.6,71.66
athlete_008,2025-02-03,6.88,5.6,308.0,4.0,5.6,49.2,83.0,74.01
athlete_008,2025-02-04,7.86,7.0,163.8,4.0,6.7,49.7,85.0,81.05
athlete_008,2025-02-05,7.24,5.7,254.0,3.3,5.7,49.0,90.8,71.3
athlete_008,2025-02-06,6.66,4.4,177.4,4.1,5.0,51.0,83.6,70.16
athlete_008,2025-02-07,6.91,5.0,435.1,4.6,4.8,52.1,88.8,75.2
athlete_008,2025-02-08,7.71,5.3,263.1,6.2,4.1,53.8,82.8,76.01
athlete_008,2025-02-09,7.13,4.5,46.6,4.5,5.2,53.5,81.1,67.67
athlete_008,2025-02-10,5.97,4.6,377.6,5.5,4.3,53.6,79.8,71.65
athlete_008,2025-02-11,7.4,6.1,183.7,5.7,5.6,54.5,88.7,68.29
athlete_008,2025-02-12,8.29,6.9,424.7,4.1,6.7,53.1,85.0,79.46
athlete_008,2025-02-13,7.7,4.3,230.8,5.4,4.1,53.8,83.6,73.15
athlete_008,2025-02-14,7.86,4.5,371.0,5.3,3.6,55.1,81.0,69.54
athlete_008,2025-02-15,6.96,4.9,315.4,6.0,3.4,56.8,78.2,65.12
athlete_008,2025-02-16,6.69,3.5,53.4,5.0,3.7,55.5,78.9,71.34
athlete_008,2025-02-17,7.25,5.6,328.4,4.6,5.3,55.2,78.5,77.86
athlete_008,2025-02-18,7.58,5.9,182.2,4.6,5.0,53.7,86.2,78.16
athlete_008,2025-02-19,6.46,4.1,386.2,4.9,3.8,54.6,76.5,63.61
athlete_008,2025-02-20,6.36,4.3,218.1,5.0,3.9,54.4,81.8,66.12
athlete_008,2025-02-21,7.43,5.8,369.0,4.3,5.4,52.8,82.4,84.2
athlete_008,2025-02-22,9.2,8.1,261.3,4.4,6.9,50.0,90.3,85.77
athlete_008,2025-02-23,8.3,7.1,49.5,4.3,6.3,53.4,88.2,81.56
athlete_008,2025-02-24,8.33,7.2,251.5,4.7,6.5,52.2,87.3,75.29
athlete_008,2025-02-25,7.11,5.3,103.9,4.7,5.6,52.5,86.7,75.24
athlete_008,2025-02-26,6.96,4.3,159.6,6.0,4.4,53.2,79.1,74.12
athlete_008,2025-02-27,7.82,6.3,120.7,4.0,6.2,50.1,89.4,78.99
athlete_008,2025-02-28,6.99,5.4,234.8,4.7,5.0,50.4,82.6,69.19
athlete_008,2025-03-01,7.27,6.7,182.1,3.2,6.6,49.3,87.8,82.3
athlete_008,2025-03-02,7.65,5.9,31.6,4.6,6.3,49.7,84.5,79.1
athlete_008,2025-03-03,7.37,5.2,324.7,3.8,5.3,50.2,87.1,68.15
athlete_008,2025-03-04,7.5,5.5,137.6,3.7,6.2,51.4,88.0,76.35
athlete_008,2025-03-05,6.77,5.3,278.9,4.1,5.5,49.7,89.0,77.96
athlete_008,2025-03-06,7.77,7.1,159.9,3.7,7.8,53.1,88.6,81.52
athlete_008,2025-03-07,7.87,5.2,418.3,3.3,5.6,48.4,90.8,78.05
athlete_008,2025-03-08,6.89,4.7,290.3,4.3,5.1,51.4,83.1,71.97
athlete_008,2025-03-09,8.21,6.1,55.5,4.2,6.7,51.7,91.3,77.48
athlete_008,2025-03-10,7.0,5.3,396.7,4.9,5.1,56.0,84.6,75.73
athlete_008,2025-03-11,6.67,4.0,146.7,5.2,3.3,57.4,80.1,71.39
athlete_008,2025-03-12,8.15,6.7,286.6,4.1,6.4,49.1,88.9,84.98
athlete_008,2025-03-13,8.12,5.5,179.9,5.6,4.4,52.5,85.4,73.43
athlete_008,2025-03-14,7.4,5.6,377.6,4.5,5.0,53.2,81.8,73.77
athlete_008,2025-03-15,7.56,4.7,273.4,4.4,4.5,51.8,83.0,77.9
athlete_008,2025-03-16,7.02,4.9,48.6,4.9,4.3,51.3,82.0,69.79
athlete_008,2025-03-17,8.39,7.7,269.9,3.5,7.8,52.9,93.7,82.91
athlete_008,2025-03-18,7.2,6.4,163.1,5.4,5.5,52.3,89.7,79.9
athlete_008,2025-03-19,7.35,5.3,407.8,3.4,6.1,49.1,89.6,77.47
athlete_008,2025-03-20,8.4,7.2,216.8,3.1,8.1,51.5,91.7,84.39
athlete_008,2025-03-21,7.41,4.8,303.0,4.8,3.9,53.7,81.6,73.16
athlete_008,2025-03-22,7.13,6.0,268.5,4.4,5.4,53.1,83.5,76.77
athlete_008,2025-03-23,7.58,5.8,59.0,5.3,5.0,50.8,80.3,70.88
athlete_008,2025-03-24,7.02,5.7,191.5,2.7,6.6,50.7,85.0,77.37
athlete_008,2025-03-25,7.83,6.3,118.8,4.2,5.7,48.8,87.0,76.82
athlete_008,2025-03-26,6.57,4.4,173.9,4.8,4.1,53.8,85.8,70.13
athlete_008,2025-03-27,6.34,3.3,117.1,5.5,2.1,57.4,80.7,61.38
athlete_008,2025-03-28,7.88,5.7,153.0,4.2,5.1,49.7,91.3,70.4
athlete_008,2025-03-29,7.47,5.4,157.9,3.3,6.5,50.1,88.9,78.4
athlete_008,2025-03-30,8.09,7.1,29.4,2.5,7.7,47.6,97.2,88.04
athlete_008,2025-03-31,6.9,3.8,415.6,4.2,4.2,51.9,87.7,71.93
athlete_008,2025-04-01,7.79,5.6,151.9,3.9,6.2,50.4,91.9,82.12
athlete_008,2025-04-02,6.16,3.5,349.9,4.2,3.9,53.3,78.3,69.49
athlete_008,2025-04-03,7.11,5.4,217.4,4.1,6.0,52.5,84.7,73.15
athlete_008,2025-04-04,7.09,5.6,374.9,4.8,5.4,52.9,86.3,75.67
athlete_008,2025-04-05,8.1,6.9,241.9,4.3,5.3,50.6,86.5,75.07
athlete_008,2025-04-06,7.39,3.6,51.5,4.7,4.3,52.1,85.1,73.12
athlete_008,2025-04-07,6.65,4.5,362.5,4.5,4.0,51.2,76.1,75.38
athlete_008,2025-04-08,6.99,3.8,172.1,4.9,3.4,54.7,74.9,67.22
athlete_008,2025-04-09,6.46,4.1,332.3,4.1,5.1,51.9,80.1,67.68
athlete_008,2025-04-10,7.8,5.8,201.0,5.0,5.4,54.1,83.5,69.39
athlete_008,2025-04-11,7.49,5.7,265.2,5.1,5.0,52.6,88.0,75.65
athlete_008,2025-04-12,6.83,3.7,294.5,6.2,3.6,52.2,84.8,68.74
athlete_008,2025-04-13,6.55,4.2,66.7,5.0,4.0,51.9,80.2,66.81
athlete_008,2025-04-14,7.21,4.6,324.5,6.0,3.9,55.0,82.8,71.57
athlete_008,2025-04-15,7.64,5.7,189.3,5.2,5.0,52.4,89.2,75.37
athlete_008,2025-04-16,7.05,5.1,355.6,4.0,5.0,51.5,79.6,74.76
athlete_008,2025-04-17,5.78,3.6,234.2,5.2,3.6,53.8,80.2,66.04
athlete_008,2025-04-18,8.07,6.3,401.6,4.7,6.1,54.2,88.5,71.61
athlete_008,2025-04-19,7.73,5.3,326.6,4.6,4.9,51.7,90.1,77.69
athlete_008,2025-04-20,7.32,4.6,51.5,4.6,4.4,53.4,79.2,73.92
athlete_008,2025-04-21,8.08,6.9,226.3,3.4,7.0,50.4,90.6,77.47
athlete_008,2025-04-22,7.32,5.2,128.3,4.5,4.2,54.2,82.7,69.76
athlete_008,2025-04-23,7.07,5.7,221.4,5.3,4.8,54.3,81.5,73.74
athlete_008,2025-04-24,7.57,4.8,103.1,4.4,5.6,51.3,85.0,68.24
athlete_008,2025-04-25,8.03,6.6,218.7,3.9,6.2,53.6,90.5,79.98
athlete_008,2025-04-26,6.52,3.7,155.4,5.1,2.9,53.5,86.7,71.46
athlete_008,2025-04-27,6.23,4.2,28.2,2.2,6.4,49.4,88.9,74.0
athlete_008,2025-04-28,7.67,6.6,307.1,3.2,6.9,47.8,93.8,75.46
athlete_008,2025-04-29,7.19,4.7,158.4,5.0,4.8,53.1,92.4,76.36
athlete_008,2025-04-30,7.61,5.5,346.3,3.5,5.9,49.8,86.7,73.92
athlete_008,2025-05-01,7.24,4.1,178.4,4.8,4.4,51.0,79.0,72.19
athlete_008,2025-05-02,7.7,6.0,381.0,3.6,6.9,49.1,90.4,83.16
athlete_008,2025-05-03,6.82,4.7,242.7,5.8,2.7,53.5,79.3,65.55
athlete_008,2025-05-04,8.37,6.1,46.7,4.3,5.7,50.5,84.2,80.37
athlete_008,2025-05-05,7.14,4.8,437.9,3.8,5.4,53.8,89.8,70.02
athlete_009,2025-01-06,8.72,7.7,326.8,3.4,7.8,51.6,53.1,71.41
athlete_009,2025-01-07,6.73,4.3,115.6,6.3,3.2,64.0,33.4,55.45
athlete_009,2025-01-08,8.3,5.6,254.2,2.7,6.8,58.7,49.4,67.08
athlete_009,2025-01-09,7.9,4.9,122.7,3.9,5.0,60.3,44.2,67.23
athlete_009,2025-01-10,6.76,4.8,293.2,3.7,5.4,58.8,39.8,69.31
athlete_009,2025-01-11,6.78,4.4,201.3,4.8,4.0,61.5,43.3,59.77
athlete_009,2025-01-12,7.11,6.5,40.2,4.2,6.2,58.8,41.3,68.82
athlete_009,2025-01-13,7.7,5.2,280.8,3.7,5.7,62.0,44.6,64.31
athlete_009,2025-01-14,7.04,5.1,131.6,3.4,5.2,58.1,48.7,62.11
athlete_009,2025-01-15,7.02,4.8,222.9,5.2,3.4,62.0,40.1,53.7
athlete_009,2025-01-16,8.26,7.1,165.4,2.7,7.0,57.6,50.7,68.63
athlete_009,2025-01-17,6.36,4.7,325.5,3.5,6.1,58.0,43.9,65.49
athlete_009,2025-01-18,8.55,6.1,237.7,4.4,5.7,59.1,47.5,71.94
athlete_009,2025-01-19,8.5,6.2,35.5,5.9,4.2,61.1,46.4,58.5
athlete_009,2025-01-20,7.57,5.5,346.4,4.3,5.2,55.5,43.0,68.07
athlete_009,2025-01-21,7.82,4.7,161.1,4.7,5.2,60.8,45.1,71.72
athlete_009,2025-01-22,7.38,5.5,208.6,3.9,6.1,59.5,42.7,63.45
athlete_009,2025-01-23,7.73,5.4,137.4,3.3,5.6,58.4,45.4,70.26
athlete_009,2025-01-24,7.39,4.9,311.9,5.2,4.7,59.7,40.9,61.08
athlete_009,2025-01-25,8.26,6.3,236.3,3.7,7.0,60.2,46.1,67.28
athlete_009,2025-01-26,7.09,4.4,32.3,3.6,4.8,60.2,43.9,62.04
athlete_009,2025-01-27,6.98,3.4,157.5,5.7,4.0,62.4,38.4,56.49
athlete_009,2025-01-28,7.29,4.5,89.4,4.8,3.7,60.6,44.8,55.66
athlete_009,2025-01-29,7.55,5.4,102.6,4.3,5.1,55.7,41.0,61.36
athlete_009,2025-01-30,8.99,7.4,89.8,4.1,5.9,58.4,46.5,67.05
athlete_009,2025-01-31,7.38,4.3,143.1,3.8,4.0,60.7,43.9,64.13
athlete_009,2025-02-01,7.22,4.6,114.4,4.7,5.0,59.1,46.0,61.6
athlete_009,2025-02-02,7.88,5.9,23.5,4.0,6.2,54.5,49.9,63.7
athlete_009,2025-02-03,9.1,8.3,315.6,2.1,8.1,54.5,53.5,74.46
athlete_009,2025-02-04,7.51,4.0,136.1,4.7,4.0,56.1,51.5,66.27
athlete_009,2025-02-05,8.16,6.0,211.3,3.7,6.3,59.8,48.0,67.91
athlete_009,2025-02-06,7.33,5.7,154.1,5.7,5.0,59.0,44.0,59.77
athlete_009,2025-02-07,7.27,5.4,292.9,4.1,5.4,59.0,43.9,65.15
athlete_009,2025-02-08,7.27,6.6,193.3,4.6,5.6,57.6,40.2,73.58
athlete_009,2025-02-09,7.69,5.6,30.0,4.9,4.8,61.5,47.2,64.54
athlete_009,2025-02-10,7.23,4.9,223.1,4.4,4.2,56.8,44.3,63.01
athlete_009,2025-02-11,8.5,7.3,117.2,3.6,6.8,59.2,53.7,77.87
athlete_009,2025-02-12,7.3,4.4,205.9,4.9,4.8,60.4,45.9,63.33
athlete_009,2025-02-13,7.76,5.9,152.3,4.8,4.6,59.4,46.9,64.1
athlete_009,2025-02-14,8.55,6.3,250.0,4.5,4.9,58.7,48.5,64.87
athlete_009,2025-02-15,7.71,7.4,221.7,1.8,8.6,58.4,50.8,77.96
athlete_009,2025-02-16,7.79,5.4,40.0,4.2,6.2,60.6,50.4,66.17
athlete_009,2025-02-17,7.79,5.6,266.6,5.2,4.4,58.4,44.6,65.36
athlete_009,2025-02-18,7.75,4.3,167.8,5.8,3.4,60.5,48.9,59.1
athlete_009,2025-02-19,8.91,6.5,306.1,5.0,5.2,57.1,49.9,66.7
athlete_009,2025-02-20,7.74,5.4,155.8,5.7,6.5,60.1,45.0,68.45
athlete_009,2025-02-21,7.56,5.8,317.9,3.4,7.0,58.0,45.1,74.66
athlete_009,2025-02-22,8.56,7.0,218.2,3.7,7.4,56.1,48.6,63.99
athlete_009,2025-02-23,8.03,5.6,35.4,4.6,5.1,58.2,46.3,66.81
athlete_009,2025-02-24,8.34,7.0,147.0,3.3,6.5,59.2,45.8,76.25
athlete_009,2025-02-25,8.18,6.3,66.3,5.4,5.1,58.2,40.7,60.84
athlete_009,2025-02-26,7.94,5.1,130.5,4.8,5.6,59.9,46.0,67.62
athlete_009,2025-02-27,8.23,5.5,99.8,4.3,5.4,57.3,46.8,67.72
athlete_009,2025-02-28,7.58,5.0,190.5,4.4,4.5,60.1,46.1,62.72
athlete_009,2025-03-01,7.64,5.3,99.2,4.1,5.6,60.5,41.7,73.66
athlete_009,2025-03-02,7.22,4.5,25.0,3.7,4.9,56.5,44.3,61.88
athlete_009,2025-03-03,7.12,4.7,270.3,3.8,6.2,57.0,45.6,64.49
athlete_009,2025-03-04,8.0,6.0,105.5,4.3,5.5,55.7,52.7,69.39
athlete_009,2025-03-05,8.61,7.1,243.7,4.4,6.3,56.4,51.5,70.63
athlete_009,2025-03-06,7.95,6.6,120.6,3.3,6.6,54.6,49.5,75.58
athlete_009,2025-03-07,8.0,6.0,273.5,3.1,6.4,59.2,48.2,72.08
athlete_009,2025-03-08,8.16,6.0,177.9,3.2,6.9,55.7,50.8,67.0
athlete_009,2025-03-09,8.82,7.9,33.0,3.6,6.9,56.5,50.8,70.77
athlete_009,2025-03-10,7.56,5.5,290.9,4.7,5.0,59.2,43.1,63.04
athlete_009,2025-03-11,7.7,4.7,141.2,4.8,5.4,57.7,44.8,65.0
athlete_009,2025-03-12,6.99,5.4,237.5,4.7,4.8,60.2,39.4,61.53
athlete_009,2025-03-13,7.79,6.1,173.5,4.3,6.0,57.7,45.3,62.51
athlete_009,2025-03-14,7.72,5.6,308.9,4.5,4.8,60.0,48.1,63.66
athlete_009,2025-03-15,7.77,7.1,229.4,5.1,5.7,61.3,45.8,63.75
athlete_009,2025-03-16,7.69,5.5,36.1,5.3,4.5,59.9,40.3,64.71
athlete_009,2025-03-17,8.29,6.4,331.4,3.5,7.2,58.8,46.4,70.4
athlete_009,2025-03-18,7.03,4.4,147.0,5.2,3.8,60.4,38.3,63.4
athlete_009,2025-03-19,7.72,4.6,242.9,5.0,4.5,60.9,37.3,60.36
athlete_009,2025-03-20,7.95,6.9,157.2,3.5,7.0,57.2,43.9,73.16
athlete_009,2025-03-21,7.54,5.0,222.3,6.3,3.8,61.3,32.3,57.65
athlete_009,2025-03-22,7.82,5.4,237.0,4.3,6.2,60.8,39.8,74.91
athlete_009,2025-03-23,7.36,5.4,47.0,5.6,5.0,60.4,35.1,66.53
athlete_009,2025-03-24,7.58,4.8,169.0,3.4,5.4,60.0,40.1,62.73
athlete_009,2025-03-25,7.49,5.9,67.2,4.4,4.4,56.8,41.5,56.27
athlete_009,2025-03-26,7.39,4.1,179.4,5.9,3.3,59.5,44.2,59.05
athlete_009,2025-03-27,7.58,6.0,88.4,3.5,6.2,56.0,48.4,69.2
athlete_009,2025-03-28,8.33,5.6,206.4,3.7,7.0,56.3,48.3,63.02
athlete_009,2025-03-29,7.0,4.1,124.0,5.5,4.5,60.7,41.4,62.06
athlete_009,2025-03-30,7.46,5.6,25.7,3.5,6.0,55.4,48.8,65.01
athlete_009,2025-03-31,8.51,7.1,290.0,2.5,7.9,57.2,50.6,74.29
athlete_009,2025-04-01,6.81,5.2,142.6,4.2,5.7,58.6,46.3,62.79
athlete_009,2025-04-02,7.44,5.7,211.8,4.7,5.6,58.8,47.1,67.04
athlete_009,2025-04-03,8.32,6.4,136.4,4.4,5.9,59.0,46.3,74.49
athlete_009,2025-04-04,7.82,5.4,326.7,4.3,5.9,58.3,46.1,69.57
athlete_009,2025-04-05,7.4,4.2,175.3,5.4,3.9,62.7,45.8,62.53
athlete_009,2025-04-06,7.77,4.3,39.0,5.8,3.4,63.4,45.2,55.35
athlete_009,2025-04-07,7.94,6.5,304.7,4.0,6.4,57.6,41.6,67.5
athlete_009,2025-04-08,7.78,6.6,139.8,3.3,6.0,59.2,43.5,69.26
athlete_009,2025-04-09,7.32,5.2,266.7,4.7,3.9,62.2,43.0,62.61
athlete_009,2025-04-10,7.92,6.2,186.7,3.4,7.0,58.4,47.0,71.3
athlete_009,2025-04-11,7.46,4.9,345.8,4.5,5.9,57.3,43.1,67.25
athlete_009,2025-04-12,7.54,6.0,229.9,4.4,5.9,63.5,47.5,67.16
athlete_009,2025-04-13,6.95,4.1,38.4,4.1,3.8,60.1,41.0,59.63
athlete_009,2025-04-14,7.7,5.9,289.5,3.4,5.4,57.6,48.9,60.77
athlete_009,2025-04-15,7.85,5.4,144.0,4.6,4.9,58.2,43.3,69.93
athlete_009,2025-04-16,9.03,7.2,251.6,4.4,6.8,59.5,48.8,72.83
athlete_009,2025-04-17,7.3,5.2,160.7,4.7,5.0,63.4,46.1,67.06
athlete_009,2025-04-18,8.2,7.1,281.3,4.4,7.4,58.2,42.6,72.2
athlete_009,2025-04-19,7.73,5.3,271.2,4.8,4.4,61.6,47.1,62.46
athlete_009,2025-04-20,7.39,5.8,43.6,4.5,5.3,61.7,40.9,61.01
athlete_009,2025-04-21,7.66,4.9,151.4,4.6,5.0,58.5,39.4,57.04
athlete_009,2025-04-22,8.32,6.1,71.3,2.5,8.0,56.6,55.7,68.27
athlete_009,2025-04-23,7.3,5.6,152.8,3.1,5.8,59.7,48.6,70.08
athlete_009,2025-04-24,7.47,5.8,64.7,3.3,6.2,57.1,46.5,68.61
athlete_009,2025-04-25,7.61,5.9,188.5,4.0,5.8,59.2,44.1,70.72
athlete_009,2025-04-26,6.65,3.6,108.8,5.7,3.3,58.9,47.5,55.51
athlete_009,2025-04-27,7.64,5.8,21.1,3.7,6.4,51.3,47.7,71.16
athlete_009,2025-04-28,8.39,6.3,316.6,3.2,6.1,56.9,48.6,66.52
athlete_009,2025-04-29,8.55,6.3,152.9,4.2,6.1,59.0,45.5,69.74
athlete_009,2025-04-30,7.29,5.7,256.8,4.3,4.3,61.6,42.0,65.24
athlete_009,2025-05-01,8.03,5.9,137.1,4.2,6.5,57.9,45.4,69.01
athlete_009,2025-05-02,8.03,5.9,243.2,3.1,7.0,55.1,49.9,69.95
athlete_009,2025-05-03,7.97,6.3,209.4,4.6,6.1,54.9,43.5,66.67
athlete_009,2025-05-04,7.55,6.0,35.8,5.2,4.9,61.6,41.8,54.14
athlete_009,2025-05-05,8.09,6.8,276.1,3.1,7.1,58.7,52.7,80.71
athlete_010,2025-01-06,7.16,6.0,277.5,3.3,7.5,50.3,76.5,78.0
athlete_010,2025-01-07,6.45,4.6,171.3,3.5,5.1,55.8,68.2,71.21
athlete_010,2025-01-08,6.61,4.5,265.1,5.0,5.0,54.3,59.9,70.91
athlete_010,2025-01-09,6.41,5.2,148.8,5.6,3.4,59.5,60.2,75.61
athlete_010,2025-01-10,7.62,6.9,341.8,4.0,6.6,56.4,64.8,74.27
athlete_010,2025-01-11,7.13,5.6,249.9,4.5,5.7,55.3,60.9,79.44
athlete_010,2025-01-12,7.1,5.4,38.1,5.1,4.5,53.8,58.3,63.67
athlete_010,2025-01-13,6.99,4.2,384.2,4.4,5.8,51.6,65.5,69.97
athlete_010,2025-01-14,7.14,6.7,173.5,3.9,7.1,54.1,63.6,78.99
athlete_010,2025-01-15,7.92,7.2,323.2,3.8,6.7,54.5,68.8,79.74
athlete_010,2025-01-16,6.7,3.9,162.4,5.3,4.1,53.7,55.9,63.7
athlete_010,2025-01-17,6.92,5.6,355.3,4.7,4.8,56.0,54.1,73.44
athlete_010,2025-01-18,5.87,3.2,290.8,6.2,3.4,55.8,62.8,65.75
athlete_010,2025-01-19,7.4,6.2,43.7,5.7,5.4,56.9,61.5,76.19
athlete_010,2025-01-20,7.68,7.5,336.5,4.2,7.1,53.3,65.8,81.93
athlete_010,2025-01-21,6.86,5.0,154.4,6.1,3.7,59.7,59.2,63.32
athlete_010,2025-01-22,7.7,7.3,293.2,3.1,7.8,53.1,68.7,78.53
athlete_010,2025-01-23,5.9,4.4,184.1,5.0,3.7,53.8,60.5,72.34
athlete_010,2025-01-24,7.38,6.4,309.4,3.1,6.0,51.5,69.9,74.36
athlete_010,2025-01-25,7.52,6.5,236.9,5.3,5.4,55.8,54.9,79.05
athlete_010,2025-01-26,6.3,4.3,51.6,4.7,3.5,58.7,58.0,70.55
athlete_010,2025-01-27,8.1,7.7,184.0,3.2,8.7,52.2,66.4,84.54
athlete_010,2025-01-28,6.63,4.7,108.4,4.8,3.8,57.0,69.6,70.22
athlete_010,2025-01-29,7.44,5.9,166.3,3.1,6.3,51.8,67.2,76.89
athlete_010,2025-01-30,7.09,6.4,88.9,5.3,6.4,54.1,63.2,72.42
athlete_010,2025-01-31,6.3,5.1,198.2,4.5,5.6,55.3,69.3,76.64
athlete_010,2025-02-01,8.45,7.0,141.6,3.1,8.5,49.0,75.0,84.18
athlete_010,2025-02-02,7.31,5.9,28.4,1.8,6.8,51.6,68.5,79.47
athlete_010,2025-02-03,7.54,7.0,352.9,3.4,7.5,51.1,67.5,80.72
athlete_010,2025-02-04,6.36,5.2,165.8,4.4,5.1,54.4,63.3,69.32
athlete_010,2025-02-05,6.8,5.8,301.2,2.9,5.8,55.3,72.8,81.12
athlete_010,2025-02-06,5.85,4.5,189.8,3.4,5.0,56.2,70.7,78.21
athlete_010,2025-02-07,6.86,6.2,239.3,4.1,5.4,56.6,69.1,78.01
athlete_010,2025-02-08,6.19,5.8,245.5,3.0,6.3,53.8,61.9,77.53
athlete_010,2025-02-09,8.31,8.3,40.4,3.2,8.3,51.9,70.2,80.78
athlete_010,2025-02-10,7.25,5.7,341.4,3.1,6.7,51.5,74.5,79.2
athlete_010,2025-02-11,7.34,6.3,119.3,4.1,6.6,50.8,67.5,81.88
athlete_010,2025-02-12,6.9,5.6,263.3,2.4,6.3,54.1,59.9,82.26
athlete_010,2025-02-13,5.9,2.9,171.6,5.3,3.0,58.7,61.2,59.8
athlete_010,2025-02-14,7.91,8.8,347.1,3.3,7.0,53.7,67.8,76.65
athlete_010,2025-02-15,6.94,6.2,288.3,3.8,5.8,57.3,64.8,75.89
athlete_010,2025-02-16,7.27,6.1,39.6,4.3,6.3,58.1,67.3,72.13
athlete_010,2025-02-17,7.35,6.7,366.0,3.8,7.5,54.2,75.6,84.71
athlete_010,2025-02-18,5.81,4.1,179.8,6.3,3.5,56.1,56.2,69.16
athlete_010,2025-02-19,7.12,5.7,258.0,4.2,6.2,56.3,77.5,73.87
athlete_010,2025-02-20,6.5,5.3,151.7,4.3,6.2,56.2,62.1,71.57
athlete_010,2025-02-21,7.33,6.4,354.2,5.2,5.3,56.3,67.6,77.33
athlete_010,2025-02-22,5.7,2.7,282.1,6.2,2.2,59.7,47.8,63.6
athlete_010,2025-02-23,6.43,4.6,41.8,4.3,4.4,54.7,61.2,68.82
athlete_010,2025-02-24,6.37,4.2,187.5,6.3,2.4,56.3,57.3,57.88
athlete_010,2025-02-25,7.58,5.2,79.4,4.5,5.1,53.0,62.4,76.72
athlete_010,2025-02-26,7.88,7.1,159.7,4.1,6.5,51.7,69.8,80.14
athlete_010,2025-02-27,7.47,6.8,107.5,2.8,7.7,52.5,74.4,80.68
athlete_010,2025-02-28,6.52,3.5,225.2,3.3,5.1,53.1,64.8,64.25
athlete_010,2025-03-01,6.39,5.0,132.3,4.6,5.3,53.7,64.4,75.28
athlete_010,2025-03-02,7.05,6.6,25.6,3.1,7.0,50.1,70.0,78.38
athlete_010,2025-03-03,7.86,8.3,275.1,1.9,9.9,47.0,76.6,88.86
athlete_010,2025-03-04,7.35,6.7,142.2,3.1,6.7,52.0,70.2,80.27
athlete_010,2025-03-05,7.14,6.9,287.6,4.1,6.4,52.2,72.4,81.15
athlete_010,2025-03-06,8.01,7.3,187.5,4.0,7.6,51.6,68.1,84.45
athlete_010,2025-03-07,7.14,5.5,285.2,4.3,5.3,58.0,67.0,77.96
athlete_010,2025-03-08,5.88,3.5,221.2,5.4,3.1,58.1,66.1,61.84
athlete_010,2025-03-09,6.95,6.2,43.6,4.0,5.4,53.3,59.5,74.09
athlete_010,2025-03-10,6.33,5.9,255.2,4.0,5.8,57.9,61.4,70.99
athlete_010,2025-03-11,6.39,4.0,151.4,6.1,1.9,54.7,65.0,61.26
athlete_010,2025-03-12,7.61,7.3,284.2,3.8,6.7,51.2,75.7,84.36
athlete_010,2025-03-13,6.85,5.5,174.6,4.1,5.4,54.8,62.5,70.82
athlete_010,2025-03-14,6.53,5.0,293.0,3.7,6.5,55.2,66.1,67.92
athlete_010,2025-03-15,7.42,6.5,256.6,4.6,5.6,54.6,66.2,77.46
athlete_010,2025-03-16,6.79,4.6,33.2,5.4,4.9,55.3,62.3,81.16
athlete_010,2025-03-17,7.51,6.9,394.7,3.7,6.8,51.8,64.1,81.74
athlete_010,2025-03-18,7.4,6.2,132.8,4.1,7.0,56.8,61.5,72.41
athlete_010,2025-03-19,6.35,4.7,226.5,4.5,4.3,55.5,62.4,71.21
athlete_010,2025-03-20,6.66,4.1,172.8,5.5,3.3,53.3,61.6,61.48
athlete_010,2025-03-21,8.13,7.8,382.1,2.8,8.3,52.4,67.6,84.55
athlete_010,2025-03-22,5.95,3.0,233.6,5.0,3.5,55.2,61.5,68.78
athlete_010,2025-03-23,6.77,4.4,40.0,5.2,3.8,56.4,62.6,67.92
athlete_010,2025-03-24,6.76,4.5,191.1,4.5,4.1,55.4,61.4,68.31
athlete_010,2025-03-25,6.71,4.9,101.0,4.4,5.2,55.3,57.1,65.07
athlete_010,2025-03-26,8.36,8.6,140.1,3.7,7.1,53.3,72.5,83.16
athlete_010,2025-03-27,7.34,6.2,94.6,3.3,6.5,53.7,63.3,74.43
athlete_010,2025-03-28,6.4,4.9,192.6,4.4,4.8,53.9,62.8,70.46
athlete_010,2025-03-29,6.94,5.3,130.2,4.0,5.4,55.8,69.1,74.0
athlete_010,2025-03-30,7.06,5.4,22.2,3.4,6.0,52.4,68.5,72.79
athlete_010,2025-03-31,6.19,4.2,424.2,2.9,5.4,53.2,73.9,75.66
athlete_010,2025-04-01,6.92,5.7,163.0,4.2,5.4,55.4,67.9,73.48
athlete_010,2025-04-02,7.48,6.5,336.9,4.4,6.6,54.2,67.7,79.98
athlete_010,2025-04-03,7.31,6.1,168.5,4.0,5.6,53.7,76.2,79.31
athlete_010,2025-04-04,8.37,6.6,292.8,4.7,5.7,52.8,67.9,79.78
athlete_010,2025-04-05,6.09,3.0,216.5,5.3,3.8,56.2,55.4,59.93
athlete_010,2025-04-06,6.55,3.8,35.7,5.0,3.6,58.9,59.4,65.56
athlete_010,2025-04-07,6.41,4.4,356.7,5.0,3.8,55.6,64.9,74.88
athlete_010,2025-04-08,6.32,3.9,142.9,4.6,3.9,54.3,59.5,64.13
athlete_010,2025-04-09,6.63,5.1,309.7,3.9,5.4,56.4,65.9,68.35
athlete_010,2025-04-10,7.93,7.5,148.0,3.5,6.9,52.0,67.2,77.47
athlete_010,2025-04-11,8.19,7.9,361.9,4.3,6.9,56.0,70.5,82.8
athlete_010,2025-04-12,6.83,4.8,232.8,6.2,3.1,57.5,66.2,72.78
athlete_010,2025-04-13,6.81,4.8,41.9,3.4,5.5,55.2,63.1,77.35
athlete_010,2025-04-14,6.35,4.6,316.6,4.1,4.7,59.3,66.9,69.05
athlete_010,2025-04-15,6.72,5.4,163.8,4.7,5.4,53.7,60.7,68.57
athlete_010,2025-04-16,5.97,4.3,325.6,4.6,4.5,53.3,64.6,75.9
athlete_010,2025-04-17,6.06,4.3,202.8,3.7,5.3,53.2,70.5,75.45
athlete_010,2025-04-18,6.97,6.2,347.0,4.5,6.4,56.2,60.2,74.96
athlete_010,2025-04-19,7.83,7.6,240.6,2.3,7.8,53.3,69.0,82.19
athlete_010,2025-04-20,6.69,5.4,47.4,5.3,4.8,56.0,60.5,65.84
athlete_010,2025-04-21,6.72,4.6,199.5,3.1,5.8,53.7,72.7,76.96
athlete_010,2025-04-22,6.52,4.5,119.0,4.7,4.3,55.0,61.8,72.78
athlete_010,2025-04-23,6.89,5.8,189.5,2.9,8.1,54.1,72.7,79.27
athlete_010,2025-04-24,6.56,4.8,96.2,4.7,4.6,54.0,55.4,69.35
athlete_010,2025-04-25,6.37,4.8,233.4,4.2,5.5,50.9,61.1,71.4
athlete_010,2025-04-26,7.31,6.5,159.3,2.4,7.8,53.5,73.6,87.42
athlete_010,2025-04-27,6.27,3.7,24.2,5.1,4.0,55.8,58.7,66.85
athlete_010,2025-04-28,7.23,6.6,353.3,3.5,7.1,51.0,67.5,76.69
athlete_010,2025-04-29,7.94,6.6,142.4,4.1,6.3,52.3,63.1,79.85
athlete_010,2025-04-30,7.58,6.8,299.5,4.2,7.3,55.2,71.6,78.98
athlete_010,2025-05-01,7.31,6.7,137.3,5.0,6.2,56.8,72.0,77.35
athlete_010,2025-05-02,6.66,5.2,272.4,4.6,5.1,55.1,66.0,75.46
athlete_010,2025-05-03,7.62,7.4,155.8,4.6,6.7,55.6,72.3,78.95
athlete_010,2025-05-04,6.6,4.8,43.4,4.3,5.2,52.5,67.4,71.0
athlete_010,2025-05-05,7.38,5.3,306.3,4.7,4.8,52.1,69.8,74.25
athlete_011,2025-01-06,9.06,6.8,276.9,3.2,7.7,56.2,91.8,87.31
athlete_011,2025-01-07,8.52,5.5,172.4,4.2,6.1,63.2,82.5,78.74
athlete_011,2025-01-08,9.9,8.3,266.2,4.5,7.8,59.4,85.2,85.4
athlete_011,2025-01-09,8.28,5.6,233.6,4.4,4.5,63.4,77.3,80.19
athlete_011,2025-01-10,9.02,6.9,302.9,4.2,7.8,62.4,84.4,85.82
athlete_011,2025-01-11,8.89,6.3,297.9,4.2,6.7,63.8,79.7,87.07
athlete_011,2025-01-12,8.3,5.5,50.0,5.2,4.7,62.3,75.4,72.55
athlete_011,2025-01-13,8.49,6.7,444.6,3.1,6.9,60.7,78.0,87.68
athlete_011,2025-01-14,7.57,2.8,194.3,5.8,1.9,64.8,73.3,67.97
athlete_011,2025-01-15,9.83,7.4,403.0,3.4,7.4,59.6,81.3,88.68
athlete_011,2025-01-16,7.4,2.9,173.0,7.4,2.4,67.2,76.9,63.85
athlete_011,2025-01-17,9.13,6.2,432.2,3.0,7.3,58.6,84.5,86.72
athlete_011,2025-01-18,8.41,4.4,352.9,5.7,4.6,66.5,73.1,83.34
athlete_011,2025-01-19,6.35,2.5,55.9,5.7,1.9,66.7,74.8,66.29
athlete_011,2025-01-20,7.12,4.4,294.3,5.2,4.3,65.7,73.0,74.4
athlete_011,2025-01-21,8.87,5.7,208.2,3.5,6.4,57.3,82.9,85.39
athlete_011,2025-01-22,7.98,4.5,339.2,6.4,3.9,64.2,78.1,75.79
athlete_011,2025-01-23,7.68,5.4,240.2,2.9,6.4,60.4,83.6,85.86
athlete_011,2025-01-24,7.5,4.6,375.5,4.8,4.0,60.3,77.4,74.37
athlete_011,2025-01-25,7.27,3.6,346.3,5.1,3.7,61.6,68.7,74.88
athlete_011,2025-01-26,8.15,4.9,58.1,5.2,4.0,61.0,76.0,73.33
athlete_011,2025-01-27,10.0,6.9,241.0,4.4,6.3,59.9,79.2,84.23
athlete_011,2025-01-28,8.32,5.5,125.6,4.0,5.7,58.5,79.2,81.86
athlete_011,2025-01-29,8.25,4.6,221.3,4.1,5.5,61.6,78.8,84.37
athlete_011,2025-01-30,8.57,6.6,121.6,3.3,7.3,58.9,82.3,88.4
athlete_011,2025-01-31,8.95,6.6,238.5,2.7,6.6,58.8,87.0,86.82
athlete_011,2025-02-01,8.3,4.2,187.1,4.8,3.9,63.0,81.8,72.88
athlete_011,2025-02-02,8.05,5.7,32.0,4.4,4.8,57.0,78.3,74.78
athlete_011,2025-02-03,8.19,4.5,454.2,5.6,3.6,60.2,81.7,71.14
athlete_011,2025-02-04,8.12,5.7,215.6,3.5,6.3,60.4,80.5,85.61
athlete_011,2025-02-05,8.32,6.5,413.2,4.3,6.3,60.0,76.3,87.19
athlete_011,2025-02-06,7.48,4.4,209.4,4.7,4.2,64.6,72.9,74.36
athlete_011,2025-02-07,8.45,5.8,367.7,4.9,5.4,60.6,73.1,78.44
athlete_011,2025-02-08,8.95,4.9,347.0,6.6,4.2,64.5,79.2,74.61
athlete_011,2025-02-09,8.26,4.3,57.9,5.0,4.5,63.7,77.0,76.9
athlete_011,2025-02-10,8.69,5.8,412.6,4.7,5.3,59.7,81.5,76.43
athlete_011,2025-02-11,8.11,3.7,169.5,5.2,3.8,62.4,81.2,73.79
athlete_011,2025-02-12,8.65,3.9,395.1,5.5,5.0,65.5,80.0,74.57
athlete_011,2025-02-13,8.06,5.4,166.1,4.9,4.8,64.5,77.2,80.23
athlete_011,2025-02-14,8.91,7.1,408.4,4.4,5.4,63.2,80.3,82.75
athlete_011,2025-02-15,7.86,4.8,271.3,4.9,5.2,61.7,72.0,74.85
athlete_011,2025-02-16,8.56,5.9,52.7,5.6,5.7,63.0,80.5,81.97
athlete_011,2025-02-17,8.77,5.9,329.8,4.1,5.9,63.5,81.5,86.89
athlete_011,2025-02-18,8.76,5.2,197.9,4.7,5.4,60.6,83.8,85.72
athlete_011,2025-02-19,9.04,7.6,298.3,3.1,8.2,59.6,85.7,87.89
athlete_011,2025-02-20,8.77,5.4,202.0,4.6,5.6,60.7,80.2,80.98
athlete_011,2025-02-21,7.74,4.1,412.6,5.7,4.0,60.8,73.1,75.46
athlete_011,2025-02-22,9.29,6.0,335.2,5.3,5.0,59.5,76.0,76.97
athlete_011,2025-02-23,8.83,5.9,55.8,6.0,3.7,66.2,76.4,80.06
athlete_011,2025-02-24,8.72,6.2,185.8,3.9,6.3,60.4,78.0,87.49
athlete_011,2025-02-25,7.81,4.8,114.3,3.6,5.2,61.0,82.8,72.23
athlete_011,2025-02-26,8.93,6.3,217.8,3.4,8.1,57.5,85.6,91.02
athlete_011,2025-02-27,7.34,3.6,126.4,4.5,5.5,57.1,85.2,79.0
athlete_011,2025-02-28,8.55,7.6,252.9,2.9,7.0,59.1,83.2,92.76
athlete_011,2025-03-01,8.19,5.4,174.8,2.7,6.4,58.9,85.3,86.93
athlete_011,2025-03-02,8.02,6.8,31.4,4.9,5.6,59.3,77.8,80.15
athlete_011,2025-03-03,7.4,4.8,305.3,3.8,5.9,57.2,80.9,85.87
athlete_011,2025-03-04,8.04,4.9,160.2,3.9,5.5,58.4,85.6,88.08
athlete_011,2025-03-05,8.41,5.8,351.1,3.1,5.8,60.1,79.3,80.22
athlete_011,2025-03-06,8.84,6.1,217.1,5.5,4.8,61.1,82.8,73.11
athlete_011,2025-03-07,8.48,6.2,422.4,3.6,7.1,60.6,86.1,86.69
athlete_011,2025-03-08,7.89,4.7,269.2,4.9,4.7,66.8,78.1,74.94
athlete_011,2025-03-09,8.5,5.5,56.3,5.5,5.0,64.0,82.6,77.88
athlete_011,2025-03-10,8.09,5.6,447.2,3.7,5.8,57.9,84.4,80.78
athlete_011,2025-03-11,8.01,4.9,188.2,5.0,4.3,62.6,76.0,80.06
athlete_011,2025-03-12,8.02,5.4,262.5,4.6,5.3,60.1,76.4,83.36
athlete_011,2025-03-13,8.21,6.3,219.1,3.7,6.5,59.1,80.9,82.74
athlete_011,2025-03-14,8.58,5.5,557.7,4.4,5.2,62.6,83.1,80.6
athlete_011,2025-03-15,8.94,6.1,266.4,4.2,5.9,58.5,86.0,81.74
athlete_011,2025-03-16,8.13,4.4,63.0,4.9,4.7,60.1,77.1,77.61
athlete_011,2025-03-17,7.22,4.3,398.6,4.8,4.5,63.6,82.6,72.98
athlete_011,2025-03-18,8.54,5.8,201.1,4.5,5.7,59.9,73.9,86.08
athlete_011,2025-03-19,8.66,5.7,371.4,5.4,5.7,61.1,79.0,82.7
athlete_011,2025-03-20,8.19,5.3,240.6,4.5,4.2,62.3,82.6,78.04
athlete_011,2025-03-21,8.82,6.0,437.3,3.8,6.9,61.5,86.9,87.34
athlete_011,2025-03-22,9.33,7.1,327.0,4.8,6.5,61.1,74.9,84.63
athlete_011,2025-03-23,7.97,5.1,45.7,5.4,4.7,64.1,74.0,75.09
athlete_011,2025-03-24,8.97,6.3,226.1,4.3,5.8,63.5,87.4,73.07
athlete_011,2025-03-25,7.9,4.8,128.3,4.2,5.5,60.6,84.6,84.62
athlete_011,2025-03-26,8.17,5.8,219.7,4.1,5.8,62.2,84.4,82.89
athlete_011,2025-03-27,7.8,4.6,133.1,4.0,6.0,60.2,83.3,76.21
athlete_011,2025-03-28,8.86,6.1,231.0,4.0,6.5,59.2,78.3,83.5
athlete_011,2025-03-29,9.03,6.0,162.4,4.0,6.5,58.2,88.3,87.04
athlete_011,2025-03-30,8.26,6.2,32.6,3.8,6.0,60.8,87.7,87.02
athlete_011,2025-03-31,8.55,7.0,368.1,3.0,7.9,58.7,85.7,87.45
athlete_011,2025-04-01,8.75,6.4,171.3,3.5,6.8,56.8,87.7,91.4
athlete_011,2025-04-02,8.04,4.8,278.1,4.0,5.8,59.3,88.1,77.99
athlete_011,2025-04-03,8.4,6.0,156.6,2.7,6.8,58.6,77.1,89.0
athlete_011,2025-04-04,8.31,5.9,479.5,2.5,7.8,59.0,81.2,87.55
athlete_011,2025-04-05,7.92,4.6,280.1,6.2,3.3,62.5,70.1,80.4
athlete_011,2025-04-06,7.64,5.0,54.0,5.1,4.4,60.5,71.5,82.8
athlete_011,2025-04-07,8.02,4.4,495.8,4.1,5.4,61.5,80.7,82.7
athlete_011,2025-04-08,7.7,4.7,188.6,5.5,4.5,62.8,77.0,75.86
athlete_011,2025-04-09,7.96,5.4,384.7,3.4,5.9,59.1,79.1,86.61
athlete_011,2025-04-10,8.17,4.5,214.3,5.9,4.5,63.9,78.2,75.33
athlete_011,2025-04-11,8.37,4.7,338.1,3.4,5.2,64.7,82.7,76.91
athlete_011,2025-04-12,7.87,4.8,335.3,3.9,5.9,62.5,80.9,84.37
athlete_011,2025-04-13,7.65,3.1,52.7,5.8,2.6,62.7,72.0,66.32
athlete_011,2025-04-14,9.07,5.1,399.7,5.3,5.2,60.1,76.5,78.75
athlete_011,2025-04-15,8.64,5.6,184.8,5.4,4.9,61.1,79.3,78.18
athlete_011,2025-04-16,8.22,5.6,345.3,5.5,4.5,65.1,78.5,81.49
athlete_011,2025-04-17,7.91,4.4,233.1,7.1,2.8,65.0,72.7,72.06
athlete_011,2025-04-18,8.21,4.6,469.1,5.7,4.8,62.7,71.7,74.93
athlete_011,2025-04-19,8.28,5.1,349.0,5.4,5.3,62.7,72.4,78.71
athlete_011,2025-04-20,7.69,4.3,62.6,6.3,3.2,64.6,69.3,73.39
athlete_011,2025-04-21,8.2,6.6,224.2,4.6,6.1,59.4,80.3,80.88
athlete_011,2025-04-22,8.57,5.7,110.2,5.1,5.7,63.4,84.0,79.27
athlete_011,2025-04-23,7.78,3.8,219.7,4.8,4.5,58.5,78.8,71.81
athlete_011,2025-04-24,9.06,6.7,140.0,4.4,6.9,58.3,84.6,83.77
athlete_011,2025-04-25,7.76,5.5,205.8,4.5,4.6,60.7,85.4,79.35
athlete_011,2025-04-26,8.45,5.9,206.5,3.5,6.0,58.4,84.7,82.97
athlete_011,2025-04-27,7.92,6.0,33.0,3.8,5.6,60.5,79.4,77.63
athlete_011,2025-04-28,8.87,6.3,409.8,3.9,6.5,57.0,88.5,83.44
athlete_011,2025-04-29,9.03,6.3,149.7,3.7,6.1,60.5,76.5,83.23
athlete_011,2025-04-30,8.97,7.6,404.4,3.2,7.9,57.6,84.4,84.41
athlete_011,2025-05-01,8.31,4.9,189.7,5.8,4.7,62.7,79.4,75.1
athlete_011,2025-05-02,8.45,4.8,475.2,5.6,4.4,60.5,77.2,70.45
athlete_011,2025-05-03,8.25,4.4,301.2,6.2,3.6,62.9,75.9,75.01
athlete_011,2025-05-04,7.36,3.9,53.8,6.0,3.8,63.6,73.4,75.6
athlete_011,2025-05-05,8.13,4.9,471.6,5.0,4.8,59.8,82.5,80.25
athlete_012,2025-01-06,7.84,7.5,279.1,3.5,8.7,44.6,100.5,85.67
athlete_012,2025-01-07,7.02,4.2,123.0,5.7,4.0,55.4,90.9,68.51
athlete_012,2025-01-08,7.15,5.9,229.3,6.0,4.3,55.5,85.1,73.46
athlete_012,2025-01-09,6.94,4.6,161.9,5.6,2.7,55.0,75.2,70.84
athlete_012,2025-01-10,7.58,7.3,299.0,4.0,7.3,53.3,93.3,83.81
athlete_012,2025-01-11,7.81,5.6,228.2,3.3,6.0,51.1,88.1,77.71
athlete_012,2025-01-12,6.44,4.1,47.8,5.4,3.9,53.0,82.8,63.09
athlete_012,2025-01-13,7.57,6.2,318.8,4.4,6.3,51.6,93.5,81.09
athlete_012,2025-01-14,6.17,4.1,140.9,4.7,5.0,51.9,80.1,69.52
athlete_012,2025-01-15,6.78,5.4,297.5,5.5,5.1,54.9,82.5,79.69
athlete_012,2025-01-16,6.7,6.2,151.8,3.4,5.3,54.4,83.9,74.75
athlete_012,2025-01-17,7.17,5.5,350.3,4.3,5.8,54.6,86.2,77.6
athlete_012,2025-01-18,6.41,4.8,247.5,4.9,4.8,56.0,85.1,69.72
athlete_012,2025-01-19,7.25,6.0,37.1,3.9,5.1,50.9,82.0,65.45
athlete_012,2025-01-20,7.59,4.9,324.8,6.4,3.1,54.6,76.7,64.49
athlete_012,2025-01-21,7.24,6.4,153.6,4.1,5.7,52.2,85.7,73.22
athlete_012,2025-01-22,6.73,3.8,235.4,5.0,4.7,54.0,78.0,69.55
athlete_012,2025-01-23,6.34,4.4,186.3,5.2,4.4,55.1,81.8,66.28
athlete_012,2025-01-24,7.31,6.6,367.3,4.0,6.7,54.0,86.8,83.01
athlete_012,2025-01-25,7.08,6.1,287.7,4.6,5.8,53.3,78.5,76.33
athlete_012,2025-01-26,7.72,5.3,36.8,4.9,4.5,55.0,75.8,80.16
athlete_012,2025-01-27,7.44,5.0,178.7,4.5,6.1,53.2,85.3,72.72
athlete_012,2025-01-28,6.72,6.4,84.9,3.3,6.5,51.8,85.1,77.5
athlete_012,2025-01-29,7.24,6.3,152.6,2.8,7.3,49.5,90.1,79.93
athlete_012,2025-01-30,7.89,5.4,95.4,5.8,5.2,51.1,81.5,72.21
athlete_012,2025-01-31,6.72,5.0,199.7,5.8,4.8,54.5,80.1,68.64
athlete_012,2025-02-01,6.98,5.3,159.6,3.5,4.9,49.8,86.4,74.29
athlete_012,2025-02-02,7.29,5.5,22.8,4.3,6.5,50.3,87.0,73.48
athlete_012,2025-02-03,6.63,6.0,274.1,2.6,7.8,50.1,94.7,89.43
athlete_012,2025-02-04,6.47,5.6,142.2,3.7,5.5,51.8,88.8,77.41
athlete_012,2025-02-05,6.73,6.0,267.3,4.1,6.2,55.1,82.3,67.32
athlete_012,2025-02-06,7.15,5.7,169.1,2.6,6.1,50.2,92.7,78.59
athlete_012,2025-02-07,6.99,4.3,293.8,5.7,4.5,53.0,88.0,68.3
athlete_012,2025-02-08,6.76,4.3,214.7,4.3,4.8,52.1,89.1,72.86
athlete_012,2025-02-09,6.58,4.8,39.8,6.5,3.7,54.0,78.7,65.76
athlete_012,2025-02-10,6.46,4.6,307.3,5.1,4.9,54.8,79.7,72.6
athlete_012,2025-02-11,7.2,6.7,147.7,2.7,7.9,54.0,90.9,79.82
athlete_012,2025-02-12,6.3,4.8,269.8,5.5,4.1,55.7,81.7,67.08
athlete_012,2025-02-13,7.06,5.1,199.4,5.2,5.0,53.7,83.8,76.06
athlete_012,2025-02-14,7.35,5.4,297.9,3.2,6.5,51.5,85.8,86.44
athlete_012,2025-02-15,6.4,4.0,178.5,6.7,3.2,53.9,81.1,66.34
athlete_012,2025-02-16,7.46,5.9,31.5,4.6,5.4,54.4,89.7,82.14
athlete_012,2025-02-17,7.12,5.8,331.8,4.3,5.3,48.2,85.1,81.96
athlete_012,2025-02-18,6.72,4.2,187.9,5.3,4.0,52.9,89.0,62.46
athlete_012,2025-02-19,7.62,6.3,322.5,5.9,3.9,56.0,82.9,72.86
athlete_012,2025-02-20,6.89,4.7,185.0,4.6,6.0,52.3,89.6,75.72
athlete_012,2025-02-21,7.55,7.6,356.0,3.7,7.7,50.1,88.3,86.0
athlete_012,2025-02-22,6.43,4.3,292.0,6.6,3.3,56.5,75.2,69.35
athlete_012,2025-02-23,6.85,5.2,44.2,4.1,5.7,52.3,85.0,78.87
athlete_012,2025-02-24,7.94,6.7,166.9,4.2,7.0,52.7,86.0,85.21
athlete_012,2025-02-25,6.55,6.1,100.8,4.5,6.4,54.6,82.2,75.94
athlete_012,2025-02-26,6.25,4.4,189.1,5.7,3.8,55.7,89.9,74.8
athlete_012,2025-02-27,7.27,6.4,97.3,3.1,7.7,49.1,90.3,83.92
athlete_012,2025-02-28,7.12,6.0,181.5,4.0,5.3,53.7,87.6,74.82
athlete_012,2025-03-01,7.59,7.0,140.2,5.1,5.4,52.6,88.3,78.97
athlete_012,2025-03-02,8.85,8.3,21.1,3.7,7.9,47.8,94.3,82.46
athlete_012,2025-03-03,7.21,5.6,375.7,4.5,6.0,50.5,93.1,64.35
athlete_012,2025-03-04,7.23,6.5,185.2,4.4,6.1,52.8,88.9,74.31
athlete_012,2025-03-05,6.43,3.9,269.7,5.5,3.4,56.1,79.9,66.87
athlete_012,2025-03-06,7.05,6.3,155.3,3.0,8.0,51.9,92.1,88.92
athlete_012,2025-03-07,6.74,5.3,347.4,4.2,5.9,53.8,87.7,76.28
athlete_012,2025-03-08,7.21,5.2,242.7,5.8,4.0,53.3,78.5,71.89
athlete_012,2025-03-09,6.97,6.1,41.6,3.5,6.4,51.0,87.8,76.42
athlete_012,2025-03-10,6.46,4.5,317.0,4.9,3.5,55.0,79.3,64.52
athlete_012,2025-03-11,7.05,7.0,143.1,3.5,8.2,50.2,85.4,85.18
athlete_012,2025-03-12,7.29,7.0,261.8,4.3,5.8,52.0,82.8,78.91
athlete_012,2025-03-13,6.62,5.9,136.6,4.1,5.2,52.3,85.8,76.42
athlete_012,2025-03-14,8.32,7.9,281.3,4.1,7.2,51.7,99.4,88.37
athlete_012,2025-03-15,6.3,4.8,190.0,4.4,5.5,53.9,81.6,72.41
athlete_012,2025-03-16,6.07,3.6,42.7,5.1,4.6,54.0,83.8,69.7
athlete_012,2025-03-17,7.45,6.4,317.5,3.4,7.1,50.9,88.2,79.56
athlete_012,2025-03-18,5.3,2.9,143.2,4.7,3.5,52.6,84.4,65.43
athlete_012,2025-03-19,6.96,5.8,285.3,3.8,5.6,51.6,84.7,73.28
athlete_012,2025-03-20,6.18,4.9,173.4,4.7,5.0,55.1,85.6,75.56
athlete_012,2025-03-21,6.52,4.1,434.7,4.1,4.3,56.2,90.0,69.88
athlete_012,2025-03-22,5.99,2.5,234.4,5.9,2.5,59.8,78.6,63.02
athlete_012,2025-03-23,6.78,5.7,45.5,3.5,6.2,49.3,84.3,76.62
athlete_012,2025-03-24,6.18,4.9,173.7,3.8,5.3,53.0,78.8,73.43
athlete_012,2025-03-25,7.86,6.7,84.0,2.4,7.5,50.2,88.7,88.29
athlete_012,2025-03-26,7.04,5.5,172.1,5.2,5.0,50.3,82.7,78.37
athlete_012,2025-03-27,7.18,6.5,91.2,4.3,5.5,51.7,89.4,71.78
athlete_012,2025-03-28,7.28,6.2,140.9,5.0,5.6,51.7,83.0,81.55
athlete_012,2025-03-29,7.18,6.5,165.4,4.6,6.1,51.3,85.2,74.05
athlete_012,2025-03-30,7.97,7.8,23.8,2.7,8.9,51.2,87.3,81.39
athlete_012,2025-03-31,8.09,7.7,256.9,2.9,7.4,48.4,90.4,85.98
athlete_012,2025-04-01,7.11,3.8,157.2,5.1,4.2,50.0,87.2,68.29
athlete_012,2025-04-02,7.2,5.9,226.4,4.8,5.0,51.1,86.4,74.45
athlete_012,2025-04-03,7.23,8.0,109.0,2.7,8.4,47.5,85.7,92.39
athlete_012,2025-04-04,6.82,5.0,320.7,4.5,5.4,52.3,83.2,68.55
athlete_012,2025-04-05,6.9,4.4,245.4,4.5,4.8,51.5,88.6,74.41
athlete_012,2025-04-06,6.25,4.6,35.0,4.6,4.3,54.1,84.0,70.11
athlete_012,2025-04-07,6.96,6.8,335.3,4.1,6.2,50.7,89.7,81.61
athlete_012,2025-04-08,6.41,3.7,163.5,4.2,4.0,52.4,85.5,70.77
athlete_012,2025-04-09,6.43,4.8,225.4,4.3,4.7,52.6,79.4,69.73
athlete_012,2025-04-10,6.6,3.3,138.4,5.5,3.2,53.1,85.0,72.64
athlete_012,2025-04-11,7.48,6.2,294.9,5.0,6.2,51.0,81.2,74.92
athlete_012,2025-04-12,7.13,4.9,260.1,4.3,5.3,52.2,81.7,74.87
athlete_012,2025-04-13,6.57,5.2,43.4,4.2,5.6,51.4,88.0,74.27
athlete_012,2025-04-14,6.14,3.9,348.3,4.3,3.5,55.3,83.2,70.92
athlete_012,2025-04-15,6.53,5.8,147.2,3.9,6.1,50.0,81.4,82.64
athlete_012,2025-04-16,8.04,6.3,306.1,3.7,6.2,52.0,90.4,82.88
athlete_012,2025-04-17,5.84,3.9,161.6,5.3,3.9,54.4,83.7,73.42
athlete_012,2025-04-18,7.48,6.6,365.4,4.4,5.5,53.8,77.3,82.41
athlete_012,2025-04-19,7.14,4.7,207.2,5.7,5.2,52.0,78.8,69.39
athlete_012,2025-04-20,7.84,6.7,38.9,3.8,7.2,51.0,92.7,78.94
athlete_012,2025-04-21,6.78,3.8,158.7,5.6,3.1,51.6,77.5,60.32
athlete_012,2025-04-22,7.01,7.0,77.2,3.4,7.4,50.9,87.3,81.72
athlete_012,2025-04-23,7.11,7.3,169.5,4.4,6.7,53.6,82.3,77.52
athlete_012,2025-04-24,6.79,6.2,102.2,2.8,7.5,52.1,91.1,83.38
athlete_012,2025-04-25,7.64,7.2,198.1,3.7,8.0,50.9,88.5,84.03
athlete_012,2025-04-26,6.98,5.0,138.7,4.4,6.2,52.5,86.1,79.14
athlete_012,2025-04-27,7.19,6.6,22.5,4.5,6.3,50.3,88.1,78.44
athlete_012,2025-04-28,7.35,6.9,268.2,4.1,7.2,50.4,87.5,76.58
athlete_012,2025-04-29,7.62,6.3,162.2,4.9,6.1,50.8,87.4,75.87
athlete_012,2025-04-30,6.51,6.0,302.6,4.6,5.2,52.7,80.6,80.05
athlete_012,2025-05-01,7.55,6.6,190.8,5.4,5.9,53.9,85.7,79.9
athlete_012,2025-05-02,7.7,6.0,285.2,5.0,5.3,52.4,86.9,71.68
athlete_012,2025-05-03,7.1,5.4,252.3,4.2,5.5,54.9,88.2,72.17
athlete_012,2025-05-04,6.96,5.2,37.5,5.2,4.8,54.2,85.4,74.33
athlete_012,2025-05-05,6.39,4.0,277.7,6.6,2.9,56.2,77.3,66.13
athlete_013,2025-01-06,7.88,7.5,346.4,2.0,8.8,49.6,95.0,81.17
athlete_013,2025-01-07,6.87,3.1,138.2,5.9,2.6,52.8,73.3,58.04
athlete_013,2025-01-08,7.61,5.3,279.2,3.6,5.1,48.8,76.3,69.85
athlete_013,2025-01-09,7.85,7.2,181.2,3.4,7.0,49.1,80.6,78.11
athlete_013,2025-01-10,7.92,6.0,347.6,4.0,6.3,50.4,74.3,73.95
athlete_013,2025-01-11,7.7,4.8,208.0,4.3,4.7,48.4,74.8,60.74
athlete_013,2025-01-12,8.02,5.4,42.9,5.5,4.7,48.9,78.5,66.94
athlete_013,2025-01-13,6.47,3.8,416.3,3.3,4.2,50.6,78.7,57.46
athlete_013,2025-01-14,8.38,6.6,154.7,3.1,7.0,47.7,80.2,73.81
athlete_013,2025-01-15,7.76,4.9,300.8,4.4,6.0,49.1,77.2,63.07
athlete_013,2025-01-16,7.64,6.1,167.4,4.3,6.0,50.0,77.5,75.58
athlete_013,2025-01-17,7.81,5.7,412.0,4.2,5.9,50.6,75.9,69.67
athlete_013,2025-01-18,8.06,5.2,248.3,3.4,5.9,49.0,78.5,76.46
athlete_013,2025-01-19,7.89,5.9,47.1,5.6,4.1,54.4,73.6,66.44
athlete_013,2025-01-20,7.62,4.9,353.7,4.6,4.8,53.4,73.8,67.38
athlete_013,2025-01-21,7.62,6.1,137.2,3.6,5.4,49.1,79.7,77.36
athlete_013,2025-01-22,7.42,4.6,310.3,4.7,4.2,53.9,70.4,59.03
athlete_013,2025-01-23,7.4,5.4,175.7,3.7,5.7,45.9,78.1,63.83
athlete_013,2025-01-24,7.76,5.4,436.3,4.0,6.8,50.2,83.5,73.78
athlete_013,2025-01-25,7.53,5.4,295.7,6.2,4.0,54.4,73.4,56.59
athlete_013,2025-01-26,7.19,5.5,47.8,3.1,6.2,48.3,79.3,71.0
athlete_013,2025-01-27,7.56,5.2,177.8,5.3,5.1,49.6,75.3,69.12
athlete_013,2025-01-28,7.44,5.1,86.3,3.6,6.0,46.8,80.2,65.76
athlete_013,2025-01-29,8.5,6.3,171.6,3.9,5.7,47.5,79.7,71.83
athlete_013,2025-01-30,8.61,7.6,102.4,3.9,7.5,45.2,85.9,72.85
athlete_013,2025-01-31,9.02,8.2,216.3,2.5,7.6,45.3,84.9,76.91
athlete_013,2025-02-01,8.58,8.0,138.9,2.8,8.3,46.9,84.6,78.09
athlete_013,2025-02-02,7.95,6.6,22.6,2.9,6.3,46.7,85.8,72.43
athlete_013,2025-02-03,7.28,4.6,321.8,5.8,3.7,54.1,78.5,55.12
athlete_013,2025-02-04,8.35,6.6,182.1,3.0,7.6,46.7,80.2,73.99
athlete_013,2025-02-05,7.34,4.9,238.9,5.2,3.3,51.5,79.2,63.92
athlete_013,2025-02-06,7.84,4.9,165.8,3.9,5.0,49.1,76.4,67.18
athlete_013,2025-02-07,8.8,7.8,378.9,3.5,6.7,47.1,80.3,75.69
athlete_013,2025-02-08,7.13,3.7,216.7,5.8,3.1,52.4,71.9,62.18
athlete_013,2025-02-09,7.83,4.5,42.6,4.7,4.9,50.7,79.2,67.13
athlete_013,2025-02-10,7.45,5.0,329.6,5.2,4.3,50.3,78.4,69.59
athlete_013,2025-02-11,8.42,5.0,200.7,5.4,4.5,48.2,77.3,64.06
athlete_013,2025-02-12,8.73,7.0,235.8,5.6,5.1,52.1,79.6,69.0
athlete_013,2025-02-13,7.58,6.1,220.8,4.3,5.4,51.9,76.0,66.41
athlete_013,2025-02-14,7.08,4.8,355.4,5.6,4.3,52.4,82.1,63.02
athlete_013,2025-02-15,6.79,4.2,266.9,4.5,4.0,51.2,69.9,54.74
athlete_013,2025-02-16,7.72,5.0,42.2,5.0,4.5,50.8,74.5,64.25
athlete_013,2025-02-17,7.88,5.5,315.6,4.7,4.7,54.2,78.1,64.85
athlete_013,2025-02-18,7.22,4.2,149.5,5.3,2.9,50.6,72.1,57.8
athlete_013,2025-02-19,8.62,7.0,340.0,4.6,6.3,50.2,87.5,72.64
athlete_013,2025-02-20,7.41,4.0,184.4,6.2,3.2,53.4,70.9,60.55
athlete_013,2025-02-21,6.83,4.2,360.9,5.1,4.3,51.3,84.5,61.0
athlete_013,2025-02-22,7.25,3.8,218.3,6.0,3.4,53.4,75.4,59.63
athlete_013,2025-02-23,7.88,5.8,47.0,4.8,4.7,52.1,78.5,65.68
athlete_013,2025-02-24,7.15,6.0,217.5,2.9,6.3,51.5,76.4,69.58
athlete_013,2025-02-25,7.04,3.9,92.4,4.6,3.6,49.8,77.1,64.24
athlete_013,2025-02-26,8.06,6.0,164.7,3.9,5.1,50.2,78.2,67.55
athlete_013,2025-02-27,7.35,5.8,104.8,3.0,6.9,46.7,77.6,69.42
athlete_013,2025-02-28,8.02,5.9,236.8,4.1,5.9,44.3,77.6,70.53
athlete_013,2025-03-01,7.25,5.2,115.8,4.1,6.0,49.0,82.5,69.97
athlete_013,2025-03-02,9.55,7.4,28.7,3.5,8.0,45.1,90.9,78.87
athlete_013,2025-03-03,9.26,8.4,347.8,1.7,9.0,46.5,83.8,78.32
athlete_013,2025-03-04,8.01,5.2,164.4,4.4,5.5,48.6,80.6,71.19
athlete_013,2025-03-05,8.17,8.2,284.8,3.0,7.6,50.1,73.8,79.74
athlete_013,2025-03-06,7.74,6.0,164.2,4.0,6.1,47.3,84.7,67.25
athlete_013,2025-03-07,7.82,5.9,381.0,2.9,5.2,51.8,80.2,67.51
athlete_013,2025-03-08,8.83,7.3,250.8,5.4,6.5,50.7,75.9,70.33
athlete_013,2025-03-09,7.1,4.4,38.6,4.4,4.4,50.3,79.7,59.02
athlete_013,2025-03-10,7.77,5.1,272.8,4.7,5.6,49.6,79.7,64.81
athlete_013,2025-03-11,7.16,4.4,163.3,5.3,3.9,51.1,71.3,61.82
athlete_013,2025-03-12,8.01,7.1,313.3,3.5,6.3,52.2,86.2,74.52
athlete_013,2025-03-13,7.28,3.7,166.0,4.8,4.1,50.3,79.3,63.84
athlete_013,2025-03-14,7.96,5.4,361.6,5.0,5.0,50.9,83.8,67.04
athlete_013,2025-03-15,7.52,5.3,252.7,4.6,4.6,50.3,76.5,65.63
athlete_013,2025-03-16,6.67,4.5,47.1,4.5,4.7,51.3,72.5,58.63
athlete_013,2025-03-17,6.57,4.2,398.3,4.3,4.0,50.1,74.6,62.1
athlete_013,2025-03-18,8.78,7.2,159.4,3.1,7.6,47.4,79.5,71.35
athlete_013,2025-03-19,7.58,4.8,312.7,4.1,5.1,49.4,78.5,64.01
athlete_013,2025-03-20,6.64,3.7,182.6,5.5,3.4,50.9,69.7,57.16
athlete_013,2025-03-21,7.98,4.0,315.3,5.9,3.4,49.5,77.5,66.3
athlete_013,2025-03-22,7.09,4.7,280.9,5.1,4.7,49.9,79.5,61.22
athlete_013,2025-03-23,7.16,4.2,50.6,6.7,2.1,52.2,72.5,56.39
athlete_013,2025-03-24,6.4,2.9,200.5,6.3,2.0,55.2,70.5,51.87
athlete_013,2025-03-25,7.83,5.8,84.7,2.7,6.3,48.1,80.8,70.21
athlete_013,2025-03-26,7.35,5.4,172.4,3.8,5.3,50.8,80.8,67.26
athlete_013,2025-03-27,7.68,5.1,78.5,3.9,6.0,47.3,79.9,72.32
athlete_013,2025-03-28,7.73,6.4,184.9,3.5,6.8,48.2,82.9,69.87
athlete_013,2025-03-29,7.4,5.1,171.5,4.1,5.6,50.8,79.0,65.34
athlete_013,2025-03-30,7.32,5.5,23.6,4.4,5.2,49.1,77.4,64.12
athlete_013,2025-03-31,7.41,5.1,335.2,5.2,4.5,49.1,79.3,58.93
athlete_013,2025-04-01,7.43,6.0,160.0,3.8,6.7,48.7,80.4,64.52
athlete_013,2025-04-02,8.16,6.2,322.5,3.3,7.7,46.2,88.2,73.84
athlete_013,2025-04-03,8.73,5.5,174.6,4.5,4.1,49.5,79.2,64.8
athlete_013,2025-04-04,8.38,7.3,410.1,3.7,6.1,48.6,82.7,70.21
athlete_013,2025-04-05,7.88,5.6,263.7,4.9,5.5,54.7,75.6,67.38
athlete_013,2025-04-06,8.03,5.9,50.5,3.8,6.2,49.9,84.6,74.25
athlete_013,2025-04-07,7.91,5.9,310.6,3.9,6.4,49.5,76.6,69.32
athlete_013,2025-04-08,8.09,6.2,189.2,4.7,6.6,48.9,80.2,71.62
athlete_013,2025-04-09,7.77,5.3,325.5,5.3,3.9,52.2,79.2,64.69
athlete_013,2025-04-10,8.5,6.0,172.3,4.4,5.1,47.7,82.8,61.7
athlete_013,2025-04-11,7.95,5.3,390.9,4.9,4.7,48.9,73.2,61.08
athlete_013,2025-04-12,7.87,5.7,258.9,4.5,5.1,51.8,79.3,67.83
athlete_013,2025-04-13,8.55,7.4,45.3,2.6,7.3,49.1,79.6,72.03
athlete_013,2025-04-14,7.57,6.2,385.5,3.1,6.9,48.2,77.8,75.94
athlete_013,2025-04-15,7.42,4.5,183.9,5.6,3.6,51.0,75.4,59.82
athlete_013,2025-04-16,7.72,6.0,329.9,5.7,4.9,50.8,68.7,62.79
athlete_013,2025-04-17,7.58,4.9,178.6,3.2,5.7,49.1,78.8,73.14
athlete_013,2025-04-18,8.37,6.8,399.2,3.3,6.9,49.3,81.4,71.7
athlete_013,2025-04-19,7.07,3.4,255.8,6.0,1.8,53.2,68.3,54.41
athlete_013,2025-04-20,7.82,4.2,54.2,4.7,3.9,51.5,78.0,63.5
athlete_013,2025-04-21,8.13,7.0,203.5,3.7,6.5,49.3,77.6,75.65
athlete_013,2025-04-22,7.31,4.9,81.4,4.9,5.3,49.7,75.3,60.92
athlete_013,2025-04-23,7.87,4.3,183.5,5.8,3.8,48.6,74.4,62.44
athlete_013,2025-04-24,7.59,5.7,88.2,3.3,5.5,51.3,79.1,64.85
athlete_013,2025-04-25,7.37,5.0,224.0,4.1,6.6,47.9,80.9,71.29
athlete_013,2025-04-26,7.27,5.8,145.8,3.5,6.6,49.6,79.6,70.67
athlete_013,2025-04-27,7.77,5.1,28.4,4.1,5.3,47.7,85.1,68.34
athlete_013,2025-04-28,8.0,5.2,279.9,4.3,4.9,47.4,85.8,60.89
athlete_013,2025-04-29,7.12,4.5,152.6,5.8,3.8,50.7,74.5,58.8
athlete_013,2025-04-30,8.22,7.5,267.7,2.4,8.4,46.8,89.6,77.74
athlete_013,2025-05-01,7.13,4.9,155.2,3.7,5.8,49.3,86.1,65.12
athlete_013,2025-05-02,8.34,6.3,277.7,4.0,6.5,49.4,81.6,66.12
athlete_013,2025-05-03,8.46,6.7,283.5,3.4,6.9,48.0,82.5,75.66
athlete_013,2025-05-04,7.66,5.8,47.3,5.9,4.8,51.3,79.8,63.31
athlete_013,2025-05-05,7.7,5.6,345.1,4.8,3.5,51.4,78.5,69.75
athlete_014,2025-01-06,7.83,8.2,240.0,3.0,8.3,47.1,78.0,81.97
athlete_014,2025-01-07,7.09,6.1,132.3,4.0,5.3,54.3,63.2,70.93
athlete_014,2025-01-08,7.37,5.6,189.3,4.4,5.6,52.5,65.1,67.54
athlete_014,2025-01-09,8.04,6.3,133.2,4.7,5.8,52.6,67.9,77.35
athlete_014,2025-01-10,7.27,6.7,314.3,5.4,6.2,51.5,69.5,77.47
athlete_014,2025-01-11,7.84,5.4,187.1,5.2,4.6,52.3,55.4,65.77
athlete_014,2025-01-12,7.61,4.1,33.4,7.0,2.7,55.1,61.6,62.49
athlete_014,2025-01-13,7.03,6.2,285.5,2.7,6.5,50.0,65.2,74.33
athlete_014,2025-01-14,8.21,6.6,146.2,4.0,6.7,50.7,66.1,72.96
athlete_014,2025-01-15,8.57,8.1,295.9,2.6,8.9,49.7,75.9,81.55
athlete_014,2025-01-16,6.39,5.2,154.6,6.0,3.5,54.7,56.7,63.47
athlete_014,2025-01-17,7.15,5.0,220.7,4.1,4.9,53.2,62.9,68.51
athlete_014,2025-01-18,6.85,5.2,213.0,4.4,5.0,52.1,58.9,71.3
athlete_014,2025-01-19,7.71,5.8,38.5,3.9,6.8,49.2,65.5,75.39
athlete_014,2025-01-20,6.82,6.0,280.0,5.5,4.8,52.0,57.3,67.35
athlete_014,2025-01-21,6.94,4.6,125.1,6.5,3.9,53.1,56.8,58.3
athlete_014,2025-01-22,8.05,6.5,217.3,4.1,7.0,51.4,66.7,70.89
athlete_014,2025-01-23,7.84,6.1,164.4,4.0,5.6,50.6,66.3,68.51
athlete_014,2025-01-24,6.83,4.9,281.1,4.3,5.7,48.8,62.0,72.93
athlete_014,2025-01-25,6.72,5.8,211.8,4.7,6.5,56.0,62.2,70.28
athlete_014,2025-01-26,7.3,7.4,32.1,3.5,6.7,50.3,63.0,80.41
athlete_014,2025-01-27,6.34,4.1,182.7,3.8,4.8,54.4,65.9,74.68
athlete_014,2025-01-28,7.32,5.6,96.4,3.9,5.0,50.1,60.8,64.03
athlete_014,2025-01-29,8.7,7.8,160.4,2.6,7.3,50.9,71.1,84.82
athlete_014,2025-01-30,7.33,5.7,99.5,3.1,6.4,49.4,68.5,67.74
athlete_014,2025-01-31,7.07,5.1,158.4,4.6,5.8,49.7,62.0,66.39
athlete_014,2025-02-01,7.46,5.6,131.1,3.9,5.7,49.6,66.8,73.05
athlete_014,2025-02-02,7.13,3.9,22.5,5.5,4.7,53.1,62.8,69.52
athlete_014,2025-02-03,6.94,5.3,247.3,4.2,6.0,51.2,69.7,70.61
athlete_014,2025-02-04,6.52,4.2,163.4,3.6,5.1,52.8,65.2,66.78
athlete_014,2025-02-05,7.71,6.6,216.5,3.4,6.7,50.3,69.6,71.12
athlete_014,2025-02-06,7.48,5.6,111.9,7.0,3.6,52.1,60.1,60.26
athlete_014,2025-02-07,7.52,5.0,255.3,5.2,4.5,51.0,66.6,68.22
athlete_014,2025-02-08,7.3,5.2,203.9,4.7,4.2,50.8,59.8,67.22
athlete_014,2025-02-09,7.64,7.1,37.7,3.2,8.2,46.9,67.1,81.43
athlete_014,2025-02-10,6.74,5.2,214.4,4.8,4.8,50.8,62.5,68.52
athlete_014,2025-02-11,6.64,5.3,123.2,4.1,5.8,51.7,58.1,70.07
athlete_014,2025-02-12,7.32,6.2,245.0,4.8,5.9,51.0,67.7,74.14
athlete_014,2025-02-13,7.4,5.1,151.2,5.5,4.2,51.1,62.6,63.41
athlete_014,2025-02-14,8.62,7.5,214.8,3.1,7.6,52.3,71.7,75.07
athlete_014,2025-02-15,7.7,5.6,204.4,6.1,4.0,51.0,58.2,71.06
athlete_014,2025-02-16,7.02,6.2,43.1,4.6,6.1,50.0,63.9,69.24
athlete_014,2025-02-17,8.22,8.4,267.5,3.5,7.7,49.6,68.3,80.5
athlete_014,2025-02-18,7.47,5.7,129.3,4.3,5.5,50.8,64.5,69.93
athlete_014,2025-02-19,8.45,7.9,274.8,2.8,7.8,50.0,73.1,78.24
athlete_014,2025-02-20,7.64,5.8,132.4,4.3,5.2,52.3,56.8,74.9
athlete_014,2025-02-21,7.05,3.9,295.9,3.6,4.9,49.4,69.1,67.42
athlete_014,2025-02-22,8.15,7.6,154.1,3.2,7.6,48.3,65.8,75.22
athlete_014,2025-02-23,7.56,6.4,28.7,4.3,5.9,52.5,59.9,71.78
athlete_014,2025-02-24,6.94,3.6,161.5,4.1,3.6,53.1,65.7,67.1
athlete_014,2025-02-25,6.95,5.9,73.9,3.7,6.7,49.2,62.1,73.31
athlete_014,2025-02-26,6.79,4.6,139.4,4.7,4.6,52.0,58.0,64.64
athlete_014,2025-02-27,7.46,4.9,93.9,4.4,5.1,50.0,62.3,61.25
athlete_014,2025-02-28,7.28,5.1,138.8,5.1,4.9,49.8,60.2,67.27
athlete_014,2025-03-01,7.43,5.3,143.0,3.6,5.8,48.8,68.7,70.37
athlete_014,2025-03-02,7.15,5.9,22.1,5.1,5.1,51.7,68.4,68.65
athlete_014,2025-03-03,7.75,6.5,256.8,4.0,6.8,50.5,66.5,77.3
athlete_014,2025-03-04,7.7,5.8,136.1,4.0,5.4,50.1,68.6,73.47
athlete_014,2025-03-05,7.42,5.7,194.6,3.6,5.8,49.9,67.7,74.82
athlete_014,2025-03-06,6.76,3.5,124.7,6.3,3.0,51.3,64.1,56.77
athlete_014,2025-03-07,7.75,7.1,302.8,3.7,6.4,50.2,76.3,73.48
athlete_014,2025-03-08,7.74,6.1,188.6,6.6,4.0,51.9,58.3,63.79
athlete_014,2025-03-09,7.18,6.0,40.5,4.3,5.4,48.6,64.7,69.97
athlete_014,2025-03-10,7.49,6.3,256.9,3.8,6.0,50.2,67.8,76.45
athlete_014,2025-03-11,6.87,5.2,128.9,4.0,4.7,54.4,64.0,72.08
athlete_014,2025-03-12,6.86,5.9,226.7,4.5,5.2,50.8,68.2,69.65
athlete_014,2025-03-13,8.44,6.9,168.4,4.6,5.7,51.0,73.5,68.62
athlete_014,2025-03-14,6.13,4.2,260.9,5.4,4.5,54.5,66.1,66.68
athlete_014,2025-03-15,6.83,4.1,237.6,5.1,4.2,51.9,61.2,58.11
athlete_014,2025-03-16,7.47,6.8,35.1,4.7,5.1,52.0,60.8,73.2
athlete_014,2025-03-17,7.85,5.2,259.4,5.1,5.4,52.5,68.8,63.38
athlete_014,2025-03-18,7.76,7.0,124.3,3.3,7.7,45.8,66.7,79.15
athlete_014,2025-03-19,6.74,5.2,256.2,4.0,5.9,51.6,66.1,71.88
athlete_014,2025-03-20,6.47,5.0,170.9,4.2,4.6,52.4,64.2,74.21
athlete_014,2025-03-21,6.76,5.7,327.9,4.2,5.7,50.3,70.9,77.93
athlete_014,2025-03-22,6.4,3.8,209.3,6.3,3.5,56.2,59.1,59.43
athlete_014,2025-03-23,6.54,4.5,38.2,5.8,3.9,53.3,59.9,61.28
athlete_014,2025-03-24,7.14,6.4,158.1,4.6,5.4,53.5,64.5,68.72
athlete_014,2025-03-25,7.53,6.6,96.5,3.3,6.5,49.4,64.3,73.71
athlete_014,2025-03-26,7.0,4.6,129.8,5.4,4.1,52.4,64.4,69.27
athlete_014,2025-03-27,7.07,5.1,72.2,5.1,3.9,50.3,59.2,63.58
athlete_014,2025-03-28,6.64,4.8,182.3,3.2,5.7,49.5,65.1,75.02
athlete_014,2025-03-29,6.04,3.0,138.7,5.8,3.3,53.9,58.1,61.56
athlete_014,2025-03-30,7.74,5.9,25.3,4.7,4.9,49.8,65.6,74.91
athlete_014,2025-03-31,8.21,6.9,286.8,3.2,7.0,45.2,74.7,75.48
athlete_014,2025-04-01,7.69,6.5,129.0,4.4,6.2,51.3,63.6,68.58
athlete_014,2025-04-02,7.4,5.7,271.8,2.8,6.5,48.0,69.2,79.25
athlete_014,2025-04-03,7.26,6.6,141.1,3.9,5.9,52.3,61.6,75.06
athlete_014,2025-04-04,7.88,6.3,286.3,3.3,6.1,52.0,70.0,73.52
athlete_014,2025-04-05,7.05,4.5,181.8,4.7,4.9,50.1,64.5,68.46
athlete_014,2025-04-06,7.42,7.5,35.4,4.0,6.6,52.8,64.6,65.78
athlete_014,2025-04-07,6.79,3.9,311.8,5.0,4.1,50.5,63.5,68.02
athlete_014,2025-04-08,7.21,5.6,133.6,5.4,4.7,49.3,57.4,71.82
athlete_014,2025-04-09,6.9,4.0,294.6,4.4,5.8,53.4,61.1,66.97
athlete_014,2025-04-10,6.47,4.4,180.6,5.3,4.4,54.6,59.1,68.52
athlete_014,2025-04-11,6.53,4.6,309.0,4.6,4.5,53.4,54.4,66.11
athlete_014,2025-04-12,7.05,6.5,172.5,4.4,6.0,53.0,66.0,66.32
athlete_014,2025-04-13,7.13,5.0,39.0,4.0,5.9,51.6,68.2,77.11
athlete_014,2025-04-14,6.98,5.0,349.6,2.5,5.9,51.3,64.8,72.43
athlete_014,2025-04-15,6.78,5.5,144.8,3.3,5.6,53.4,64.6,64.22
athlete_014,2025-04-16,6.71,4.1,280.6,3.9,4.7,49.9,59.7,63.59
athlete_014,2025-04-17,8.45,6.1,154.4,4.4,5.4,51.6,66.7,72.9
athlete_014,2025-04-18,7.95,5.1,330.0,4.6,5.7,50.6,69.6,73.9
athlete_014,2025-04-19,7.98,7.8,245.7,3.0,8.2,49.6,76.9,73.97
athlete_014,2025-04-20,7.94,7.0,39.5,4.1,7.3,50.4,70.9,74.12
athlete_014,2025-04-21,6.88,4.7,160.2,5.1,3.1,53.2,57.3,64.9
athlete_014,2025-04-22,6.49,4.1,59.4,3.3,5.0,51.6,64.2,64.52
athlete_014,2025-04-23,7.19,6.0,130.7,4.5,4.7,52.7,63.7,67.3
athlete_014,2025-04-24,6.91,5.8,84.2,3.2,6.2,53.6,65.6,68.61
athlete_014,2025-04-25,7.6,6.7,195.7,4.7,6.9,50.1,64.3,77.03
athlete_014,2025-04-26,6.91,5.7,88.5,4.4,5.5,51.7,58.3,71.24
athlete_014,2025-04-27,8.12,7.1,22.2,4.1,8.1,48.9,73.2,81.07
athlete_014,2025-04-28,7.51,6.2,269.7,3.8,6.8,52.4,66.0,71.84
athlete_014,2025-04-29,7.09,6.1,103.5,3.7,7.0,50.0,63.4,78.35
athlete_014,2025-04-30,7.3,6.3,272.5,4.0,6.3,49.1,67.2,68.01
athlete_014,2025-05-01,7.22,6.1,139.4,3.8,5.8,52.6,63.0,70.22
athlete_014,2025-05-02,7.29,6.3,247.3,3.7,7.0,51.1,62.5,78.92
athlete_014,2025-05-03,7.18,5.0,173.5,5.4,4.7,52.9,62.0,68.45
athlete_014,2025-05-04,7.92,7.0,32.9,2.6,7.5,50.2,71.8,82.96
athlete_014,2025-05-05,7.18,6.6,283.2,4.3,5.6,50.0,63.7,75.13
athlete_015,2025-01-06,6.31,4.9,170.7,4.0,6.1,53.3,69.6,68.89
athlete_015,2025-01-07,6.2,4.3,133.1,3.9,4.5,57.2,67.0,67.11
athlete_015,2025-01-08,8.9,7.3,226.8,4.1,6.6,54.0,74.0,74.29
athlete_015,2025-01-09,7.55,4.8,136.7,4.5,4.9,55.2,67.8,69.02
athlete_015,2025-01-10,7.41,5.6,231.7,3.7,5.4,56.8,71.6,77.71
athlete_015,2025-01-11,7.87,5.0,163.7,4.4,5.2,53.6,65.5,70.08
athlete_015,2025-01-12,8.01,6.6,30.2,4.2,7.2,53.6,68.9,75.62
athlete_015,2025-01-13,7.07,5.8,230.1,2.2,7.2,51.5,69.5,73.08
athlete_015,2025-01-14,8.08,5.7,104.4,4.7,4.5,53.9,61.5,65.82
athlete_015,2025-01-15,7.14,5.7,242.3,3.5,7.1,53.2,65.8,72.62
athlete_015,2025-01-16,7.74,7.0,129.7,3.9,7.1,55.9,66.2,77.13
athlete_015,2025-01-17,7.32,6.1,285.8,4.2,6.1,55.4,72.5,71.59
athlete_015,2025-01-18,7.47,5.6,127.8,3.0,5.9,54.5,64.7,70.22
athlete_015,2025-01-19,7.82,6.6,36.6,3.6,6.7,54.1,73.1,68.89
athlete_015,2025-01-20,7.61,5.6,249.8,4.1,5.1,55.0,68.5,67.97
athlete_015,2025-01-21,7.88,5.4,151.3,4.8,5.3,52.6,65.1,68.53
athlete_015,2025-01-22,7.03,5.2,210.3,4.1,5.3,55.9,61.2,73.43
athlete_015,2025-01-23,8.03,6.1,131.1,3.8,5.2,52.9,66.0,70.37
athlete_015,2025-01-24,7.99,7.5,227.4,4.4,6.9,54.0,71.4,73.95
athlete_015,2025-01-25,6.51,4.8,146.0,5.8,4.0,56.8,58.4,70.78
athlete_015,2025-01-26,7.17,5.7,39.7,3.6,6.6,52.8,72.7,66.89
athlete_015,2025-01-27,7.5,6.1,152.8,4.0,5.7,55.1,71.9,71.27
athlete_015,2025-01-28,7.76,8.0,65.5,2.5,8.5,48.6,72.6,81.54
athlete_015,2025-01-29,7.03,6.7,111.4,2.6,8.5,50.2,69.2,75.36
athlete_015,2025-01-30,7.89,5.3,78.7,4.7,6.4,51.5,70.3,67.73
athlete_015,2025-01-31,7.78,6.6,142.2,4.2,6.5,51.0,68.0,77.25
athlete_015,2025-02-01,6.98,6.5,104.0,3.7,6.7,52.7,72.8,73.08
athlete_015,2025-02-02,8.7,8.5,15.5,1.6,8.8,49.1,73.8,85.72
athlete_015,2025-02-03,8.08,7.2,282.3,2.9,7.6,50.2,80.4,81.01
athlete_015,2025-02-04,8.24,7.0,116.8,4.0,7.6,51.9,75.9,81.07
athlete_015,2025-02-05,7.52,5.8,108.3,4.3,6.0,54.0,69.4,70.06
athlete_015,2025-02-06,7.64,6.1,143.8,4.6,5.7,54.8,72.0,74.2
athlete_015,2025-02-07,7.7,5.1,248.8,5.7,4.3,57.9,58.5,62.61
athlete_015,2025-02-08,6.91,4.8,211.6,4.6,4.7,53.2,64.6,63.68
athlete_015,2025-02-09,6.73,3.6,31.5,4.9,4.2,55.3,66.4,64.94
athlete_015,2025-02-10,8.67,8.7,291.5,5.3,6.9,50.8,60.6,77.63
athlete_015,2025-02-11,7.06,4.4,116.2,5.2,4.6,54.2,63.5,62.99
athlete_015,2025-02-12,7.21,5.9,205.9,4.7,5.6,52.7,62.2,71.0
athlete_015,2025-02-13,8.15,5.6,114.7,5.8,4.8,57.1,57.3,63.71
athlete_015,2025-02-14,7.55,5.7,285.9,3.5,6.3,52.8,75.5,80.43
athlete_015,2025-02-15,6.11,3.1,172.9,6.1,2.9,56.3,64.7,50.24
athlete_015,2025-02-16,8.08,7.3,27.0,3.6,7.5,52.2,68.4,72.55
athlete_015,2025-02-17,7.19,5.5,271.0,4.6,4.6,54.5,67.8,69.81
athlete_015,2025-02-18,7.66,5.8,138.0,4.7,4.8,55.4,67.2,71.39
athlete_015,2025-02-19,7.13,4.9,179.6,4.6,5.1,54.8,63.2,67.62
athlete_015,2025-02-20,7.25,5.3,124.1,5.5,4.9,57.2,69.3,66.0
athlete_015,2025-02-21,7.95,6.4,222.1,4.6,6.8,48.3,70.7,72.64
athlete_015,2025-02-22,6.88,5.5,212.4,5.0,5.0,53.0,64.1,64.46
athlete_015,2025-02-23,7.82,6.1,34.7,5.6,5.2,51.9,60.9,68.17
athlete_015,2025-02-24,7.09,4.9,136.2,6.0,5.1,57.2,63.1,62.67
athlete_015,2025-02-25,8.5,7.9,64.2,3.3,8.5,50.5,69.8,81.74
athlete_015,2025-02-26,7.79,6.5,147.2,3.9,6.0,51.2,69.8,74.19
athlete_015,2025-02-27,7.66,5.7,82.5,4.8,6.0,55.6,71.1,75.7
athlete_015,2025-02-28,7.84,5.5,148.8,4.3,5.6,50.8,65.0,68.78
athlete_015,2025-03-01,7.39,6.4,88.6,4.2,5.7,56.2,70.1,73.68
athlete_015,2025-03-02,7.13,5.4,18.9,3.4,6.5,51.5,73.3,77.85
athlete_015,2025-03-03,7.37,5.2,252.5,3.7,4.6,50.8,68.1,61.75
athlete_015,2025-03-04,7.22,5.7,133.2,4.2,6.6,49.8,69.2,71.25
athlete_015,2025-03-05,8.23,7.1,159.9,3.8,6.7,49.7,79.5,74.93
athlete_015,2025-03-06,7.43,6.6,106.7,3.1,6.4,54.1,69.4,75.59
athlete_015,2025-03-07,7.59,5.9,258.6,4.2,6.4,53.0,68.2,79.8
athlete_015,2025-03-08,7.56,5.5,176.4,4.2,5.3,54.7,69.5,72.91
athlete_015,2025-03-09,7.77,6.6,30.5,3.6,6.7,54.1,72.9,72.42
athlete_015,2025-03-10,7.64,6.1,245.3,4.5,5.6,53.4,71.3,79.43
athlete_015,2025-03-11,7.71,6.9,128.0,3.4,6.4,52.1,64.7,75.62
athlete_015,2025-03-12,8.01,6.9,168.4,2.9,6.6,50.8,70.1,77.23
athlete_015,2025-03-13,7.71,6.1,115.6,3.8,6.3,51.7,62.4,72.61
athlete_015,2025-03-14,7.64,6.7,240.0,3.3,7.4,52.8,75.7,76.08
athlete_015,2025-03-15,7.39,6.3,197.3,4.5,6.6,52.7,66.7,73.34
athlete_015,2025-03-16,6.46,6.3,30.6,2.9,6.9,53.7,66.0,70.09
athlete_015,2025-03-17,6.85,4.1,246.7,3.3,5.0,50.6,71.9,69.94
athlete_015,2025-03-18,7.23,5.5,137.0,4.4,6.5,53.3,70.9,76.61
athlete_015,2025-03-19,7.5,6.2,165.7,3.9,6.9,50.5,62.3,71.42
athlete_015,2025-03-20,7.85,6.1,110.1,3.3,5.6,52.7,67.3,77.14
athlete_015,2025-03-21,7.2,6.4,280.9,4.0,6.1,54.5,71.6,72.5
athlete_015,2025-03-22,7.42,5.5,199.1,4.0,5.7,54.6,62.7,71.14
athlete_015,2025-03-23,7.08,4.6,32.7,4.9,4.3,55.5,67.2,62.96
athlete_015,2025-03-24,8.35,7.2,141.6,3.9,7.2,52.6,67.3,74.09
athlete_015,2025-03-25,7.5,4.0,63.8,4.9,4.1,53.5,67.4,65.42
athlete_015,2025-03-26,7.52,7.2,98.6,1.4,7.8,45.0,71.9,78.42
athlete_015,2025-03-27,7.5,6.6,93.3,3.6,7.2,52.0,69.8,76.26
athlete_015,2025-03-28,7.31,6.3,156.3,3.9,5.9,52.2,73.2,77.03
athlete_015,2025-03-29,7.94,6.4,113.1,3.1,6.9,51.5,70.4,78.44
athlete_015,2025-03-30,7.17,6.2,20.1,2.7,7.8,51.7,69.6,78.61
athlete_015,2025-03-31,7.62,6.4,216.0,2.8,7.2,52.7,76.5,76.32
athlete_015,2025-04-01,7.72,6.6,122.7,3.9,6.1,52.8,67.7,71.47
athlete_015,2025-04-02,8.16,7.5,185.9,2.6,8.1,48.5,73.1,80.12
athlete_015,2025-04-03,7.99,6.0,106.0,3.0,6.8,51.1,71.2,75.76
athlete_015,2025-04-04,8.28,6.0,290.5,2.6,8.0,53.2,66.7,76.07
athlete_015,2025-04-05,6.92,4.4,199.4,5.4,3.9,54.0,66.3,60.61
athlete_015,2025-04-06,7.34,5.9,32.4,3.8,6.8,52.4,66.5,71.48
athlete_015,2025-04-07,7.71,5.5,234.7,4.1,4.8,53.9,69.5,75.34
athlete_015,2025-04-08,6.92,5.4,137.8,3.7,5.8,51.4,72.1,76.07
athlete_015,2025-04-09,8.1,6.3,192.2,4.3,5.9,53.7,72.7,67.77
athlete_015,2025-04-10,7.49,6.1,105.6,4.9,4.2,53.8,61.2,76.93
athlete_015,2025-04-11,7.51,4.8,272.1,4.5,5.5,52.8,72.9,66.48
athlete_015,2025-04-12,7.28,6.8,154.6,4.1,6.3,53.8,62.6,73.26
athlete_015,2025-04-13,7.98,6.3,27.1,4.8,5.0,52.3,66.1,68.83
athlete_015,2025-04-14,8.7,8.2,266.5,3.3,7.5,48.7,66.7,84.27
athlete_015,2025-04-15,7.07,4.5,136.0,5.9,3.9,53.5,64.4,62.41
athlete_015,2025-04-16,8.15,5.7,266.8,4.2,5.8,57.5,67.8,74.27
athlete_015,2025-04-17,7.67,5.2,126.0,5.3,4.7,53.7,65.6,71.37
athlete_015,2025-04-18,7.73,4.8,290.7,4.4,5.6,53.2,68.1,70.19
athlete_015,2025-04-19,6.9,4.5,223.1,5.4,4.7,56.6,61.2,61.07
athlete_015,2025-04-20,7.01,4.4,34.8,5.3,3.9,55.4,66.3,59.46
athlete_015,2025-04-21,7.84,6.4,164.8,4.9,5.3,57.8,70.5,71.76
athlete_015,2025-04-22,6.72,4.8,64.6,3.9,4.6,54.8,66.3,61.66
athlete_015,2025-04-23,6.9,5.2,157.8,4.5,3.6,57.7,68.1,74.43
athlete_015,2025-04-24,6.89,4.8,58.8,3.8,5.1,53.6,60.7,71.71
athlete_015,2025-04-25,7.67,6.4,135.8,2.8,7.4,50.7,67.7,78.19
athlete_015,2025-04-26,7.75,6.0,93.3,3.1,6.8,51.9,76.8,70.4
athlete_015,2025-04-27,7.52,6.5,19.8,3.4,6.7,52.5,71.6,80.36
athlete_015,2025-04-28,7.51,5.2,267.2,4.2,5.2,53.8,70.4,66.01
athlete_015,2025-04-29,7.67,5.9,98.8,4.8,4.4,53.1,65.6,62.29
athlete_015,2025-04-30,7.83,7.2,185.0,3.1,7.2,51.4,76.7,76.25
athlete_015,2025-05-01,7.32,5.3,121.1,5.0,5.6,51.1,63.5,61.36
athlete_015,2025-05-02,6.98,4.6,283.0,4.4,4.8,56.6,71.8,67.32
athlete_015,2025-05-03,7.0,5.0,159.2,4.5,4.4,57.3,65.5,61.58
athlete_015,2025-05-04,7.67,5.2,30.9,3.8,5.6,54.0,65.6,68.81
athlete_015,2025-05-05,8.46,7.3,295.8,4.4,6.7,55.2,69.1,79.31
athlete_016,2025-01-06,7.72,5.5,390.9,3.1,7.1,51.3,75.9,82.87
athlete_016,2025-01-07,6.56,4.1,150.4,6.6,3.3,63.2,50.0,70.99
athlete_016,2025-01-08,7.09,6.3,277.6,3.9,6.1,57.1,61.6,73.54
athlete_016,2025-01-09,7.84,4.9,154.9,5.6,4.1,59.2,63.1,69.89
athlete_016,2025-01-10,7.56,6.1,326.7,3.8,5.4,58.2,65.6,77.0
athlete_016,2025-01-11,7.93,6.1,313.1,3.6,6.9,56.5,68.3,83.01
athlete_016,2025-01-12,8.18,6.7,48.4,5.1,6.4,60.1,75.3,78.02
athlete_016,2025-01-13,8.82,6.1,389.3,4.7,5.9,56.7,68.9,77.37
athlete_016,2025-01-14,8.61,7.3,178.7,2.9,7.7,54.7,81.3,86.72
athlete_016,2025-01-15,9.07,7.2,311.0,4.4,6.7,54.5,78.9,76.9
athlete_016,2025-01-16,7.14,5.1,168.0,3.1,6.4,55.7,74.6,80.91
athlete_016,2025-01-17,8.45,6.3,329.2,5.1,6.0,57.4,64.9,84.51
athlete_016,2025-01-18,7.86,5.6,271.3,3.9,6.0,55.9,72.0,82.53
athlete_016,2025-01-19,7.79,5.6,48.1,3.4,7.4,55.0,78.0,84.7
athlete_016,2025-01-20,8.27,6.3,375.5,3.0,6.8,57.2,68.1,78.9
athlete_016,2025-01-21,8.3,5.9,176.9,4.9,5.5,57.7,67.3,80.68
athlete_016,2025-01-22,7.81,6.4,334.8,3.8,6.7,54.2,67.2,79.26
athlete_016,2025-01-23,6.98,3.9,159.5,5.6,3.2,57.3,63.7,71.11
athlete_016,2025-01-24,7.31,5.9,391.5,5.3,5.9,54.7,60.6,78.23
athlete_016,2025-01-25,8.02,5.8,284.8,5.0,5.7,56.0,70.4,82.7
athlete_016,2025-01-26,7.11,5.6,58.5,4.7,5.3,55.8,68.1,74.37
athlete_016,2025-01-27,8.07,5.3,227.8,4.6,5.1,56.2,66.7,75.59
athlete_016,2025-01-28,6.78,5.3,121.9,3.9,5.4,56.9,68.3,72.37
athlete_016,2025-01-29,6.92,4.7,223.6,4.2,4.5,58.3,69.0,69.96
athlete_016,2025-01-30,7.59,3.9,96.9,5.3,3.7,57.0,68.8,66.07
athlete_016,2025-01-31,7.83,5.6,189.9,5.1,4.9,56.5,70.4,74.32
athlete_016,2025-02-01,6.98,4.1,175.8,5.2,5.1,57.9,74.0,69.57
athlete_016,2025-02-02,8.57,7.3,31.4,3.7,8.0,51.2,77.3,83.37
athlete_016,2025-02-03,8.7,7.7,326.6,2.2,8.7,50.2,77.8,85.13
athlete_016,2025-02-04,8.99,7.8,161.0,2.5,8.8,50.6,69.4,90.74
athlete_016,2025-02-05,8.2,5.9,300.1,4.9,5.7,55.0,69.4,82.58
athlete_016,2025-02-06,7.76,5.2,173.4,5.7,5.3,60.5,73.7,72.52
athlete_016,2025-02-07,7.76,4.3,443.6,4.2,5.0,56.0,67.0,70.68
athlete_016,2025-02-08,8.9,5.9,302.4,5.3,5.0,59.3,63.1,74.15
athlete_016,2025-02-09,7.32,4.2,41.5,4.5,5.1,56.5,68.0,74.42
athlete_016,2025-02-10,7.86,6.6,402.9,3.2,7.3,55.9,69.0,81.27
athlete_016,2025-02-11,7.64,4.7,153.2,5.3,4.0,56.9,62.8,75.47
athlete_016,2025-02-12,7.87,4.8,316.3,5.6,4.0,55.0,63.5,69.41
athlete_016,2025-02-13,8.78,5.8,206.1,5.7,4.8,59.6,74.3,77.46
athlete_016,2025-02-14,7.67,4.8,423.7,4.8,4.5,53.9,67.3,69.91
athlete_016,2025-02-15,8.43,6.9,274.4,3.7,6.2,55.9,70.4,83.53
athlete_016,2025-02-16,7.96,5.1,47.1,5.1,5.3,54.8,71.2,73.61
athlete_016,2025-02-17,8.17,5.1,388.4,5.7,4.2,55.2,62.5,78.19
athlete_016,2025-02-18,7.55,5.0,161.6,4.2,5.7,56.7,64.4,76.18
athlete_016,2025-02-19,8.9,8.1,417.7,3.5,7.3,54.4,72.1,82.61
athlete_016,2025-02-20,6.83,5.5,193.1,5.0,4.6,58.1,64.9,72.41
athlete_016,2025-02-21,7.73,5.8,369.7,4.8,5.3,58.3,69.3,77.48
athlete_016,2025-02-22,7.71,4.7,265.7,5.8,4.0,58.5,64.4,71.41
athlete_016,2025-02-23,8.07,6.5,45.1,5.4,4.6,56.4,69.8,78.61
athlete_016,2025-02-24,8.17,5.9,172.2,3.7,6.6,54.4,69.8,77.63
athlete_016,2025-02-25,8.4,7.0,99.1,3.9,6.9,51.6,76.8,83.7
athlete_016,2025-02-26,9.19,7.3,161.0,4.6,5.9,54.1,72.4,86.19
athlete_016,2025-02-27,7.58,5.9,113.0,3.0,7.1,55.2,69.9,80.88
athlete_016,2025-02-28,8.97,6.5,193.4,3.6,7.1,52.2,79.0,80.55
athlete_016,2025-03-01,7.92,5.1,172.1,4.9,4.5,54.4,71.8,78.52
athlete_016,2025-03-02,8.22,7.1,32.8,3.6,6.4,56.2,80.6,80.31
athlete_016,2025-03-03,9.11,8.7,356.8,3.1,8.4,50.4,78.1,85.91
athlete_016,2025-03-04,7.23,3.0,156.6,5.0,3.3,53.4,65.1,69.2
athlete_016,2025-03-05,7.64,5.3,254.7,3.0,6.7,53.0,71.7,76.78
athlete_016,2025-03-06,8.42,6.5,168.1,3.8,6.4,56.0,69.5,79.16
athlete_016,2025-03-07,8.87,6.5,299.5,4.1,5.7,54.1,69.3,76.8
athlete_016,2025-03-08,7.78,4.7,235.3,4.1,4.6,54.7,72.3,73.83
athlete_016,2025-03-09,8.15,5.3,45.4,3.8,5.8,56.3,73.7,82.38
athlete_016,2025-03-10,8.74,8.1,339.4,3.8,8.2,53.3,73.5,86.81
athlete_016,2025-03-11,7.34,4.9,181.1,5.3,3.9,57.0,63.0,69.36
athlete_016,2025-03-12,8.05,5.7,341.5,5.3,5.3,57.3,69.6,78.0
athlete_016,2025-03-13,7.36,5.8,153.3,4.0,6.3,59.0,61.6,78.84
athlete_016,2025-03-14,8.51,6.3,413.6,5.0,6.1,54.1,69.7,78.65
athlete_016,2025-03-15,7.41,4.2,281.8,4.9,3.3,57.2,67.2,67.46
athlete_016,2025-03-16,8.51,5.7,35.0,4.4,6.7,57.1,80.9,80.62
athlete_016,2025-03-17,7.22,5.3,408.4,3.3,5.8,56.4,74.3,79.34
athlete_016,2025-03-18,7.72,4.8,180.4,4.8,4.5,57.6,68.6,75.92
athlete_016,2025-03-19,7.07,4.3,361.6,5.3,3.7,56.8,65.5,75.19
athlete_016,2025-03-20,8.09,5.1,211.3,5.9,4.4,57.3,72.5,68.57
athlete_016,2025-03-21,8.53,6.3,433.0,5.0,4.9,57.3,73.8,75.18
athlete_016,2025-03-22,8.6,6.7,244.5,3.1,7.3,57.5,73.4,82.05
athlete_016,2025-03-23,8.23,5.8,43.9,4.9,5.4,55.8,64.6,74.54
athlete_016,2025-03-24,7.56,5.4,206.9,4.6,5.7,57.9,74.9,82.75
athlete_016,2025-03-25,8.14,7.1,90.0,3.0,6.3,55.3,78.3,87.2
athlete_016,2025-03-26,8.55,7.2,188.8,3.0,7.9,54.4,78.7,81.23
athlete_016,2025-03-27,8.57,8.1,107.0,2.7,8.0,51.0,74.3,85.81
athlete_016,2025-03-28,8.32,7.1,228.5,3.8,7.5,56.2,69.3,88.77
athlete_016,2025-03-29,7.53,4.8,183.0,3.9,6.0,53.0,71.7,81.83
athlete_016,2025-03-30,7.9,5.5,25.6,3.9,6.1,55.1,74.6,79.66
athlete_016,2025-03-31,7.43,5.7,361.4,4.2,6.0,54.8,70.4,77.22
athlete_016,2025-04-01,8.83,7.3,181.9,3.2,7.1,52.4,74.2,78.48
athlete_016,2025-04-02,6.59,2.8,316.5,6.0,3.0,59.0,64.3,65.82
athlete_016,2025-04-03,6.56,3.4,163.4,4.3,4.9,58.3,71.6,74.19
athlete_016,2025-04-04,8.69,7.9,256.1,3.9,6.6,56.9,72.5,83.53
athlete_016,2025-04-05,7.63,4.7,249.2,5.9,4.3,57.6,67.7,69.76
athlete_016,2025-04-06,6.64,4.5,38.3,5.8,4.5,54.8,62.6,71.16
athlete_016,2025-04-07,7.8,5.3,297.6,4.7,4.9,55.1,69.5,84.05
athlete_016,2025-04-08,7.61,6.5,164.1,4.1,6.4,53.0,71.7,75.32
athlete_016,2025-04-09,7.3,5.0,277.1,4.7,4.1,59.3,68.9,70.22
athlete_016,2025-04-10,7.97,6.1,178.1,4.2,5.3,58.2,71.1,81.97
athlete_016,2025-04-11,7.68,5.7,424.6,4.5,5.7,55.7,62.4,80.19
athlete_016,2025-04-12,8.0,6.0,306.4,4.2,5.9,56.8,69.8,79.41
athlete_016,2025-04-13,7.07,3.9,50.2,6.0,2.5,58.0,62.0,66.01
athlete_016,2025-04-14,7.85,5.9,391.5,4.3,5.0,58.4,68.4,76.6
athlete_016,2025-04-15,8.33,7.2,217.1,3.8,7.5,52.0,72.9,82.95
athlete_016,2025-04-16,7.7,5.3,297.0,4.2,6.1,56.0,67.7,73.96
athlete_016,2025-04-17,7.41,4.2,152.6,5.9,3.4,58.3,65.5,71.18
athlete_016,2025-04-18,6.61,4.8,341.7,4.4,5.1,57.6,68.1,76.54
athlete_016,2025-04-19,7.13,3.7,273.4,5.2,4.3,58.1,62.8,72.1
athlete_016,2025-04-20,7.9,5.6,44.1,4.5,4.8,56.7,69.9,68.3
athlete_016,2025-04-21,7.48,5.6,199.3,5.1,5.8,57.1,72.1,80.59
athlete_016,2025-04-22,8.51,6.6,85.4,4.4,7.1,55.9,67.4,79.23
athlete_016,2025-04-23,6.62,3.7,138.0,3.8,3.7,59.7,68.1,70.96
athlete_016,2025-04-24,7.29,5.0,97.1,4.7,5.7,53.3,79.3,75.34
athlete_016,2025-04-25,7.63,5.3,210.1,3.5,4.8,56.7,71.3,71.71
athlete_016,2025-04-26,7.9,6.6,171.4,3.8,6.5,52.9,75.3,82.97
athlete_016,2025-04-27,8.46,7.2,25.9,3.6,8.1,52.7,74.1,86.76
athlete_016,2025-04-28,8.72,7.4,320.8,3.0,8.1,51.7,78.3,84.3
athlete_016,2025-04-29,7.97,6.3,184.2,5.1,6.2,55.3,72.9,82.02
athlete_016,2025-04-30,8.87,6.5,324.8,4.6,6.0,54.1,72.7,72.68
athlete_016,2025-05-01,8.11,5.4,204.6,3.6,5.4,55.7,70.1,78.66
athlete_016,2025-05-02,8.01,6.4,321.7,4.0,6.3,54.2,67.7,82.18
athlete_016,2025-05-03,7.8,6.5,292.4,3.8,5.9,59.0,67.2,80.79
athlete_016,2025-05-04,8.02,6.9,40.9,4.2,6.5,53.8,75.8,81.76
athlete_016,2025-05-05,7.58,5.5,420.9,4.8,5.2,56.4,70.1,78.96
athlete_017,2025-01-06,8.35,7.3,203.1,2.6,9.1,41.6,74.8,76.98
athlete_017,2025-01-07,7.37,5.6,105.5,5.6,4.0,50.7,60.8,59.76
athlete_017,2025-01-08,7.18,4.1,225.7,5.4,3.8,49.1,57.6,55.0
athlete_017,2025-01-09,7.04,5.0,112.2,5.9,3.3,50.3,52.4,52.74
athlete_017,2025-01-10,6.6,5.0,233.3,4.5,5.3,52.9,67.5,63.69
athlete_017,2025-01-11,5.8,4.3,178.2,5.5,3.5,51.6,54.2,58.89
athlete_017,2025-01-12,7.52,6.4,25.0,4.0,6.4,50.3,62.3,72.82
athlete_017,2025-01-13,7.69,6.9,260.4,4.3,6.2,53.2,68.8,65.63
athlete_017,2025-01-14,7.57,6.0,107.8,3.7,5.1,50.7,60.0,65.57
athlete_017,2025-01-15,7.11,5.7,181.8,3.0,6.1,48.6,63.1,68.26
athlete_017,2025-01-16,7.03,5.2,136.1,5.3,4.8,50.2,62.2,67.18
athlete_017,2025-01-17,7.43,6.1,187.7,3.9,6.4,47.7,59.4,65.98
athlete_017,2025-01-18,7.29,5.5,135.7,4.9,5.7,48.7,61.3,59.81
athlete_017,2025-01-19,7.39,6.1,24.6,3.2,6.7,49.0,70.0,71.54
athlete_017,2025-01-20,6.54,4.4,251.6,3.9,5.2,47.2,62.1,58.14
athlete_017,2025-01-21,6.82,5.3,117.6,3.2,6.1,46.9,66.7,70.27
athlete_017,2025-01-22,8.34,6.4,200.6,3.7,7.0,50.0,72.9,70.51
athlete_017,2025-01-23,6.89,5.3,148.9,3.8,6.1,48.5,59.8,63.9
athlete_017,2025-01-24,7.5,6.0,253.4,2.9,7.3,46.3,66.0,73.2
athlete_017,2025-01-25,7.0,6.0,191.1,4.2,6.5,49.2,64.9,65.23
athlete_017,2025-01-26,6.49,4.8,29.1,3.7,5.7,51.9,58.5,63.65
athlete_017,2025-01-27,7.24,5.5,172.2,3.6,6.3,47.9,68.9,72.01
athlete_017,2025-01-28,6.57,4.0,55.3,4.6,4.3,50.5,61.8,63.0
athlete_017,2025-01-29,6.3,5.1,132.0,5.2,3.5,53.7,58.1,54.11
athlete_017,2025-01-30,6.88,4.4,67.7,5.6,4.2,49.3,55.5,58.98
athlete_017,2025-01-31,7.59,6.0,179.4,4.4,5.1,47.0,61.4,68.34
athlete_017,2025-02-01,7.14,5.3,96.8,4.8,5.0,47.6,63.5,66.82
athlete_017,2025-02-02,8.12,7.1,16.4,4.1,7.7,48.7,69.2,72.63
athlete_017,2025-02-03,6.91,4.9,240.1,3.5,5.8,49.9,62.0,66.1
athlete_017,2025-02-04,6.92,5.9,117.6,3.4,7.2,47.7,60.8,66.88
athlete_017,2025-02-05,7.99,5.7,169.7,3.7,6.0,49.7,63.7,65.51
athlete_017,2025-02-06,6.8,5.1,143.2,4.2,5.5,49.4,63.6,64.89
athlete_017,2025-02-07,7.6,6.0,193.0,3.9,5.9,49.8,65.1,72.18
athlete_017,2025-02-08,8.0,8.1,129.6,3.6,7.6,51.8,66.7,77.24
athlete_017,2025-02-09,7.63,6.4,33.3,4.5,5.7,49.7,60.9,65.14
athlete_017,2025-02-10,7.32,6.4,199.4,2.5,7.4,47.6,69.4,71.6
athlete_017,2025-02-11,6.96,4.9,99.0,5.0,4.3,49.6,58.9,59.45
athlete_017,2025-02-12,7.31,6.6,195.3,4.7,6.3,51.3,69.9,70.46
athlete_017,2025-02-13,6.65,3.8,114.3,5.0,3.9,52.9,56.0,55.85
athlete_017,2025-02-14,7.23,6.1,275.5,5.3,5.7,50.2,69.0,62.87
athlete_017,2025-02-15,7.01,4.4,173.4,4.4,3.2,50.7,57.0,57.95
athlete_017,2025-02-16,5.58,3.4,27.6,3.7,4.5,50.1,57.9,64.42
athlete_017,2025-02-17,7.62,5.3,258.8,5.0,4.7,50.4,66.1,61.03
athlete_017,2025-02-18,6.84,5.4,124.0,3.1,6.6,49.6,65.2,65.21
athlete_017,2025-02-19,6.61,4.4,187.1,4.8,5.3,47.7,61.1,59.13
athlete_017,2025-02-20,6.2,3.9,142.7,4.3,4.6,48.9,59.3,67.52
athlete_017,2025-02-21,6.74,4.5,210.6,4.0,4.0,50.3,61.8,61.56
athlete_017,2025-02-22,7.84,6.7,154.1,4.4,6.1,49.8,61.8,70.55
athlete_017,2025-02-23,7.3,5.1,33.6,4.2,5.8,48.1,66.0,66.25
athlete_017,2025-02-24,6.96,4.5,161.7,4.7,5.4,52.3,64.4,71.43
athlete_017,2025-02-25,5.88,5.2,55.5,3.0,5.3,50.0,63.4,64.75
athlete_017,2025-02-26,7.24,6.0,122.1,4.6,6.0,48.9,67.4,62.84
athlete_017,2025-02-27,7.26,5.6,83.6,5.0,5.4,52.0,56.9,62.78
athlete_017,2025-02-28,6.56,4.8,162.2,3.9,4.8,50.5,62.5,60.6
athlete_017,2025-03-01,5.71,5.0,109.3,5.6,4.0,51.4,59.8,59.32
athlete_017,2025-03-02,7.04,6.8,18.3,2.9,7.3,44.7,68.7,68.47
athlete_017,2025-03-03,6.9,5.9,274.0,2.7,7.0,45.8,67.3,69.75
athlete_017,2025-03-04,7.72,6.7,104.4,3.4,7.0,46.9,72.0,75.46
athlete_017,2025-03-05,7.35,5.5,221.0,5.2,3.8,49.6,61.3,64.04
athlete_017,2025-03-06,6.95,5.5,119.0,5.0,3.7,48.0,56.9,60.44
athlete_017,2025-03-07,7.54,6.2,209.7,3.4,6.9,46.1,74.5,67.14
athlete_017,2025-03-08,7.08,6.4,150.6,4.3,5.9,49.6,69.1,69.03
athlete_017,2025-03-09,7.64,5.6,32.4,5.4,4.5,50.0,53.2,66.13
athlete_017,2025-03-10,8.13,6.7,257.6,4.2,5.8,47.4,63.9,70.82
athlete_017,2025-03-11,6.8,4.9,115.1,4.9,4.9,46.9,62.0,58.68
athlete_017,2025-03-12,8.18,6.4,199.7,4.1,5.8,49.2,61.7,69.19
athlete_017,2025-03-13,7.34,5.6,118.3,4.4,5.3,50.9,62.0,66.46
athlete_017,2025-03-14,7.24,5.8,249.3,4.8,4.5,49.5,58.1,57.7
athlete_017,2025-03-15,8.22,7.3,208.3,2.5,7.4,49.4,60.9,78.85
athlete_017,2025-03-16,6.11,3.6,32.9,4.3,3.9,52.8,58.8,59.61
athlete_017,2025-03-17,6.87,5.3,205.6,4.6,4.7,49.3,55.7,65.34
athlete_017,2025-03-18,7.66,6.2,122.1,4.3,6.3,49.3,62.3,69.31
athlete_017,2025-03-19,8.08,6.9,197.7,2.9,7.9,47.8,76.1,80.61
athlete_017,2025-03-20,6.97,5.3,118.9,5.2,4.4,53.8,59.4,58.81
athlete_017,2025-03-21,7.84,5.7,281.4,3.8,6.2,49.7,62.9,68.3
athlete_017,2025-03-22,6.7,5.6,168.5,4.3,5.6,49.0,59.8,70.54
athlete_017,2025-03-23,7.34,4.7,31.8,4.2,4.7,47.5,62.0,57.6
athlete_017,2025-03-24,7.22,5.3,151.5,4.4,5.1,49.7,64.6,66.28
athlete_017,2025-03-25,7.8,7.2,59.4,4.3,6.5,50.8,65.9,68.8
athlete_017,2025-03-26,7.41,6.5,93.5,2.8,6.8,49.7,72.0,74.38
athlete_017,2025-03-27,7.59,6.9,67.6,4.4,5.6,47.5,68.5,71.94
athlete_017,2025-03-28,6.14,4.3,142.9,3.9,5.1,51.4,60.8,62.75
athlete_017,2025-03-29,6.72,5.3,114.5,4.0,5.4,51.2,65.5,72.66
athlete_017,2025-03-30,7.32,6.3,20.4,4.4,5.9,49.4,57.2,65.52
athlete_017,2025-03-31,6.55,4.3,208.3,3.2,4.2,49.7,67.1,57.9
athlete_017,2025-04-01,8.02,7.7,117.1,3.5,7.3,45.0,67.3,68.08
athlete_017,2025-04-02,7.09,6.3,159.0,3.0,7.1,49.3,68.3,69.56
athlete_017,2025-04-03,7.02,6.8,123.9,3.9,6.8,44.8,57.8,68.57
athlete_017,2025-04-04,6.93,6.4,191.3,3.1,6.1,50.1,71.2,64.42
athlete_017,2025-04-05,7.15,5.2,135.5,5.4,4.0,50.7,60.6,62.89
athlete_017,2025-04-06,7.74,6.6,28.3,3.1,7.4,47.8,67.0,73.17
athlete_017,2025-04-07,7.38,6.3,207.9,4.2,6.2,50.4,62.1,61.8
athlete_017,2025-04-08,8.04,6.8,109.6,4.0,6.2,49.1,60.0,66.36
athlete_017,2025-04-09,7.39,6.4,262.4,3.5,6.8,45.7,63.8,70.56
athlete_017,2025-04-10,7.79,6.9,87.9,4.0,7.0,50.9,61.3,70.17
athlete_017,2025-04-11,6.06,4.8,289.1,4.2,4.2,49.6,59.1,67.02
athlete_017,2025-04-12,6.56,3.7,161.2,6.0,2.9,54.2,56.9,51.19
athlete_017,2025-04-13,6.31,4.0,28.7,4.9,4.8,50.3,59.5,59.0
athlete_017,2025-04-14,6.4,3.6,223.5,6.7,2.6,51.7,55.1,57.56
athlete_017,2025-04-15,7.51,5.8,122.2,5.3,4.5,50.9,65.3,71.96
athlete_017,2025-04-16,6.54,4.3,198.9,4.1,4.5,51.8,69.2,63.35
athlete_017,2025-04-17,8.19,7.5,130.5,5.2,6.6,49.1,65.3,69.93
athlete_017,2025-04-18,7.94,7.7,220.8,3.7,7.9,48.4,66.4,68.27
athlete_017,2025-04-19,6.91,3.9,170.5,6.2,1.9,52.0,61.3,55.03
athlete_017,2025-04-20,7.52,6.6,30.4,2.9,6.6,47.9,65.5,65.54
athlete_017,2025-04-21,7.14,5.3,126.0,5.0,5.3,48.4,60.3,65.94
athlete_017,2025-04-22,7.36,6.7,61.9,1.7,8.4,45.1,68.1,75.49
athlete_017,2025-04-23,7.37,5.5,133.6,2.6,7.2,46.5,64.2,72.07
athlete_017,2025-04-24,6.77,4.9,80.4,3.5,5.9,48.7,71.0,65.1
athlete_017,2025-04-25,8.38,8.1,140.1,3.9,7.7,47.8,68.1,76.01
athlete_017,2025-04-26,7.99,7.2,96.5,3.2,7.7,48.6,74.1,75.39
athlete_017,2025-04-27,6.66,5.1,24.8,3.9,4.9,50.7,59.8,66.82
athlete_017,2025-04-28,7.97,6.6,214.3,3.3,7.3,44.3,63.9,70.86
athlete_017,2025-04-29,7.34,7.2,97.1,2.8,7.0,45.8,65.4,70.59
athlete_017,2025-04-30,6.95,4.7,200.5,5.8,3.7,51.7,62.7,67.37
athlete_017,2025-05-01,7.46,6.2,115.2,4.3,6.1,51.3,62.1,68.42
athlete_017,2025-05-02,7.06,6.1,258.4,3.9,6.7,49.4,61.1,71.39
athlete_017,2025-05-03,7.43,6.5,162.3,4.0,6.7,46.7,65.2,61.21
athlete_017,2025-05-04,7.31,6.0,29.6,5.1,4.2,49.6,58.0,65.97
athlete_017,2025-05-05,6.56,5.0,252.2,5.2,4.5,48.3,56.6,63.69
athlete_018,2025-01-06,8.13,6.3,326.6,4.3,6.5,48.1,77.5,83.47
athlete_018,2025-01-07,7.5,5.1,113.3,4.5,5.0,56.4,64.3,76.99
athlete_018,2025-01-08,7.59,6.5,227.0,4.1,6.7,52.3,73.7,86.98
athlete_018,2025-01-09,7.19,4.5,122.4,5.5,4.4,54.7,61.6,76.98
athlete_018,2025-01-10,7.26,5.4,267.8,3.5,6.5,53.8,70.1,83.26
athlete_018,2025-01-11,6.6,4.5,199.3,4.1,4.7,53.8,61.0,77.75
athlete_018,2025-01-12,8.53,6.3,29.1,3.6,6.3,51.8,66.6,84.19
athlete_018,2025-01-13,8.25,7.1,238.6,4.3,6.5,53.6,65.1,85.34
athlete_018,2025-01-14,7.89,6.3,143.0,5.3,5.3,57.0,67.8,79.44
athlete_018,2025-01-15,6.66,4.5,209.6,3.9,6.0,52.6,70.5,75.82
athlete_018,2025-01-16,7.73,5.1,176.4,3.9,6.1,50.8,73.5,81.5
athlete_018,2025-01-17,7.81,7.6,290.2,2.7,8.8,52.9,71.5,86.81
athlete_018,2025-01-18,7.49,4.8,176.8,5.8,4.3,54.4,61.3,76.67
athlete_018,2025-01-19,7.98,6.6,35.4,2.8,8.7,49.2,76.9,96.65
athlete_018,2025-01-20,7.62,6.3,305.7,3.6,5.9,51.0,74.8,81.98
athlete_018,2025-01-21,7.6,6.6,148.7,3.3,6.1,54.3,65.6,80.82
athlete_018,2025-01-22,7.32,6.8,201.1,2.8,7.1,51.0,70.8,89.19
athlete_018,2025-01-23,8.69,7.8,181.3,3.3,8.2,50.9,74.3,97.57
athlete_018,2025-01-24,7.19,5.6,314.4,4.7,7.0,52.1,66.2,74.53
athlete_018,2025-01-25,7.32,5.2,215.5,4.6,5.4,53.9,65.2,78.39
athlete_018,2025-01-26,7.91,5.9,46.0,3.9,6.5,53.7,72.0,80.73
athlete_018,2025-01-27,6.78,4.5,145.4,5.7,3.9,53.2,66.5,71.49
athlete_018,2025-01-28,7.94,6.6,69.9,3.4,6.7,49.2,71.6,87.63
athlete_018,2025-01-29,7.79,7.3,152.8,3.7,7.6,50.8,67.7,82.73
athlete_018,2025-01-30,7.36,5.8,81.3,3.2,7.2,52.4,75.0,86.05
athlete_018,2025-01-31,8.29,6.4,161.7,1.7,8.4,45.8,75.9,89.12
athlete_018,2025-02-01,7.41,6.4,139.9,4.2,6.0,54.1,71.3,80.33
athlete_018,2025-02-02,7.12,5.3,17.2,3.5,5.5,51.1,64.0,76.94
athlete_018,2025-02-03,7.66,6.0,256.2,3.0,7.1,47.2,71.7,82.5
athlete_018,2025-02-04,7.89,5.7,125.0,4.3,6.5,48.7,74.9,80.38
athlete_018,2025-02-05,8.33,6.6,231.7,4.9,6.0,53.3,65.8,81.74
athlete_018,2025-02-06,7.35,4.3,140.1,5.7,4.7,51.3,71.5,78.47
athlete_018,2025-02-07,6.95,5.2,257.9,4.4,5.2,50.8,65.9,68.11
athlete_018,2025-02-08,7.55,6.0,182.6,3.6,6.5,54.8,70.6,86.26
athlete_018,2025-02-09,7.55,5.9,37.1,4.9,6.9,48.8,74.8,84.51
athlete_018,2025-02-10,6.91,4.8,224.8,5.3,4.2,51.6,72.8,76.83
athlete_018,2025-02-11,7.29,6.1,96.5,4.2,5.8,51.6,72.2,81.53
athlete_018,2025-02-12,7.64,6.1,228.0,4.7,5.5,52.8,70.6,83.21
athlete_018,2025-02-13,8.12,7.5,168.5,2.8,8.1,52.7,75.8,92.49
athlete_018,2025-02-14,6.85,5.9,257.6,4.0,6.1,53.6,63.9,86.36
athlete_018,2025-02-15,5.92,4.2,223.9,3.7,5.7,52.1,67.4,82.88
athlete_018,2025-02-16,8.17,6.7,42.7,5.7,4.9,55.6,66.7,88.77
athlete_018,2025-02-17,7.0,5.2,285.8,5.3,5.0,49.7,63.7,79.76
athlete_018,2025-02-18,8.06,7.4,153.1,3.5,7.2,55.2,73.7,83.81
athlete_018,2025-02-19,7.31,4.1,300.8,5.2,4.6,52.3,67.7,69.69
athlete_018,2025-02-20,8.48,7.4,159.2,3.3,8.0,50.8,75.1,94.64
athlete_018,2025-02-21,7.28,5.4,298.8,4.7,5.5,56.5,64.2,77.18
athlete_018,2025-02-22,7.57,5.4,157.6,5.0,5.4,51.8,66.5,76.5
athlete_018,2025-02-23,7.87,6.4,31.0,4.3,6.9,51.0,69.3,80.79
athlete_018,2025-02-24,6.52,4.6,161.1,5.6,3.9,57.1,62.3,78.03
athlete_018,2025-02-25,7.94,7.4,74.7,2.1,8.2,50.9,71.4,94.82
athlete_018,2025-02-26,8.53,7.5,138.0,2.8,7.8,51.6,69.6,92.22
athlete_018,2025-02-27,6.52,5.9,82.5,2.9,7.5,51.4,74.3,88.19
athlete_018,2025-02-28,8.28,6.6,160.4,4.4,5.4,54.2,65.8,85.97
athlete_018,2025-03-01,7.95,6.6,106.5,5.6,4.7,53.6,64.8,84.28
athlete_018,2025-03-02,7.71,5.5,17.1,5.1,5.3,52.1,70.9,84.31
athlete_018,2025-03-03,7.34,6.5,300.9,3.6,7.6,47.0,73.3,81.83
athlete_018,2025-03-04,7.28,6.1,137.7,4.0,5.6,49.8,72.5,83.16
athlete_018,2025-03-05,7.9,6.4,225.4,3.5,7.1,52.5,73.7,87.62
athlete_018,2025-03-06,7.72,6.0,126.9,4.0,6.4,53.4,70.3,79.17
athlete_018,2025-03-07,7.09,6.4,299.5,3.6,7.0,53.0,72.5,85.29
athlete_018,2025-03-08,7.93,5.8,184.2,5.2,4.4,56.6,66.3,72.59
athlete_018,2025-03-09,7.41,6.0,26.8,4.2,6.3,52.4,71.3,82.97
athlete_018,2025-03-10,6.37,3.9,252.0,5.7,3.8,54.3,65.4,73.47
athlete_018,2025-03-11,7.21,5.9,125.3,5.7,4.9,54.4,64.7,80.35
athlete_018,2025-03-12,7.49,5.8,218.8,4.4,5.9,53.1,69.4,87.72
athlete_018,2025-03-13,7.02,4.6,148.4,6.7,3.5,53.7,67.2,74.96
athlete_018,2025-03-14,7.26,4.7,273.5,4.9,5.2,53.0,71.5,74.57
athlete_018,2025-03-15,8.06,6.9,226.4,3.7,6.8,52.9,76.8,88.97
athlete_018,2025-03-16,7.18,5.2,40.6,4.0,5.9,53.1,63.1,76.04
athlete_018,2025-03-17,8.48,7.1,327.6,4.7,6.7,51.6,66.9,85.56
athlete_018,2025-03-18,8.75,8.2,155.0,3.7,7.7,51.1,78.1,91.25
athlete_018,2025-03-19,6.21,2.4,208.8,6.1,3.1,54.6,65.3,70.5
athlete_018,2025-03-20,7.72,6.9,166.1,4.4,6.7,52.4,65.4,87.52
athlete_018,2025-03-21,7.17,4.9,299.9,5.4,5.4,54.9,65.4,79.99
athlete_018,2025-03-22,7.86,6.2,202.0,5.3,4.0,55.2,60.5,81.75
athlete_018,2025-03-23,7.84,7.1,38.9,4.6,6.1,55.0,71.4,81.41
athlete_018,2025-03-24,7.95,6.6,114.1,5.1,5.6,54.2,66.7,79.18
athlete_018,2025-03-25,8.72,6.8,75.0,3.2,7.5,49.6,67.5,88.58
athlete_018,2025-03-26,7.78,6.2,133.1,3.1,7.4,50.1,79.5,89.17
athlete_018,2025-03-27,7.74,7.9,78.8,3.2,7.8,49.8,73.8,79.86
athlete_018,2025-03-28,7.45,5.8,151.0,6.1,4.1,52.7,57.4,77.45
athlete_018,2025-03-29,7.32,6.2,121.5,3.9,6.7,50.3,71.3,82.96
athlete_018,2025-03-30,8.77,8.3,18.6,3.3,7.6,50.6,72.9,93.63
athlete_018,2025-03-31,7.5,5.1,285.8,3.4,6.0,51.2,76.8,76.87
athlete_018,2025-04-01,8.69,7.5,141.7,3.4,7.6,49.2,74.4,93.51
athlete_018,2025-04-02,7.46,5.0,248.0,5.0,5.8,52.4,66.2,83.6
athlete_018,2025-04-03,8.54,7.4,133.0,3.5,7.5,50.4,78.3,88.32
athlete_018,2025-04-04,7.98,6.4,261.6,3.0,6.9,49.8,70.0,83.84
athlete_018,2025-04-05,7.53,7.1,196.2,4.4,7.1,52.5,70.0,85.74
athlete_018,2025-04-06,7.56,5.3,34.7,4.6,4.5,51.9,67.9,83.42
athlete_018,2025-04-07,7.84,6.6,340.9,4.5,6.4,50.2,71.9,92.53
athlete_018,2025-04-08,7.15,6.0,126.6,5.5,5.7,53.5,68.4,81.41
athlete_018,2025-04-09,6.17,4.8,241.9,3.9,5.7,52.8,69.4,84.11
athlete_018,2025-04-10,8.29,7.3,154.8,2.3,8.5,52.2,75.9,90.93
athlete_018,2025-04-11,6.57,4.2,251.6,4.1,5.0,51.2,60.7,79.58
athlete_018,2025-04-12,7.03,5.0,199.3,4.1,4.7,52.0,66.5,81.17
athlete_018,2025-04-13,7.88,6.1,32.9,4.8,5.3,54.1,60.6,84.38
athlete_018,2025-04-14,8.09,5.9,301.0,6.0,4.6,53.3,62.6,77.12
athlete_018,2025-04-15,7.89,7.4,126.0,3.6,7.9,53.2,69.3,90.23
athlete_018,2025-04-16,7.4,5.9,245.4,4.3,5.5,53.0,65.2,82.53
athlete_018,2025-04-17,6.92,5.7,155.6,4.2,6.3,54.8,59.8,81.34
athlete_018,2025-04-18,8.18,6.6,302.7,5.4,4.6,53.7,62.2,83.17
athlete_018,2025-04-19,7.45,5.4,243.4,3.9,6.1,52.1,71.5,81.79
athlete_018,2025-04-20,8.02,6.1,48.8,3.4,7.2,51.5,71.3,85.29
athlete_018,2025-04-21,6.91,5.3,152.8,4.4,5.5,53.9,67.6,79.17
athlete_018,2025-04-22,8.11,6.3,87.2,5.1,5.5,54.6,66.9,85.88
athlete_018,2025-04-23,7.03,5.1,153.1,3.9,6.4,51.1,74.5,79.99
athlete_018,2025-04-24,7.41,5.8,72.9,3.4,7.6,52.8,67.5,82.98
athlete_018,2025-04-25,7.96,5.6,138.6,5.6,5.2,53.2,69.0,75.08
athlete_018,2025-04-26,8.76,8.8,83.0,3.2,8.8,49.2,71.4,94.96
athlete_018,2025-04-27,9.92,10.0,22.4,1.3,10.0,45.8,80.2,100.0
athlete_018,2025-04-28,7.58,6.2,260.7,3.7,6.9,51.2,73.4,87.0
athlete_018,2025-04-29,7.79,6.1,99.7,3.1,7.1,49.5,77.4,79.9
athlete_018,2025-04-30,7.64,6.4,212.8,3.8,6.1,51.7,70.5,81.55
athlete_018,2025-05-01,8.01,6.8,124.5,3.8,7.7,52.1,70.4,90.07
athlete_018,2025-05-02,7.1,3.8,272.7,4.5,4.8,51.3,70.4,76.53
athlete_018,2025-05-03,8.69,7.7,171.2,2.5,9.1,49.1,72.7,96.79
athlete_018,2025-05-04,7.18,4.4,29.7,5.5,3.6,53.0,62.7,76.87
athlete_018,2025-05-05,7.6,6.0,263.6,4.6,6.2,49.1,65.2,78.09
athlete_019,2025-01-06,7.98,8.6,249.6,4.4,8.0,52.6,87.9,88.71
athlete_019,2025-01-07,6.26,4.5,150.0,5.5,4.0,55.8,75.3,67.18
athlete_019,2025-01-08,7.26,6.1,235.5,3.9,6.0,57.1,87.6,82.03
athlete_019,2025-01-09,7.2,4.9,147.6,6.2,4.3,58.6,80.9,73.74
athlete_019,2025-01-10,5.76,3.9,281.0,4.6,3.1,60.8,75.5,66.96
athlete_019,2025-01-11,5.86,3.1,276.7,4.7,3.5,59.0,75.9,67.03
athlete_019,2025-01-12,6.91,5.5,39.4,6.2,4.0,61.0,78.6,68.7
athlete_019,2025-01-13,8.12,7.0,364.5,3.5,6.9,55.5,88.3,88.19
athlete_019,2025-01-14,6.68,5.4,152.7,4.1,5.2,57.3,79.6,75.9
athlete_019,2025-01-15,7.01,5.4,329.1,4.4,4.6,56.5,80.7,70.29
athlete_019,2025-01-16,6.85,5.4,194.9,4.1,5.5,59.6,80.3,74.19
athlete_019,2025-01-17,6.92,5.8,354.5,4.8,5.5,58.3,88.1,68.9
athlete_019,2025-01-18,6.82,4.9,268.1,5.2,5.3,56.0,73.3,69.88
athlete_019,2025-01-19,6.7,6.2,49.0,3.0,6.8,56.7,87.1,78.58
athlete_019,2025-01-20,7.95,8.2,324.2,3.5,7.6,54.5,83.6,84.75
athlete_019,2025-01-21,6.84,5.2,165.1,4.9,5.4,62.1,80.1,78.36
athlete_019,2025-01-22,7.34,6.4,325.5,2.8,7.3,56.2,83.6,84.6
athlete_019,2025-01-23,6.43,5.2,210.0,4.2,5.4,61.0,82.3,72.89
athlete_019,2025-01-24,6.71,5.1,346.1,5.3,4.8,60.1,81.2,68.51
athlete_019,2025-01-25,6.89,5.0,232.3,4.7,5.5,59.3,84.4,78.56
athlete_019,2025-01-26,7.04,6.2,38.8,3.4,6.3,56.3,83.7,79.85
athlete_019,2025-01-27,6.52,4.8,167.2,6.5,3.7,58.8,80.2,70.63
athlete_019,2025-01-28,5.92,4.4,92.9,5.5,4.9,58.7,76.4,75.65
athlete_019,2025-01-29,7.39,6.5,130.0,4.3,6.4,58.6,90.6,85.82
athlete_019,2025-01-30,6.87,6.6,115.5,3.5,6.8,54.1,85.8,79.13
athlete_019,2025-01-31,7.97,7.3,202.8,2.8,8.4,57.2,92.2,86.6
athlete_019,2025-02-01,7.1,6.4,170.3,4.4,6.3,60.0,84.8,76.37
athlete_019,2025-02-02,5.95,4.5,27.5,3.7,5.7,57.4,82.5,72.12
athlete_019,2025-02-03,7.35,6.3,313.5,4.4,5.3,56.8,88.0,72.21
athlete_019,2025-02-04,7.41,6.6,120.2,4.7,5.4,56.9,89.2,75.31
athlete_019,2025-02-05,8.03,7.9,231.7,3.6,7.1,55.6,89.0,82.44
athlete_019,2025-02-06,6.06,4.4,189.7,4.6,4.6,54.3,85.2,66.2
athlete_019,2025-02-07,7.02,6.8,367.7,4.8,6.2,58.2,81.6,75.9
athlete_019,2025-02-08,7.07,4.7,273.2,4.9,4.1,58.2,82.3,69.47
athlete_019,2025-02-09,6.11,4.2,44.0,4.8,4.4,57.8,81.3,67.37
athlete_019,2025-02-10,7.48,6.4,318.7,4.5,6.7,59.4,88.7,83.32
athlete_019,2025-02-11,7.51,7.4,191.4,3.6,7.3,58.5,84.1,81.65
athlete_019,2025-02-12,6.8,4.8,357.9,3.3,5.9,57.0,93.3,76.41
athlete_019,2025-02-13,7.09,5.8,187.4,4.8,5.8,57.1,81.7,77.63
athlete_019,2025-02-14,7.01,5.8,406.4,5.1,5.0,58.1,78.7,68.32
athlete_019,2025-02-15,6.23,4.3,261.2,6.0,4.4,60.0,72.9,63.73
athlete_019,2025-02-16,6.97,5.7,37.2,5.1,4.5,62.0,78.5,76.7
athlete_019,2025-02-17,6.46,5.3,392.8,5.3,4.3,60.2,80.9,71.0
athlete_019,2025-02-18,6.65,5.0,202.2,3.9,5.9,57.4,82.8,76.23
athlete_019,2025-02-19,7.17,4.6,309.2,5.1,4.0,60.6,78.5,70.94
athlete_019,2025-02-20,6.88,5.0,182.5,5.2,4.6,61.5,83.2,73.61
athlete_019,2025-02-21,5.86,3.3,337.2,6.7,2.1,61.0,73.5,58.88
athlete_019,2025-02-22,7.66,7.1,298.1,3.7,6.9,56.7,87.2,76.56
athlete_019,2025-02-23,7.1,5.5,40.0,5.4,4.6,58.1,80.5,65.44
athlete_019,2025-02-24,6.84,6.2,200.4,5.2,5.4,57.1,78.8,74.72
athlete_019,2025-02-25,6.99,4.1,73.4,4.9,4.0,57.4,80.2,64.7
athlete_019,2025-02-26,6.81,3.5,181.7,5.8,2.8,58.6,80.6,66.37
athlete_019,2025-02-27,6.28,3.9,114.8,3.4,4.9,55.0,85.0,69.28
athlete_019,2025-02-28,7.06,6.2,221.8,4.5,5.6,55.5,81.1,72.86
athlete_019,2025-03-01,7.74,7.3,110.9,3.7,7.9,56.2,88.5,79.07
athlete_019,2025-03-02,6.92,5.0,22.9,4.7,4.6,56.7,83.9,67.41
athlete_019,2025-03-03,7.96,7.0,333.3,3.7,7.8,53.5,95.3,80.57
athlete_019,2025-03-04,6.64,5.7,124.7,3.3,5.8,54.6,92.5,72.13
athlete_019,2025-03-05,5.53,2.7,287.2,4.5,4.7,57.1,86.3,66.68
athlete_019,2025-03-06,7.52,7.6,164.0,3.5,6.9,57.6,87.7,81.23
athlete_019,2025-03-07,6.1,4.5,390.3,3.9,5.1,56.7,77.0,73.71
athlete_019,2025-03-08,7.6,7.4,290.1,3.4,6.7,57.1,83.4,80.9
athlete_019,2025-03-09,7.7,6.3,42.3,4.3,6.4,54.1,84.3,78.38
athlete_019,2025-03-10,6.03,3.5,350.5,5.9,2.8,62.2,71.1,68.36
athlete_019,2025-03-11,7.17,4.9,184.6,5.2,3.7,60.5,77.8,70.61
athlete_019,2025-03-12,7.12,6.7,275.7,4.8,6.1,58.9,80.3,73.85
athlete_019,2025-03-13,7.12,4.6,195.1,4.7,5.6,54.4,77.6,68.93
athlete_019,2025-03-14,6.91,5.6,382.5,4.1,5.7,60.7,85.0,80.06
athlete_019,2025-03-15,7.14,5.7,230.1,5.9,4.0,59.7,77.7,66.89
athlete_019,2025-03-16,6.7,5.2,39.1,5.1,4.1,59.3,77.6,69.21
athlete_019,2025-03-17,8.08,6.4,320.2,3.6,7.0,59.2,88.8,83.64
athlete_019,2025-03-18,6.02,3.6,181.3,6.0,2.7,58.5,71.7,70.34
athlete_019,2025-03-19,7.71,7.5,300.6,6.3,5.8,61.8,89.5,77.33
athlete_019,2025-03-20,7.0,6.0,190.7,4.7,5.6,57.3,77.9,72.34
athlete_019,2025-03-21,6.74,5.9,342.3,4.5,5.8,58.2,85.9,75.06
athlete_019,2025-03-22,7.35,7.0,265.9,3.5,5.9,58.7,80.6,76.32
athlete_019,2025-03-23,6.44,3.9,53.7,4.9,4.5,57.5,78.3,72.72
athlete_019,2025-03-24,7.15,4.8,173.9,5.2,4.6,58.0,83.4,65.34
athlete_019,2025-03-25,7.73,5.9,96.7,4.9,5.7,55.9,84.4,75.9
athlete_019,2025-03-26,7.46,6.3,185.6,3.2,6.3,55.0,94.4,78.2
athlete_019,2025-03-27,7.59,6.5,87.9,4.2,6.7,55.6,91.5,81.7
athlete_019,2025-03-28,7.58,6.9,225.4,1.5,8.5,51.9,97.9,92.47
athlete_019,2025-03-29,7.66,6.8,122.2,3.2,7.1,55.4,88.7,79.89
athlete_019,2025-03-30,7.87,6.6,26.5,4.4,7.2,54.2,86.6,81.34
athlete_019,2025-03-31,7.1,7.0,247.8,1.7,8.3,52.8,94.2,87.15
athlete_019,2025-04-01,7.7,5.7,167.7,3.9,6.4,54.7,89.1,71.2
athlete_019,2025-04-02,7.26,6.7,270.3,4.3,6.7,57.1,86.0,77.21
athlete_019,2025-04-03,6.84,5.4,170.4,4.9,5.7,58.6,86.0,82.38
athlete_019,2025-04-04,7.39,6.7,363.1,3.8,5.9,57.0,91.9,83.29
athlete_019,2025-04-05,7.16,5.4,289.9,5.1,5.4,58.0,85.0,76.28
athlete_019,2025-04-06,7.13,4.7,45.0,5.6,4.2,60.0,87.7,74.54
athlete_019,2025-04-07,6.63,6.0,299.9,4.4,6.2,60.2,82.8,81.96
athlete_019,2025-04-08,7.3,5.3,160.5,4.8,5.1,57.8,91.0,76.69
athlete_019,2025-04-09,7.09,6.8,311.4,4.4,7.1,58.3,86.3,78.28
athlete_019,2025-04-10,6.64,4.9,153.7,6.3,3.3,58.5,79.9,67.31
athlete_019,2025-04-11,6.94,4.4,324.3,3.8,5.5,55.5,87.0,70.36
athlete_019,2025-04-12,7.45,6.3,265.4,4.0,7.4,56.9,84.3,76.89
athlete_019,2025-04-13,6.22,3.3,45.1,5.4,3.3,58.1,82.3,64.73
athlete_019,2025-04-14,7.09,5.1,391.6,3.7,6.1,57.1,86.5,72.44
athlete_019,2025-04-15,7.02,6.9,164.9,3.6,6.4,56.6,80.1,72.72
athlete_019,2025-04-16,5.99,4.2,259.2,5.3,4.0,59.5,77.0,64.78
athlete_019,2025-04-17,6.86,5.4,202.8,3.9,4.3,58.4,86.1,73.56
athlete_019,2025-04-18,6.93,5.4,291.2,4.3,5.0,58.7,85.6,70.93
athlete_019,2025-04-19,6.95,6.8,259.8,3.3,6.7,54.7,83.8,86.53
athlete_019,2025-04-20,6.45,5.0,43.1,4.2,5.6,58.2,79.7,74.54
athlete_019,2025-04-21,7.13,5.7,219.3,4.3,5.5,59.7,84.5,73.41
athlete_019,2025-04-22,7.39,5.7,89.3,4.5,5.7,56.9,85.8,69.53
athlete_019,2025-04-23,7.32,6.1,153.8,2.9,6.7,54.2,84.6,75.2
athlete_019,2025-04-24,7.03,5.4,113.2,4.5,5.2,53.1,83.5,74.38
athlete_019,2025-04-25,7.69,6.2,223.1,4.3,6.4,54.6,90.9,76.8
athlete_019,2025-04-26,6.8,4.8,179.6,4.7,4.8,59.1,84.6,74.25
athlete_019,2025-04-27,7.45,6.4,28.7,4.5,7.0,56.5,84.2,73.99
athlete_019,2025-04-28,7.33,6.5,332.8,2.6,7.0,54.0,91.9,79.79
athlete_019,2025-04-29,6.82,6.5,179.1,2.9,7.6,55.4,88.2,78.44
athlete_019,2025-04-30,6.96,6.7,261.7,3.6,6.2,53.2,82.2,82.7
athlete_019,2025-05-01,6.15,4.5,155.1,4.1,4.9,58.8,83.8,66.36
athlete_019,2025-05-02,6.43,5.3,321.7,4.4,5.5,59.0,80.9,73.26
athlete_019,2025-05-03,5.93,3.9,269.8,6.4,2.5,62.3,73.3,61.43
athlete_019,2025-05-04,6.87,6.0,41.2,4.4,6.1,54.5,80.0,77.44
athlete_019,2025-05-05,7.58,6.1,294.1,5.0,6.5,55.8,87.1,74.26
athlete_020,2025-01-06,7.57,6.5,270.6,2.5,8.1,50.5,62.4,80.79
athlete_020,2025-01-07,8.03,4.8,151.9,5.0,4.4,58.3,48.5,70.94
athlete_020,2025-01-08,7.57,3.5,301.9,4.8,3.4,57.9,44.5,66.27
athlete_020,2025-01-09,7.95,5.8,161.6,6.2,4.1,61.7,50.4,64.94
athlete_020,2025-01-10,7.75,4.6,302.7,4.4,3.9,59.1,47.2,64.34
athlete_020,2025-01-11,8.13,6.3,220.3,3.6,5.6,58.8,50.3,72.91
athlete_020,2025-01-12,8.09,6.0,43.1,5.3,5.6,62.0,47.6,71.66
athlete_020,2025-01-13,6.94,3.5,361.4,4.7,4.2,56.6,43.0,72.9
athlete_020,2025-01-14,8.76,6.3,149.2,5.1,5.8,57.9,51.3,77.17
athlete_020,2025-01-15,7.99,4.4,295.5,4.7,4.6,59.8,46.4,71.74
athlete_020,2025-01-16,9.39,7.4,145.0,3.8,7.0,54.4,59.1,73.34
athlete_020,2025-01-17,8.46,5.9,356.9,3.5,4.9,58.0,55.2,75.08
athlete_020,2025-01-18,8.0,5.3,229.7,5.8,4.3,58.7,45.1,67.32
athlete_020,2025-01-19,7.47,4.4,48.7,4.1,4.6,59.7,50.4,73.26
athlete_020,2025-01-20,8.07,6.6,300.3,2.4,7.8,55.7,50.7,81.16
athlete_020,2025-01-21,7.32,4.7,168.8,4.6,5.1,60.0,53.8,72.05
athlete_020,2025-01-22,7.57,5.7,232.1,4.4,5.3,60.1,47.4,72.98
athlete_020,2025-01-23,7.25,5.3,195.0,2.7,6.9,52.7,54.5,80.51
athlete_020,2025-01-24,8.39,5.2,325.7,4.6,4.7,59.6,52.8,71.63
athlete_020,2025-01-25,7.71,4.9,245.1,5.2,4.5,58.4,45.4,65.62
athlete_020,2025-01-26,7.57,4.9,48.2,4.8,4.3,57.4,44.2,68.34
athlete_020,2025-01-27,8.58,5.6,202.0,4.4,4.8,56.7,59.1,70.77
athlete_020,2025-01-28,7.95,6.0,79.2,3.9,5.6,57.3,48.9,73.47
athlete_020,2025-01-29,8.09,4.3,180.0,6.2,3.3,58.3,50.3,66.33
athlete_020,2025-01-30,7.82,5.2,72.2,4.5,5.1,59.4,48.3,73.3
athlete_020,2025-01-31,9.25,7.7,202.4,2.5,8.1,53.2,59.4,78.97
athlete_020,2025-02-01,8.68,7.1,143.3,3.4,6.7,57.9,56.4,72.8
athlete_020,2025-02-02,7.75,6.3,31.3,4.2,5.5,58.2,49.4,70.99
athlete_020,2025-02-03,8.67,5.9,267.2,3.5,6.8,55.1,62.0,75.44
athlete_020,2025-02-04,7.39,4.8,134.9,4.7,4.7,57.1,55.8,67.31
athlete_020,2025-02-05,7.87,4.8,226.9,4.3,4.7,55.4,55.3,66.43
athlete_020,2025-02-06,8.72,6.4,177.2,3.9,7.1,55.7,56.7,82.58
athlete_020,2025-02-07,7.71,5.9,364.2,3.6,6.2,58.9,57.8,77.82
athlete_020,2025-02-08,8.11,5.5,246.9,4.8,4.8,57.0,48.7,65.17
athlete_020,2025-02-09,8.44,6.7,40.7,4.7,5.6,59.9,57.3,68.87
athlete_020,2025-02-10,8.69,6.1,357.9,5.6,5.6,54.9,52.7,77.56
athlete_020,2025-02-11,7.52,3.8,180.4,5.5,4.1,60.3,45.2,59.7
athlete_020,2025-02-12,7.87,4.6,299.0,4.9,4.3,55.3,48.3,72.55
athlete_020,2025-02-13,7.19,4.4,152.2,5.3,4.4,56.2,54.7,57.31
athlete_020,2025-02-14,7.84,5.3,307.0,3.9,4.9,57.1,48.9,74.48
athlete_020,2025-02-15,8.05,4.8,272.3,4.6,4.7,58.7,51.6,71.4
athlete_020,2025-02-16,8.88,6.7,43.5,3.8,7.5,59.5,56.5,83.31
athlete_020,2025-02-17,7.82,5.8,346.5,3.9,6.3,57.9,50.3,75.08
athlete_020,2025-02-18,8.77,7.0,177.6,3.8,6.7,58.9,58.0,77.78
athlete_020,2025-02-19,8.5,5.9,356.0,4.4,5.9,54.9,48.2,76.63
athlete_020,2025-02-20,8.0,4.4,184.6,5.8,3.5,60.7,48.7,67.53
athlete_020,2025-02-21,8.05,6.5,355.3,4.2,6.0,60.6,52.1,70.27
athlete_020,2025-02-22,8.18,3.7,300.7,5.9,3.6,60.4,47.0,63.34
athlete_020,2025-02-23,7.44,4.0,42.8,5.4,4.2,60.3,52.0,70.11
athlete_020,2025-02-24,6.78,4.5,191.6,6.0,3.8,64.3,46.4,65.04
athlete_020,2025-02-25,8.18,6.3,88.6,3.9,6.5,57.7,60.6,71.4
athlete_020,2025-02-26,8.04,6.2,197.9,3.2,6.1,57.1,49.7,70.59
athlete_020,2025-02-27,7.23,4.8,106.6,5.2,3.2,59.9,47.0,61.9
athlete_020,2025-02-28,7.77,4.1,184.2,5.6,3.9,58.6,45.3,62.83
athlete_020,2025-03-01,9.03,8.1,126.5,4.5,7.4,54.6,53.2,84.15
athlete_020,2025-03-02,7.95,4.5,18.4,3.8,5.5,53.4,53.6,74.46
athlete_020,2025-03-03,8.11,5.2,319.7,4.4,6.1,55.4,57.4,70.81
athlete_020,2025-03-04,8.38,6.7,130.3,4.3,6.8,55.2,52.3,75.17
athlete_020,2025-03-05,7.17,5.4,252.2,5.2,4.9,57.2,52.7,70.51
athlete_020,2025-03-06,7.78,4.6,154.9,4.9,4.1,60.6,51.5,62.92
athlete_020,2025-03-07,9.4,7.8,391.6,3.6,8.7,55.5,58.5,75.97
athlete_020,2025-03-08,7.98,5.6,232.5,4.4,5.5,57.7,52.2,68.18
athlete_020,2025-03-09,7.59,5.7,41.8,5.3,5.3,61.2,51.9,70.8
athlete_020,2025-03-10,8.23,4.8,366.0,5.8,4.6,58.8,51.5,68.74
athlete_020,2025-03-11,7.13,3.1,143.5,6.1,3.4,58.2,42.6,67.27
athlete_020,2025-03-12,7.96,4.5,277.5,5.0,4.5,62.1,55.2,66.34
athlete_020,2025-03-13,8.23,6.1,163.4,4.0,7.0,57.0,47.8,77.3
athlete_020,2025-03-14,7.25,4.5,354.4,4.3,5.3,58.4,51.9,73.25
athlete_020,2025-03-15,7.87,5.2,266.2,6.4,3.5,61.3,39.8,62.61
athlete_020,2025-03-16,8.51,6.9,43.2,4.0,5.7,59.3,59.1,71.36
athlete_020,2025-03-17,8.0,5.1,455.8,5.4,3.9,58.9,42.7,67.43
athlete_020,2025-03-18,9.52,7.3,147.5,4.3,6.9,57.9,55.4,77.19
athlete_020,2025-03-19,7.25,4.2,337.2,5.0,4.3,59.4,47.1,69.83
athlete_020,2025-03-20,7.98,3.9,186.9,5.1,3.3,60.6,50.8,66.66
athlete_020,2025-03-21,8.06,5.2,379.3,5.8,4.3,61.7,46.5,66.18
athlete_020,2025-03-22,8.74,6.8,282.5,3.5,6.7,59.4,50.8,78.08
athlete_020,2025-03-23,8.54,5.3,46.3,3.9,5.9,56.8,47.6,74.81
athlete_020,2025-03-24,7.53,4.5,200.5,6.2,4.1,60.9,45.5,73.36
athlete_020,2025-03-25,8.11,5.5,86.2,5.1,3.2,58.5,49.9,72.96
athlete_020,2025-03-26,8.04,5.2,151.5,4.1,5.1,57.6,53.0,72.63
athlete_020,2025-03-27,7.25,3.9,98.8,4.9,3.5,59.0,48.3,63.28
athlete_020,2025-03-28,8.06,5.1,196.0,4.0,4.6,57.9,58.6,65.7
athlete_020,2025-03-29,6.68,3.9,157.4,5.5,4.2,61.5,44.8,64.73
athlete_020,2025-03-30,8.92,7.7,25.7,3.1,7.8,57.0,64.2,92.32
athlete_020,2025-03-31,7.63,4.3,356.3,4.0,5.7,53.6,51.1,70.94
athlete_020,2025-04-01,8.04,6.2,135.9,4.0,6.5,55.1,55.3,72.81
athlete_020,2025-04-02,7.68,5.9,317.4,3.8,5.5,56.7,55.2,76.22
athlete_020,2025-04-03,8.53,6.2,201.7,3.3,6.7,60.4,60.2,73.54
athlete_020,2025-04-04,7.21,3.4,282.1,5.0,3.8,59.1,49.1,64.21
athlete_020,2025-04-05,8.56,6.6,251.7,3.8,6.3,58.1,58.2,74.67
athlete_020,2025-04-06,8.34,6.5,31.9,2.8,7.9,54.5,52.8,83.07
athlete_020,2025-04-07,8.4,5.8,273.2,4.0,6.5,55.9,52.5,79.98
athlete_020,2025-04-08,7.99,4.7,140.4,4.8,5.1,57.5,46.9,75.81
athlete_020,2025-04-09,8.79,7.4,266.2,3.8,7.1,54.8,54.6,76.9
athlete_020,2025-04-10,7.91,5.5,175.8,3.9,6.2,55.0,45.7,71.58
athlete_020,2025-04-11,7.43,5.5,422.0,6.1,2.7,61.3,44.7,67.19
athlete_020,2025-04-12,7.78,4.2,238.9,5.3,3.8,59.2,50.6,65.26
athlete_020,2025-04-13,7.39,5.1,34.3,4.8,5.9,57.8,48.1,70.4
athlete_020,2025-04-14,7.03,4.9,319.5,4.8,2.9,60.5,50.7,64.8
athlete_020,2025-04-15,8.4,5.7,136.7,5.6,4.9,56.8,55.3,77.41
athlete_020,2025-04-16,7.74,5.8,302.6,4.9,5.4,59.5,55.2,72.39
athlete_020,2025-04-17,8.32,5.3,188.5,5.9,3.8,56.3,51.9,68.2
athlete_020,2025-04-18,8.51,7.8,347.1,3.4,8.8,56.9,56.8,86.51
athlete_020,2025-04-19,8.24,6.4,230.0,4.9,4.8,60.9,40.5,71.17
athlete_020,2025-04-20,8.38,7.3,38.6,1.3,8.5,54.0,55.7,85.41
athlete_020,2025-04-21,7.84,4.2,179.4,5.7,4.4,57.3,48.1,64.56
athlete_020,2025-04-22,9.21,7.3,97.4,4.3,7.3,54.9,58.6,78.25
athlete_020,2025-04-23,8.06,4.5,142.2,4.7,3.8,57.8,50.1,66.75
athlete_020,2025-04-24,8.46,5.9,114.5,5.1,4.8,57.8,53.6,68.08
athlete_020,2025-04-25,8.48,5.0,183.9,5.3,4.5,57.4,51.0,67.59
athlete_020,2025-04-26,8.3,6.2,164.2,4.0,6.9,54.3,55.6,81.8
athlete_020,2025-04-27,8.55,7.7,21.4,2.5,7.6,54.5,62.1,79.47
athlete_020,2025-04-28,7.12,5.6,225.8,3.4,5.4,58.2,55.1,71.72
athlete_020,2025-04-29,8.77,6.2,179.4,4.3,5.3,54.1,55.9,81.28
athlete_020,2025-04-30,7.78,4.2,271.1,4.7,4.4,59.3,48.6,69.24
athlete_020,2025-05-01,8.19,5.5,161.4,3.6,6.0,57.5,57.1,73.07
athlete_020,2025-05-02,7.53,5.4,400.9,3.1,6.7,56.0,58.2,76.24
athlete_020,2025-05-03,9.07,6.6,240.2,5.2,4.4,57.2,52.7,71.75
athlete_020,2025-05-04,8.05,5.5,45.2,5.3,5.1,60.6,54.8,69.12
athlete_020,2025-05-05,8.18,5.4,232.6,5.3,4.8,57.2,54.1,70.67
athlete_021,2025-01-06,7.26,5.4,235.3,4.4,6.3,48.0,71.7,73.53
athlete_021,2025-01-07,8.4,6.0,128.4,5.4,4.9,54.1,72.3,65.81
athlete_021,2025-01-08,7.87,4.6,228.7,5.5,2.9,54.8,69.2,68.61
athlete_021,2025-01-09,8.09,5.2,118.6,6.0,4.9,54.0,78.3,70.67
athlete_021,2025-01-10,8.15,5.5,360.3,4.3,5.7,48.5,73.3,74.29
athlete_021,2025-01-11,7.18,4.9,157.2,5.1,3.8,55.2,67.4,72.39
athlete_021,2025-01-12,8.58,6.6,36.9,4.5,6.0,50.6,70.5,77.78
athlete_021,2025-01-13,8.56,6.6,314.1,4.0,6.2,48.9,71.8,70.91
athlete_021,2025-01-14,7.71,6.4,159.8,4.6,7.0,49.8,72.0,75.35
athlete_021,2025-01-15,8.4,6.9,302.9,5.0,5.9,51.8,71.4,71.11
athlete_021,2025-01-16,8.74,7.2,139.4,4.3,5.6,55.0,67.4,73.79
athlete_021,2025-01-17,6.98,4.4,331.3,4.5,5.5,51.1,65.1,68.83
athlete_021,2025-01-18,7.66,4.9,203.1,4.4,5.8,52.0,72.9,75.52
athlete_021,2025-01-19,7.9,5.0,30.0,5.2,4.7,52.8,73.4,71.27
athlete_021,2025-01-20,6.37,3.4,252.8,6.1,2.6,55.0,68.2,65.23
athlete_021,2025-01-21,7.48,5.8,133.1,3.1,7.3,48.2,81.3,83.87
athlete_021,2025-01-22,7.42,3.7,295.9,4.0,4.3,51.0,79.1,67.81
athlete_021,2025-01-23,8.46,5.4,137.4,4.6,5.9,49.3,79.2,72.86
athlete_021,2025-01-24,8.58,7.0,354.6,3.2,6.8,51.3,68.5,80.95
athlete_021,2025-01-25,8.19,5.0,206.9,5.7,4.1,54.6,66.7,70.0
athlete_021,2025-01-26,7.4,4.5,33.1,5.0,3.8,53.8,67.7,70.33
athlete_021,2025-01-27,8.6,7.0,161.0,2.9,7.8,47.3,69.4,77.36
athlete_021,2025-01-28,8.21,5.6,64.7,4.6,6.3,52.3,81.7,78.22
athlete_021,2025-01-29,7.94,6.4,143.5,3.6,5.9,48.2,73.3,75.51
athlete_021,2025-01-30,8.53,6.4,83.8,3.1,7.6,47.6,81.9,75.77
athlete_021,2025-01-31,7.94,6.3,170.5,3.3,6.9,50.5,78.1,73.38
athlete_021,2025-02-01,8.21,5.7,123.0,4.3,5.4,51.5,71.3,70.78
athlete_021,2025-02-02,8.18,5.5,17.6,3.2,7.3,47.9,72.8,75.51
athlete_021,2025-02-03,8.3,7.1,260.3,3.7,8.1,46.2,83.0,78.03
athlete_021,2025-02-04,7.85,7.4,120.9,1.1,8.9,49.2,84.6,91.16
athlete_021,2025-02-05,9.19,7.0,249.9,3.5,7.0,46.2,78.3,77.43
athlete_021,2025-02-06,7.84,5.8,146.6,4.2,5.7,47.0,69.3,70.02
athlete_021,2025-02-07,7.55,4.1,260.1,5.3,5.0,50.9,77.2,70.61
athlete_021,2025-02-08,7.94,5.6,154.0,4.7,5.0,50.8,71.6,67.06
athlete_021,2025-02-09,7.48,5.1,38.9,5.2,5.4,52.6,79.8,73.58
athlete_021,2025-02-10,8.71,7.4,270.5,3.7,7.8,48.4,79.1,73.22
athlete_021,2025-02-11,6.69,3.0,114.5,4.7,4.0,51.9,72.1,70.78
athlete_021,2025-02-12,7.19,4.8,236.4,3.9,5.5,52.5,75.8,73.49
athlete_021,2025-02-13,8.53,6.0,162.0,4.5,6.2,50.7,73.4,71.13
athlete_021,2025-02-14,8.51,8.0,270.1,2.7,8.6,50.9,81.4,86.5
athlete_021,2025-02-15,7.28,4.5,213.7,5.1,3.5,52.9,69.0,61.42
athlete_021,2025-02-16,7.59,6.6,36.1,5.4,6.2,51.1,72.2,76.7
athlete_021,2025-02-17,7.64,6.0,304.2,5.3,5.2,54.3,68.3,65.61
athlete_021,2025-02-18,8.48,6.2,159.5,4.7,6.3,48.3,83.4,71.79
athlete_021,2025-02-19,7.28,4.1,279.0,6.3,2.8,54.3,63.8,68.96
athlete_021,2025-02-20,7.65,6.3,144.8,3.9,7.6,48.6,74.1,84.12
athlete_021,2025-02-21,8.25,5.6,314.6,5.6,4.2,54.2,77.4,71.33
athlete_021,2025-02-22,7.71,5.4,217.5,4.9,5.3,53.4,74.7,70.29
athlete_021,2025-02-23,7.98,5.5,33.1,4.2,6.1,53.1,75.1,70.95
athlete_021,2025-02-24,7.62,4.8,143.1,5.5,3.6,54.0,72.5,71.19
athlete_021,2025-02-25,6.77,3.9,72.3,5.8,3.7,52.8,61.7,57.21
athlete_021,2025-02-26,7.35,4.2,133.4,5.1,3.9,53.1,70.7,70.83
athlete_021,2025-02-27,8.48,6.1,71.3,3.5,6.9,51.8,77.6,79.99
athlete_021,2025-02-28,7.97,6.6,162.9,3.5,7.6,48.0,72.7,75.58
athlete_021,2025-03-01,7.86,6.8,122.5,3.7,6.7,49.5,75.2,74.71
athlete_021,2025-03-02,8.98,8.0,19.1,3.2,7.4,47.2,84.4,85.39
athlete_021,2025-03-03,8.14,5.9,296.3,5.4,4.9,52.3,72.4,67.58
athlete_021,2025-03-04,7.53,5.9,142.8,3.2,6.7,50.8,74.0,80.68
athlete_021,2025-03-05,7.77,6.6,255.1,4.3,7.4,50.6,77.8,80.11
athlete_021,2025-03-06,7.91,6.7,117.8,3.2,7.4,50.6,84.4,78.11
athlete_021,2025-03-07,7.61,4.1,231.2,5.3,3.7,52.0,68.1,65.99
athlete_021,2025-03-08,7.48,4.9,168.9,4.0,5.0,49.6,71.9,72.65
athlete_021,2025-03-09,8.61,6.6,34.3,5.4,5.8,52.0,76.3,73.99
athlete_021,2025-03-10,8.51,6.9,268.3,3.3,6.8,51.9,81.0,83.07
athlete_021,2025-03-11,6.68,3.8,89.2,6.2,3.0,54.4,71.2,54.99
athlete_021,2025-03-12,6.76,4.5,224.9,4.0,5.0,49.9,74.4,76.59
athlete_021,2025-03-13,7.64,4.3,136.2,4.6,5.0,51.0,75.7,68.71
athlete_021,2025-03-14,7.94,6.1,231.8,4.8,5.7,51.0,67.2,72.77
athlete_021,2025-03-15,7.78,5.8,232.2,4.4,5.6,50.4,71.2,69.59
athlete_021,2025-03-16,7.97,5.2,34.2,6.2,5.1,55.3,67.2,67.17
athlete_021,2025-03-17,6.49,4.2,349.9,6.0,3.7,53.2,65.2,60.53
athlete_021,2025-03-18,8.06,7.0,143.0,3.7,7.1,51.4,74.0,73.03
athlete_021,2025-03-19,8.3,6.6,220.6,4.1,5.9,51.9,74.7,80.5
athlete_021,2025-03-20,7.63,5.5,134.8,4.9,5.9,51.3,75.3,75.77
athlete_021,2025-03-21,9.45,7.3,299.9,4.0,6.9,51.3,79.2,80.07
athlete_021,2025-03-22,7.82,6.9,195.7,5.1,6.1,54.5,72.7,80.25
athlete_021,2025-03-23,6.75,4.6,32.5,4.4,5.3,53.7,67.2,66.79
athlete_021,2025-03-24,8.62,6.0,152.4,4.7,6.0,51.6,77.3,76.35
athlete_021,2025-03-25,8.89,7.2,83.0,3.7,7.0,48.9,83.1,80.5
athlete_021,2025-03-26,8.65,5.8,126.2,6.3,4.3,52.5,72.5,69.38
athlete_021,2025-03-27,8.35,7.0,82.5,2.5,7.6,48.7,79.9,83.53
athlete_021,2025-03-28,7.89,5.2,176.5,5.2,5.6,52.2,66.1,71.75
athlete_021,2025-03-29,7.46,5.9,148.3,3.2,6.7,50.2,77.7,73.68
athlete_021,2025-03-30,7.17,4.1,17.0,4.1,6.0,49.6,76.0,74.33
athlete_021,2025-03-31,8.07,7.6,300.5,4.1,7.1,47.2,75.5,79.16
athlete_021,2025-04-01,8.04,6.2,108.2,4.8,5.8,52.1,79.6,75.63
athlete_021,2025-04-02,9.06,7.2,203.3,3.1,8.2,49.4,82.2,76.29
athlete_021,2025-04-03,7.53,5.2,148.1,4.2,5.4,52.4,76.7,67.9
athlete_021,2025-04-04,6.99,4.3,233.3,4.9,4.5,56.4,72.5,64.04
athlete_021,2025-04-05,7.48,5.6,161.6,5.2,5.1,52.5,83.6,72.33
athlete_021,2025-04-06,7.89,4.8,30.3,5.4,5.3,51.3,77.5,65.62
athlete_021,2025-04-07,7.43,4.7,257.4,5.9,3.3,54.5,65.5,64.01
athlete_021,2025-04-08,8.04,5.5,148.9,5.3,5.1,53.6,72.4,74.14
athlete_021,2025-04-09,7.67,6.3,284.6,4.3,5.3,53.6,72.0,77.43
athlete_021,2025-04-10,7.98,6.4,114.5,3.2,7.1,48.7,76.8,75.8
athlete_021,2025-04-11,8.33,5.2,349.5,4.8,6.2,49.1,75.3,69.9
athlete_021,2025-04-12,7.59,5.8,202.4,3.6,5.3,50.8,69.0,65.79
athlete_021,2025-04-13,7.94,4.9,37.1,5.2,4.5,54.0,74.0,67.62
athlete_021,2025-04-14,8.68,7.4,260.1,4.4,6.2,50.4,77.1,79.37
athlete_021,2025-04-15,9.27,6.8,121.4,5.1,5.3,55.8,76.8,71.23
athlete_021,2025-04-16,7.38,4.7,314.9,4.9,4.7,53.1,71.0,75.07
athlete_021,2025-04-17,7.59,4.7,127.2,5.2,3.0,54.4,65.6,65.73
athlete_021,2025-04-18,7.09,6.3,289.4,3.4,7.6,52.5,73.0,81.11
athlete_021,2025-04-19,7.31,5.7,252.7,3.6,5.3,52.4,77.4,75.0
athlete_021,2025-04-20,7.33,4.9,41.2,5.5,3.8,52.0,68.3,63.2
athlete_021,2025-04-21,7.47,4.6,154.4,4.0,5.0,54.7,71.3,64.07
athlete_021,2025-04-22,7.57,5.1,88.4,4.4,4.4,52.6,63.1,68.62
athlete_021,2025-04-23,7.14,4.5,136.1,6.6,2.9,56.5,69.9,58.64
athlete_021,2025-04-24,7.88,6.0,90.4,5.4,4.5,55.4,75.7,69.95
athlete_021,2025-04-25,8.77,7.0,193.2,3.8,7.0,49.9,76.8,79.12
athlete_021,2025-04-26,7.28,5.0,94.8,3.7,6.3,49.3,77.9,75.56
athlete_021,2025-04-27,7.23,5.1,17.6,3.6,6.1,50.6,79.2,77.08
athlete_021,2025-04-28,8.55,7.6,264.4,3.2,7.7,47.2,81.4,71.37
athlete_021,2025-04-29,8.34,6.0,129.1,2.8,7.6,47.4,77.9,77.19
athlete_021,2025-04-30,7.71,6.0,194.2,4.3,7.3,48.8,75.5,75.26
athlete_021,2025-05-01,7.73,6.6,136.8,2.6,7.7,48.6,80.2,75.13
athlete_021,2025-05-02,7.68,6.2,300.2,3.0,6.7,52.3,73.2,77.09
athlete_021,2025-05-03,7.34,5.2,204.5,5.5,4.8,54.9,76.2,69.6
athlete_021,2025-05-04,7.91,6.3,31.5,3.2,6.1,50.0,78.3,74.82
athlete_021,2025-05-05,7.97,5.7,333.7,5.2,5.2,51.2,66.3,62.44
athlete_022,2025-01-06,9.01,8.4,411.6,2.8,9.4,46.5,99.0,82.66
athlete_022,2025-01-07,6.74,3.9,178.1,5.5,2.8,59.7,78.3,63.65
athlete_022,2025-01-08,7.07,5.0,265.3,3.8,4.2,58.6,82.7,67.98
athlete_022,2025-01-09,7.28,4.8,173.8,5.2,3.7,57.7,85.7,64.76
athlete_022,2025-01-10,7.22,4.1,387.0,4.2,5.2,56.0,79.4,76.2
athlete_022,2025-01-11,8.23,6.2,269.0,3.4,6.1,55.2,84.1,73.6
athlete_022,2025-01-12,8.26,6.6,40.2,3.9,6.5,56.5,77.7,72.59
athlete_022,2025-01-13,7.33,4.3,436.3,4.2,5.0,59.4,87.4,73.98
athlete_022,2025-01-14,7.11,5.0,188.8,5.4,4.3,56.6,79.2,61.1
athlete_022,2025-01-15,6.61,4.3,347.6,3.9,5.0,55.9,86.1,72.68
athlete_022,2025-01-16,7.69,5.8,213.1,3.8,5.5,56.6,85.8,71.64
athlete_022,2025-01-17,7.95,5.4,423.4,3.6,6.5,57.5,88.1,70.45
athlete_022,2025-01-18,7.26,4.5,322.8,5.5,3.4,56.7,75.3,59.85
athlete_022,2025-01-19,7.97,6.9,59.8,3.1,7.5,55.7,89.1,76.72
athlete_022,2025-01-20,8.35,7.9,407.0,4.2,7.1,53.9,78.9,81.17
athlete_022,2025-01-21,8.2,7.0,237.9,5.1,5.1,59.1,86.9,71.94
athlete_022,2025-01-22,7.55,6.4,362.9,4.5,6.0,55.8,86.0,70.26
athlete_022,2025-01-23,8.16,6.8,183.0,3.1,7.1,53.9,81.0,76.89
athlete_022,2025-01-24,7.6,6.1,384.3,3.8,5.9,55.9,80.5,76.91
athlete_022,2025-01-25,7.33,4.6,299.2,4.8,4.8,56.3,75.8,69.57
athlete_022,2025-01-26,7.72,5.2,53.1,4.7,6.1,56.0,82.2,75.08
athlete_022,2025-01-27,8.0,4.7,231.6,5.7,4.3,56.7,82.6,66.12
athlete_022,2025-01-28,8.31,5.9,107.3,3.8,5.4,53.8,81.8,73.02
athlete_022,2025-01-29,8.34,7.6,205.4,3.8,6.9,54.1,89.5,79.13
athlete_022,2025-01-30,7.98,4.9,101.5,5.5,4.3,54.2,86.5,67.74
athlete_022,2025-01-31,7.39,6.4,226.7,5.4,6.2,56.8,79.0,74.63
athlete_022,2025-02-01,6.91,3.6,175.5,4.5,4.4,55.4,89.2,71.12
athlete_022,2025-02-02,8.42,7.9,34.3,3.6,7.6,52.5,90.3,68.47
athlete_022,2025-02-03,7.71,6.0,378.5,4.3,6.6,53.6,81.2,69.83
athlete_022,2025-02-04,7.92,5.8,162.1,5.4,4.7,56.6,81.1,73.17
athlete_022,2025-02-05,7.89,6.5,292.5,3.3,5.3,54.7,84.4,76.19
athlete_022,2025-02-06,6.53,5.1,166.2,3.8,5.6,56.0,85.7,63.25
athlete_022,2025-02-07,7.31,5.3,336.9,3.9,4.9,55.4,89.7,70.05
athlete_022,2025-02-08,7.64,6.2,293.8,3.7,6.3,55.2,88.8,73.31
athlete_022,2025-02-09,7.53,4.7,41.0,4.9,4.2,57.2,88.3,64.37
athlete_022,2025-02-10,9.03,7.8,349.2,2.9,7.6,51.8,87.8,78.33
athlete_022,2025-02-11,6.96,5.5,215.6,3.5,6.2,55.2,84.8,73.2
athlete_022,2025-02-12,6.92,4.8,332.5,3.3,4.7,53.8,86.3,67.86
athlete_022,2025-02-13,7.76,5.5,196.4,4.7,5.1,55.1,88.7,75.28
athlete_022,2025-02-14,7.47,5.5,385.5,4.6,5.9,55.9,83.8,75.2
athlete_022,2025-02-15,7.1,5.4,320.2,3.7,5.1,57.9,81.9,74.91
athlete_022,2025-02-16,7.04,4.0,54.3,5.9,2.9,59.6,79.0,58.25
athlete_022,2025-02-17,6.56,4.3,378.1,5.3,3.8,56.6,79.4,63.5
athlete_022,2025-02-18,7.29,6.0,186.0,4.4,5.2,56.7,83.0,69.24
athlete_022,2025-02-19,6.97,3.1,323.3,5.4,2.7,57.8,79.8,64.5
athlete_022,2025-02-20,7.78,4.7,141.2,6.2,4.0,57.0,82.8,63.12
athlete_022,2025-02-21,7.66,4.9,338.8,6.5,3.9,58.3,82.4,57.96
athlete_022,2025-02-22,7.52,6.0,285.2,4.4,5.3,53.6,79.3,71.45
athlete_022,2025-02-23,7.06,4.7,57.8,6.1,3.6,58.9,82.0,62.63
athlete_022,2025-02-24,7.98,6.4,198.0,3.5,6.5,54.0,90.1,72.42
athlete_022,2025-02-25,6.89,4.6,105.1,5.0,4.1,56.0,80.4,60.2
athlete_022,2025-02-26,8.5,7.3,200.0,3.0,7.2,51.9,95.5,76.34
athlete_022,2025-02-27,8.45,5.3,92.4,5.2,4.7,53.1,87.5,68.74
athlete_022,2025-02-28,7.06,5.0,233.6,4.4,4.3,53.2,83.9,65.67
athlete_022,2025-03-01,7.43,5.2,156.3,5.0,3.6,55.3,77.4,64.51
athlete_022,2025-03-02,7.28,5.4,30.6,3.7,6.3,52.9,91.2,70.49
athlete_022,2025-03-03,7.96,7.3,364.0,3.8,6.6,52.7,94.1,71.77
athlete_022,2025-03-04,7.97,4.6,130.2,4.3,5.3,54.5,89.8,65.84
athlete_022,2025-03-05,7.99,6.1,348.0,4.1,6.0,54.6,92.1,74.43
athlete_022,2025-03-06,6.99,5.3,219.7,4.3,5.6,57.9,89.0,62.46
athlete_022,2025-03-07,7.71,6.9,352.9,4.0,6.6,53.5,94.2,73.23
athlete_022,2025-03-08,7.7,4.8,298.1,5.5,3.6,57.9,78.8,64.73
athlete_022,2025-03-09,6.96,4.1,43.1,5.8,3.2,56.4,83.8,66.12
athlete_022,2025-03-10,7.66,5.5,433.8,4.2,5.2,56.5,84.8,70.89
athlete_022,2025-03-11,7.88,5.9,149.0,4.7,5.0,57.8,83.0,66.21
athlete_022,2025-03-12,7.28,4.0,318.1,6.5,2.4,56.8,73.5,62.89
athlete_022,2025-03-13,7.23,5.7,190.3,4.0,5.5,56.0,82.2,78.63
athlete_022,2025-03-14,6.28,3.2,459.9,6.0,3.3,57.7,79.7,62.3
athlete_022,2025-03-15,7.92,6.4,254.4,4.5,5.8,57.2,84.1,73.28
athlete_022,2025-03-16,7.38,4.9,54.5,5.4,3.7,57.2,79.0,66.78
athlete_022,2025-03-17,7.35,5.4,368.3,5.4,4.3,58.4,84.6,68.9
athlete_022,2025-03-18,8.78,8.9,209.7,3.3,8.6,55.6,92.7,82.37
athlete_022,2025-03-19,6.81,3.5,345.6,5.6,2.8,57.4,82.2,60.9
athlete_022,2025-03-20,6.36,3.6,207.5,4.0,4.5,57.4,83.8,68.18
athlete_022,2025-03-21,7.86,5.9,388.7,4.2,6.3,57.9,86.0,71.81
athlete_022,2025-03-22,7.12,4.3,335.9,6.7,3.7,57.8,80.7,61.38
athlete_022,2025-03-23,7.64,5.8,56.2,5.2,5.3,58.0,82.0,73.64
athlete_022,2025-03-24,6.55,4.5,211.9,4.7,4.2,59.4,80.2,65.15
athlete_022,2025-03-25,7.1,4.7,103.6,4.7,4.8,54.8,85.5,66.67
athlete_022,2025-03-26,8.28,6.3,198.3,4.1,6.4,55.5,85.4,78.16
athlete_022,2025-03-27,7.51,5.8,133.9,5.5,4.3,58.5,79.8,62.0
athlete_022,2025-03-28,6.96,4.8,267.1,2.9,5.5,51.4,88.7,65.37
athlete_022,2025-03-29,6.57,3.9,167.0,4.4,4.1,55.9,82.1,69.51
athlete_022,2025-03-30,7.03,5.0,37.2,3.7,5.9,54.3,87.1,78.65
athlete_022,2025-03-31,8.7,7.2,290.9,3.2,8.0,53.3,94.8,85.11
athlete_022,2025-04-01,7.64,7.8,182.1,2.5,7.0,50.3,92.8,73.84
athlete_022,2025-04-02,7.46,5.1,352.3,4.1,5.5,51.3,89.2,64.94
athlete_022,2025-04-03,7.36,5.1,191.7,5.0,4.7,56.2,81.2,70.63
athlete_022,2025-04-04,7.06,5.0,429.5,5.2,4.1,57.5,79.7,68.63
athlete_022,2025-04-05,8.77,8.3,315.4,3.2,8.1,54.7,88.6,79.43
athlete_022,2025-04-06,6.81,6.3,46.7,3.6,6.2,56.4,84.6,69.68
athlete_022,2025-04-07,7.45,4.9,370.3,4.6,5.0,56.9,84.8,71.65
athlete_022,2025-04-08,8.35,5.8,180.1,4.7,5.3,53.0,87.4,67.37
athlete_022,2025-04-09,6.86,5.7,369.8,4.6,4.4,54.6,81.7,69.1
athlete_022,2025-04-10,7.32,5.6,185.2,5.6,4.5,57.1,75.2,66.03
athlete_022,2025-04-11,7.32,6.4,313.6,3.8,6.3,57.5,83.1,66.97
athlete_022,2025-04-12,7.51,4.8,264.9,5.2,4.3,57.3,83.2,69.89
athlete_022,2025-04-13,8.39,6.8,52.1,5.1,4.7,58.5,83.1,70.38
athlete_022,2025-04-14,6.68,3.8,391.9,5.7,3.2,58.3,80.5,63.64
athlete_022,2025-04-15,7.26,4.0,217.6,6.0,3.9,60.2,76.7,68.66
athlete_022,2025-04-16,6.23,2.9,412.9,5.3,2.6,58.8,76.5,62.18
athlete_022,2025-04-17,8.22,6.9,205.9,3.8,6.7,55.2,89.0,81.03
athlete_022,2025-04-18,6.23,3.5,427.9,5.9,3.4,58.5,74.3,64.62
athlete_022,2025-04-19,7.65,4.7,226.0,5.7,3.6,57.1,74.7,63.98
athlete_022,2025-04-20,6.87,4.6,57.6,5.1,3.3,57.0,77.9,66.11
athlete_022,2025-04-21,7.02,4.6,239.2,5.2,4.2,55.2,78.0,66.85
athlete_022,2025-04-22,7.58,6.5,87.4,3.6,6.7,53.5,87.5,74.71
athlete_022,2025-04-23,7.5,6.9,203.8,3.2,7.5,56.8,90.8,71.5
athlete_022,2025-04-24,9.05,7.5,105.0,3.8,7.3,54.2,92.4,78.58
athlete_022,2025-04-25,8.89,8.0,202.8,1.7,9.2,48.5,96.4,87.95
athlete_022,2025-04-26,7.39,5.7,190.3,3.2,6.1,54.7,81.7,75.94
athlete_022,2025-04-27,8.15,4.6,32.8,4.5,5.5,56.2,89.7,65.54
athlete_022,2025-04-28,6.89,4.1,289.1,5.3,4.6,56.1,86.7,65.09
athlete_022,2025-04-29,7.96,4.9,153.0,4.6,5.2,56.3,79.0,66.48
athlete_022,2025-04-30,7.57,5.8,345.4,4.4,6.8,54.4,89.2,68.52
athlete_022,2025-05-01,7.42,5.3,118.0,4.0,5.0,53.4,89.4,71.99
athlete_022,2025-05-02,7.87,6.5,411.4,4.4,6.3,54.8,85.6,75.54
athlete_022,2025-05-03,7.78,5.7,299.5,3.1,6.2,55.7,90.3,71.82
athlete_022,2025-05-04,8.32,7.4,51.2,4.7,7.2,57.2,86.8,77.21
athlete_022,2025-05-05,7.34,5.5,362.4,3.8,5.3,56.0,80.9,71.56
athlete_023,2025-01-06,7.79,5.5,246.4,4.1,6.6,52.9,72.2,77.88
athlete_023,2025-01-07,7.69,6.1,104.1,3.9,5.9,59.5,60.9,76.41
athlete_023,2025-01-08,7.01,4.2,268.8,3.8,4.8,57.7,62.6,78.55
athlete_023,2025-01-09,6.95,3.9,129.4,5.4,3.7,60.2,57.0,70.04
athlete_023,2025-01-10,7.72,6.1,277.3,2.9,6.7,55.9,64.5,73.57
athlete_023,2025-01-11,8.07,7.1,178.2,3.4,7.5,53.8,59.6,78.06
athlete_023,2025-01-12,7.31,4.4,35.4,5.2,5.5,55.6,59.9,79.9
athlete_023,2025-01-13,8.37,7.1,254.5,2.9,7.7,56.2,66.8,87.26
athlete_023,2025-01-14,7.29,4.1,140.6,3.5,5.4,56.3,58.1,72.81
athlete_023,2025-01-15,7.71,5.5,220.4,4.9,5.0,60.8,62.1,73.07
athlete_023,2025-01-16,7.02,5.5,148.8,4.2,6.4,59.8,63.7,84.27
athlete_023,2025-01-17,7.45,4.3,328.4,4.5,4.8,58.0,61.4,66.28
athlete_023,2025-01-18,6.9,4.6,186.0,5.0,5.4,60.1,60.5,72.32
athlete_023,2025-01-19,7.96,6.4,34.7,4.3,6.1,59.7,53.1,79.55
athlete_023,2025-01-20,8.07,6.8,265.3,2.1,7.4,57.8,67.8,76.86
athlete_023,2025-01-21,7.38,5.5,139.8,4.8,5.9,57.7,62.7,70.44
athlete_023,2025-01-22,7.75,4.4,197.6,6.0,3.4,56.5,58.0,67.7
athlete_023,2025-01-23,8.29,7.7,141.6,4.0,7.4,56.0,58.9,88.48
athlete_023,2025-01-24,6.98,4.6,271.1,5.1,4.5,57.2,57.1,73.59
athlete_023,2025-01-25,6.59,4.4,244.8,3.9,5.0,58.8,59.2,78.4
athlete_023,2025-01-26,7.23,4.2,36.2,4.1,4.4,58.3,60.8,72.08
athlete_023,2025-01-27,7.32,5.8,151.2,3.6,5.8,56.8,59.3,76.77
athlete_023,2025-01-28,7.52,5.8,81.8,4.1,6.0,59.1,63.2,79.29
athlete_023,2025-01-29,7.4,4.6,131.3,4.0,5.2,57.2,63.0,77.39
athlete_023,2025-01-30,7.7,5.8,73.3,2.2,7.7,55.1,64.1,85.19
athlete_023,2025-01-31,8.17,7.5,142.7,3.1,6.9,51.8,66.8,80.27
athlete_023,2025-02-01,6.99,3.2,128.7,6.5,2.5,58.2,56.1,60.42
athlete_023,2025-02-02,7.62,5.4,19.0,3.8,5.5,54.4,62.5,71.51
athlete_023,2025-02-03,6.88,5.8,267.3,3.2,6.3,56.1,58.7,72.85
athlete_023,2025-02-04,7.71,6.0,128.3,3.6,7.1,53.4,68.6,77.81
athlete_023,2025-02-05,7.54,6.3,220.8,4.8,5.4,61.8,60.3,72.05
athlete_023,2025-02-06,7.19,5.2,95.1,5.3,4.2,59.9,54.6,77.4
athlete_023,2025-02-07,7.24,5.5,256.8,3.4,6.3,58.7,65.0,83.56
athlete_023,2025-02-08,9.05,7.2,214.2,4.7,6.9,58.3,62.1,80.52
athlete_023,2025-02-09,7.62,5.0,34.2,6.7,3.4,58.2,56.7,71.2
athlete_023,2025-02-10,8.57,7.9,287.5,4.1,7.1,56.6,65.7,82.1
athlete_023,2025-02-11,7.61,4.8,108.5,4.1,5.4,58.2,64.7,65.64
athlete_023,2025-02-12,7.54,7.0,219.7,3.1,7.9,52.5,60.3,80.86
athlete_023,2025-02-13,7.41,5.2,123.3,6.2,4.8,59.9,57.1,78.58
athlete_023,2025-02-14,7.6,5.4,217.0,4.2,6.5,59.1,61.6,81.81
athlete_023,2025-02-15,7.36,5.3,224.2,3.4,5.4,59.1,58.4,72.03
athlete_023,2025-02-16,7.89,5.3,45.2,4.3,4.8,58.7,55.3,71.41
athlete_023,2025-02-17,8.61,7.5,280.2,3.6,7.5,54.8,68.3,82.11
athlete_023,2025-02-18,8.48,7.2,144.6,2.2,8.2,53.7,74.1,90.0
athlete_023,2025-02-19,7.37,5.0,245.3,4.8,4.7,60.7,62.2,69.43
athlete_023,2025-02-20,8.02,6.1,132.4,5.4,6.2,55.7,61.8,77.63
athlete_023,2025-02-21,8.24,6.3,352.5,3.2,7.8,57.8,66.5,85.21
athlete_023,2025-02-22,7.46,5.2,192.0,4.4,4.5,60.9,63.2,73.26
athlete_023,2025-02-23,7.92,7.1,35.9,4.0,6.5,58.8,66.3,80.12
athlete_023,2025-02-24,7.7,6.2,139.7,4.7,5.3,60.1,62.2,71.25
athlete_023,2025-02-25,7.32,3.9,78.2,5.6,3.7,61.7,59.7,65.0
athlete_023,2025-02-26,7.79,5.3,134.1,4.7,6.1,57.1,58.9,79.5
athlete_023,2025-02-27,8.07,6.5,75.2,2.9,6.8,54.2,62.2,81.82
athlete_023,2025-02-28,7.48,4.0,155.4,6.4,3.3,56.3,58.4,72.27
athlete_023,2025-03-01,7.54,6.1,117.6,2.1,7.5,55.2,63.0,77.65
athlete_023,2025-03-02,8.48,7.0,20.1,4.0,7.1,53.6,70.8,84.14
athlete_023,2025-03-03,7.35,5.9,229.9,3.5,6.2,56.5,62.5,76.79
athlete_023,2025-03-04,8.21,7.1,106.9,2.5,8.4,53.9,69.5,85.17
athlete_023,2025-03-05,8.17,6.9,186.7,3.2,7.6,54.1,63.1,81.9
athlete_023,2025-03-06,7.32,5.7,141.2,4.8,4.4,57.5,61.1,69.62
athlete_023,2025-03-07,7.8,6.2,230.5,3.7,6.8,56.6,60.9,86.17
athlete_023,2025-03-08,7.38,5.7,175.7,3.6,5.3,55.9,55.9,79.68
athlete_023,2025-03-09,7.41,4.2,37.4,5.8,3.0,57.8,52.6,68.12
athlete_023,2025-03-10,7.23,3.7,277.4,5.8,3.3,58.4,56.3,68.57
athlete_023,2025-03-11,7.91,6.8,106.5,4.6,6.2,57.7,64.9,77.61
athlete_023,2025-03-12,7.67,7.0,263.2,3.0,7.3,55.6,63.0,82.94
athlete_023,2025-03-13,7.37,5.6,153.7,5.4,4.5,59.3,60.7,78.23
athlete_023,2025-03-14,9.02,8.4,279.1,2.0,9.2,53.9,66.4,87.07
athlete_023,2025-03-15,7.49,5.3,179.3,4.1,5.7,59.4,61.0,77.98
athlete_023,2025-03-16,8.75,7.9,33.6,3.6,7.4,58.6,68.4,75.79
athlete_023,2025-03-17,7.43,5.0,232.7,4.8,4.6,54.1,59.2,70.34
athlete_023,2025-03-18,7.3,5.8,143.9,3.4,7.0,58.1,60.8,75.39
athlete_023,2025-03-19,6.99,5.6,196.0,3.0,6.6,55.3,56.9,81.77
athlete_023,2025-03-20,6.92,4.6,160.4,5.2,4.4,59.5,55.8,66.66
athlete_023,2025-03-21,8.37,7.2,263.4,4.6,6.4,58.4,61.9,75.08
athlete_023,2025-03-22,8.04,7.0,181.5,3.8,7.0,58.2,66.5,78.17
athlete_023,2025-03-23,8.09,6.3,35.4,3.8,6.2,56.3,65.6,82.59
athlete_023,2025-03-24,7.5,5.9,129.0,4.6,6.1,55.3,55.0,75.51
athlete_023,2025-03-25,8.29,7.0,72.8,3.5,7.4,55.9,60.9,79.14
athlete_023,2025-03-26,7.87,7.3,123.2,2.7,7.9,55.2,64.5,84.78
athlete_023,2025-03-27,7.09,5.2,80.9,4.1,5.3,53.8,63.5,78.85
athlete_023,2025-03-28,6.46,3.0,113.4,5.4,3.2,58.8,59.3,69.31
athlete_023,2025-03-29,7.64,5.8,102.9,3.4,6.6,52.2,64.5,82.6
athlete_023,2025-03-30,8.56,7.6,17.0,3.0,8.3,54.5,69.9,91.35
athlete_023,2025-03-31,8.38,7.1,250.9,2.4,7.8,53.0,70.6,80.36
athlete_023,2025-04-01,8.35,6.4,125.5,3.4,6.5,53.2,72.8,80.63
athlete_023,2025-04-02,8.44,7.3,263.8,3.9,6.1,55.4,64.6,79.1
athlete_023,2025-04-03,8.92,7.4,133.1,4.5,7.2,57.2,68.1,82.29
athlete_023,2025-04-04,7.95,6.2,256.4,3.9,6.4,57.3,59.6,84.47
athlete_023,2025-04-05,7.29,4.5,178.5,6.2,2.7,59.6,54.9,69.63
athlete_023,2025-04-06,7.76,5.5,40.9,5.0,5.2,59.6,59.8,68.61
athlete_023,2025-04-07,8.04,6.6,244.0,4.6,6.5,54.7,56.3,76.42
athlete_023,2025-04-08,7.84,6.5,138.0,3.0,6.0,56.7,60.6,79.78
athlete_023,2025-04-09,7.19,5.2,240.9,5.3,4.8,59.6,62.1,66.73
athlete_023,2025-04-10,7.84,4.9,134.9,4.6,5.2,57.1,63.7,73.48
athlete_023,2025-04-11,8.48,7.7,334.1,3.4,7.7,55.8,64.3,85.13
athlete_023,2025-04-12,7.39,5.2,178.9,4.4,5.1,58.0,51.1,71.35
athlete_023,2025-04-13,7.39,6.2,26.4,4.3,6.8,57.0,62.2,76.01
athlete_023,2025-04-14,7.39,5.0,271.4,5.9,4.4,58.3,59.5,64.91
athlete_023,2025-04-15,7.87,5.8,125.0,3.4,5.8,57.4,63.2,76.22
athlete_023,2025-04-16,6.86,3.6,255.1,5.5,3.5,62.4,56.3,65.09
athlete_023,2025-04-17,7.37,5.3,146.1,6.0,3.9,59.5,52.7,66.18
athlete_023,2025-04-18,7.4,4.6,292.3,5.7,3.6,58.2,57.8,65.51
athlete_023,2025-04-19,7.43,5.3,223.6,4.4,5.0,59.5,59.9,71.73
athlete_023,2025-04-20,7.47,5.2,34.8,4.9,4.6,58.4,58.7,76.53
athlete_023,2025-04-21,6.41,3.9,145.0,4.6,5.5,57.1,53.6,73.15
athlete_023,2025-04-22,8.01,5.8,84.4,4.9,5.4,59.8,64.0,76.9
athlete_023,2025-04-23,7.61,5.9,131.6,4.2,6.3,59.7,57.4,76.58
athlete_023,2025-04-24,7.98,6.3,92.5,3.7,6.5,52.9,70.3,80.39
athlete_023,2025-04-25,7.81,6.2,140.3,2.9,6.4,53.4,65.1,80.74
athlete_023,2025-04-26,7.89,7.4,112.0,1.7,9.0,52.3,69.9,84.32
athlete_023,2025-04-27,7.11,4.9,20.0,4.4,5.3,58.2,58.5,69.32
athlete_023,2025-04-28,6.4,4.0,243.4,3.8,4.8,56.9,62.0,65.83
athlete_023,2025-04-29,8.07,6.8,127.6,3.6,6.9,54.6,68.6,85.38
athlete_023,2025-04-30,7.41,6.7,250.0,4.8,6.2,57.3,61.4,73.35
athlete_023,2025-05-01,8.24,7.4,149.6,3.7,7.0,57.0,61.6,72.77
athlete_023,2025-05-02,7.35,4.7,255.4,4.9,4.9,57.4,63.6,79.74
athlete_023,2025-05-03,7.29,6.4,170.9,4.7,5.9,58.4,66.5,82.53
athlete_023,2025-05-04,6.74,4.4,32.8,5.2,3.6,57.1,57.9,68.6
athlete_023,2025-05-05,6.84,3.4,294.8,4.7,3.6,58.9,64.0,76.42
athlete_024,2025-01-06,7.2,7.0,345.2,2.5,7.9,43.3,84.7,81.59
athlete_024,2025-01-07,7.2,5.1,145.3,5.2,4.2,50.6,73.6,68.6
athlete_024,2025-01-08,5.99,4.5,236.1,4.0,5.0,53.4,71.0,68.58
athlete_024,2025-01-09,5.63,4.6,169.5,4.1,5.3,53.5,68.6,67.4
athlete_024,2025-01-10,6.41,4.5,330.4,5.9,4.0,52.6,75.2,74.12
athlete_024,2025-01-11,6.51,5.6,223.9,3.9,5.6,48.0,71.6,73.99
athlete_024,2025-01-12,5.65,3.7,47.1,4.5,4.8,52.6,70.7,71.42
athlete_024,2025-01-13,7.46,6.2,342.1,3.8,5.5,50.5,76.7,75.87
athlete_024,2025-01-14,7.74,6.2,171.9,3.7,6.3,46.9,77.9,73.54
athlete_024,2025-01-15,6.69,6.1,271.9,3.6,6.0,48.6,75.6,70.11
athlete_024,2025-01-16,7.02,5.6,175.3,5.7,5.2,50.3,71.3,62.47
athlete_024,2025-01-17,5.98,4.7,307.1,4.9,4.3,52.3,66.0,65.4
athlete_024,2025-01-18,6.83,5.6,238.8,4.9,4.9,51.6,68.9,67.95
athlete_024,2025-01-19,7.02,6.9,45.1,4.7,5.9,49.8,72.6,68.51
athlete_024,2025-01-20,5.88,3.8,263.5,4.7,4.5,51.0,70.5,67.17
athlete_024,2025-01-21,7.0,4.9,139.4,4.9,4.3,50.7,71.9,74.98
athlete_024,2025-01-22,6.88,6.5,284.5,3.9,6.8,48.2,74.6,71.05
athlete_024,2025-01-23,6.96,5.6,188.2,2.7,7.4,46.7,83.3,82.51
athlete_024,2025-01-24,7.14,7.0,277.9,3.4,6.5,47.9,75.5,83.52
athlete_024,2025-01-25,6.77,6.3,224.7,4.4,5.5,48.9,78.4,77.95
athlete_024,2025-01-26,7.7,7.4,33.4,4.0,6.5,49.5,74.4,82.18
athlete_024,2025-01-27,6.66,5.2,192.0,4.8,4.8,51.4,75.1,64.95
athlete_024,2025-01-28,6.41,6.0,96.9,4.3,6.3,49.9,76.2,75.8
athlete_024,2025-01-29,7.95,7.0,163.6,3.8,7.1,49.0,79.7,82.86
athlete_024,2025-01-30,6.88,5.4,91.3,4.3,5.3,50.9,79.2,75.09
athlete_024,2025-01-31,6.62,6.2,170.7,3.8,6.8,47.7,80.0,74.11
athlete_024,2025-02-01,6.23,6.0,163.8,3.1,7.0,44.7,83.1,71.24
athlete_024,2025-02-02,7.44,6.7,21.0,2.1,7.6,46.5,82.6,80.81
athlete_024,2025-02-03,6.33,5.0,315.0,4.6,4.8,47.7,76.5,66.5
athlete_024,2025-02-04,6.73,5.9,133.1,4.4,5.9,48.8,74.2,70.39
athlete_024,2025-02-05,6.96,6.3,272.3,3.8,6.4,50.9,79.3,73.52
athlete_024,2025-02-06,5.95,4.7,167.6,4.1,4.9,50.1,71.5,69.79
athlete_024,2025-02-07,5.79,5.3,303.8,5.4,4.7,51.2,73.1,62.8
athlete_024,2025-02-08,7.32,5.6,189.2,4.2,6.0,48.2,77.0,76.03
athlete_024,2025-02-09,7.3,7.7,33.7,3.1,7.5,47.6,75.3,81.88
athlete_024,2025-02-10,6.97,5.5,299.1,5.6,4.6,47.5,71.0,67.12
athlete_024,2025-02-11,5.75,4.8,150.6,4.6,5.1,50.8,73.5,67.13
athlete_024,2025-02-12,7.57,6.2,308.0,4.3,7.0,51.5,73.9,73.77
athlete_024,2025-02-13,7.13,6.1,180.9,4.3,7.0,48.1,65.9,76.05
athlete_024,2025-02-14,6.99,5.3,207.7,4.9,5.6,49.6,73.7,72.62
athlete_024,2025-02-15,6.35,3.7,267.4,5.5,3.7,51.0,73.5,67.83
athlete_024,2025-02-16,6.42,5.3,44.3,5.1,4.7,54.4,67.6,75.51
athlete_024,2025-02-17,7.15,4.9,277.0,5.3,4.4,51.5,73.3,68.1
athlete_024,2025-02-18,6.47,5.0,178.5,4.4,4.8,49.5,70.7,70.71
athlete_024,2025-02-19,6.59,4.6,293.9,5.6,4.1,49.8,72.7,67.29
athlete_024,2025-02-20,6.72,5.2,173.5,5.1,5.2,49.7,70.9,69.21
athlete_024,2025-02-21,5.96,4.2,282.1,5.5,2.5,52.5,70.5,64.89
athlete_024,2025-02-22,5.32,4.7,276.2,5.5,4.4,50.7,64.5,67.92
athlete_024,2025-02-23,7.49,6.6,42.5,4.2,6.7,47.0,81.0,80.81
athlete_024,2025-02-24,6.06,3.9,194.2,6.6,3.2,53.7,67.5,52.68
athlete_024,2025-02-25,6.67,5.1,86.1,4.3,5.2,51.1,73.6,71.38
athlete_024,2025-02-26,6.58,5.4,167.5,5.5,4.6,50.9,71.1,68.19
athlete_024,2025-02-27,6.33,5.1,101.3,4.2,5.5,46.8,75.0,78.0
athlete_024,2025-02-28,7.11,6.8,220.3,3.1,7.0,47.3,79.1,85.1
athlete_024,2025-03-01,5.3,4.3,127.6,4.5,4.0,52.5,68.3,68.11
athlete_024,2025-03-02,6.59,6.6,23.8,4.3,7.3,47.4,86.3,80.12
athlete_024,2025-03-03,7.05,4.7,256.5,4.4,5.3,45.8,79.2,67.87
athlete_024,2025-03-04,6.75,5.8,158.3,3.1,6.1,48.4,73.3,68.76
athlete_024,2025-03-05,7.07,5.5,245.3,4.6,6.0,49.8,75.9,72.8
athlete_024,2025-03-06,6.33,4.7,98.4,5.0,4.4,50.8,68.5,70.01
athlete_024,2025-03-07,7.45,6.3,319.2,3.6,6.8,46.9,78.9,76.34
athlete_024,2025-03-08,6.69,5.6,248.6,4.7,4.3,51.3,75.2,73.89
athlete_024,2025-03-09,6.31,3.6,38.8,5.2,4.1,47.3,69.1,70.24
athlete_024,2025-03-10,6.52,6.6,318.9,3.3,8.1,46.8,84.4,87.76
athlete_024,2025-03-11,6.93,6.5,153.9,4.3,5.9,48.8,71.6,71.57
athlete_024,2025-03-12,6.88,6.6,307.4,3.9,6.6,51.5,77.0,73.24
athlete_024,2025-03-13,5.4,4.5,180.3,5.7,3.9,51.3,70.7,65.19
athlete_024,2025-03-14,7.11,6.1,313.2,3.9,5.5,47.9,72.2,71.5
athlete_024,2025-03-15,7.31,6.4,240.7,4.2,6.8,49.8,75.6,71.83
athlete_024,2025-03-16,6.45,5.5,48.1,5.6,4.4,51.1,72.3,71.63
athlete_024,2025-03-17,7.08,6.7,295.0,4.4,5.8,48.6,78.0,67.55
athlete_024,2025-03-18,6.52,4.7,140.3,5.3,4.6,51.2,72.4,63.05
athlete_024,2025-03-19,5.93,3.7,276.9,4.6,4.1,50.5,72.3,65.02
athlete_024,2025-03-20,6.93,6.7,156.1,4.2,6.5,46.3,77.7,78.25
athlete_024,2025-03-21,7.36,5.9,384.3,3.8,6.1,49.5,76.3,72.06
athlete_024,2025-03-22,5.79,3.8,250.8,6.2,3.6,54.8,66.4,62.12
athlete_024,2025-03-23,6.91,6.1,41.5,3.8,5.7,50.8,73.6,75.42
athlete_024,2025-03-24,7.59,6.7,212.2,5.1,6.6,51.0,77.6,80.68
athlete_024,2025-03-25,6.71,5.2,75.6,5.1,4.6,47.6,68.3,64.32
athlete_024,2025-03-26,6.29,4.9,151.5,4.9,5.1,48.6,74.5,65.32
athlete_024,2025-03-27,7.33,7.1,86.3,2.9,7.7,47.1,80.4,81.97
athlete_024,2025-03-28,6.87,6.0,178.3,3.6,6.3,51.7,76.6,77.37
athlete_024,2025-03-29,7.7,7.2,156.9,3.3,6.6,51.2,82.2,78.1
athlete_024,2025-03-30,6.8,6.4,27.5,3.9,6.0,47.3,77.7,80.52
athlete_024,2025-03-31,7.12,6.4,250.1,3.8,6.9,45.4,75.9,72.67
athlete_024,2025-04-01,6.29,5.5,105.3,4.2,5.7,48.4,75.3,68.04
athlete_024,2025-04-02,6.27,5.8,229.6,3.6,5.8,47.8,72.3,73.31
athlete_024,2025-04-03,7.02,7.4,144.7,4.5,6.2,50.6,71.1,75.06
athlete_024,2025-04-04,6.69,5.3,326.9,3.2,6.0,47.1,76.5,70.24
athlete_024,2025-04-05,5.81,4.3,242.2,4.9,5.3,48.7,76.3,69.37
athlete_024,2025-04-06,6.55,5.5,34.3,4.0,6.1,51.8,78.8,74.32
athlete_024,2025-04-07,6.94,5.5,265.1,3.5,6.4,49.2,80.5,77.43
athlete_024,2025-04-08,5.59,3.6,114.2,5.6,2.7,52.6,71.4,58.79
athlete_024,2025-04-09,6.04,4.9,276.8,4.7,4.5,48.0,75.3,69.4
athlete_024,2025-04-10,6.6,4.6,158.9,5.5,4.7,51.6,79.9,68.75
athlete_024,2025-04-11,7.19,5.8,289.0,4.0,6.2,49.5,81.6,71.72
athlete_024,2025-04-12,6.59,5.4,286.9,6.2,4.0,51.7,72.7,62.58
athlete_024,2025-04-13,7.09,6.6,52.6,3.4,6.7,49.8,77.3,77.55
athlete_024,2025-04-14,6.68,4.8,341.0,4.4,5.0,53.2,76.7,68.69
athlete_024,2025-04-15,6.4,5.1,135.6,5.4,5.2,49.3,76.9,69.76
athlete_024,2025-04-16,5.8,5.1,296.1,5.2,3.9,52.6,68.0,70.43
athlete_024,2025-04-17,6.57,4.5,172.5,5.1,4.2,52.0,71.7,75.99
athlete_024,2025-04-18,8.0,7.0,371.5,5.4,5.5,50.6,72.8,67.48
athlete_024,2025-04-19,7.34,6.6,260.9,3.8,7.1,50.5,75.6,81.64
athlete_024,2025-04-20,7.31,5.9,41.9,4.0,6.7,47.4,77.9,74.33
athlete_024,2025-04-21,7.15,6.9,190.5,4.2,5.6,49.6,72.0,77.86
athlete_024,2025-04-22,7.08,5.6,75.1,4.7,5.1,49.4,79.0,69.01
athlete_024,2025-04-23,7.38,5.9,153.6,5.4,4.5,48.8,78.7,71.77
athlete_024,2025-04-24,7.3,5.4,94.3,5.2,4.8,49.6,73.8,72.63
athlete_024,2025-04-25,7.26,7.2,182.0,4.3,6.1,49.2,77.7,81.88
athlete_024,2025-04-26,6.82,6.0,142.3,4.2,6.9,50.0,80.1,76.96
athlete_024,2025-04-27,6.62,4.3,28.7,4.7,4.4,48.8,81.7,68.44
athlete_024,2025-04-28,6.5,4.8,298.9,4.4,4.1,49.3,74.1,73.22
athlete_024,2025-04-29,6.91,5.7,155.8,5.7,5.0,50.5,73.5,68.38
athlete_024,2025-04-30,7.57,6.2,222.2,3.8,6.4,45.9,81.5,78.37
athlete_024,2025-05-01,6.32,5.8,171.1,4.6,5.4,51.0,74.5,73.36
athlete_024,2025-05-02,7.5,7.7,294.4,2.7,9.2,43.7,82.7,80.96
athlete_024,2025-05-03,7.65,7.5,214.7,4.3,8.1,47.8,78.4,78.69
athlete_024,2025-05-04,6.24,5.8,38.2,5.0,4.8,50.0,67.8,72.06
athlete_024,2025-05-05,6.98,5.1,278.3,4.6,5.5,48.8,76.6,70.46
athlete_025,2025-01-06,7.98,7.0,287.0,3.2,7.3,58.2,81.9,77.74
athlete_025,2025-01-07,7.85,6.5,113.7,4.3,5.7,62.3,70.8,72.45
athlete_025,2025-01-08,8.47,8.4,220.2,3.2,8.4,56.3,77.9,85.52
athlete_025,2025-01-09,7.5,5.9,131.5,5.3,5.2,60.7,65.6,68.61
athlete_025,2025-01-10,7.69,6.4,319.0,2.2,7.7,57.9,79.0,83.25
athlete_025,2025-01-11,8.67,8.0,218.8,4.2,7.0,59.5,74.9,81.84
athlete_025,2025-01-12,6.44,4.4,31.3,3.7,4.9,62.9,70.9,71.79
athlete_025,2025-01-13,8.06,6.7,250.7,4.0,7.0,60.6,80.6,75.46
athlete_025,2025-01-14,7.38,5.1,130.7,5.6,4.9,59.6,70.9,69.03
athlete_025,2025-01-15,8.28,7.3,232.4,3.7,6.6,59.4,79.0,79.4
athlete_025,2025-01-16,8.16,7.1,167.7,3.7,7.4,60.0,77.2,74.31
athlete_025,2025-01-17,7.54,6.1,298.5,4.9,4.7,60.4,70.6,70.97
athlete_025,2025-01-18,6.57,4.9,223.7,5.0,4.4,60.2,69.2,70.46
athlete_025,2025-01-19,8.42,6.9,37.6,4.7,7.3,58.6,76.9,81.09
athlete_025,2025-01-20,8.08,6.9,332.4,2.6,7.7,56.7,79.0,79.4
athlete_025,2025-01-21,7.93,6.4,146.0,4.1,6.6,60.3,78.5,77.57
athlete_025,2025-01-22,6.9,4.7,194.6,4.7,5.7,61.7,75.9,68.88
athlete_025,2025-01-23,7.59,5.0,131.2,4.5,4.6,60.0,75.9,67.62
athlete_025,2025-01-24,7.93,6.1,287.4,4.0,5.9,59.5,83.3,73.87
athlete_025,2025-01-25,7.52,6.4,238.6,5.2,5.3,61.7,64.6,70.78
athlete_025,2025-01-26,6.46,4.9,45.4,5.0,4.4,62.9,68.8,73.5
athlete_025,2025-01-27,8.02,6.1,128.5,4.7,5.3,61.0,74.7,71.19
athlete_025,2025-01-28,6.89,5.4,87.3,3.3,6.2,57.8,71.6,76.72
athlete_025,2025-01-29,8.09,7.7,146.7,2.8,7.5,60.6,85.0,84.22
athlete_025,2025-01-30,8.01,8.2,90.5,2.7,8.3,58.8,76.7,84.31
athlete_025,2025-01-31,8.01,7.3,139.1,2.3,8.8,53.8,82.0,83.23
athlete_025,2025-02-01,7.74,5.0,125.3,4.3,5.0,57.1,74.7,76.23
athlete_025,2025-02-02,7.79,7.5,23.6,2.4,9.0,55.2,84.0,86.75
athlete_025,2025-02-03,7.16,6.7,277.3,4.5,6.2,58.8,79.5,74.59
athlete_025,2025-02-04,7.22,5.7,138.3,3.2,6.0,59.8,70.8,79.78
athlete_025,2025-02-05,6.69,3.8,201.1,5.1,3.8,60.1,78.1,60.57
athlete_025,2025-02-06,6.59,5.0,117.8,5.0,4.9,60.6,71.3,67.09
athlete_025,2025-02-07,8.55,7.0,287.9,2.9,7.2,57.6,77.0,79.22
athlete_025,2025-02-08,7.02,4.8,272.4,4.4,6.0,57.8,72.2,74.15
athlete_025,2025-02-09,7.47,5.9,39.2,3.9,6.5,58.5,76.0,77.13
athlete_025,2025-02-10,7.1,4.5,279.8,5.4,3.1,63.5,66.8,62.69
athlete_025,2025-02-11,6.81,5.3,142.6,5.7,4.0,61.9,68.8,74.32
athlete_025,2025-02-12,9.08,8.3,243.3,3.2,8.6,58.9,85.9,89.26
athlete_025,2025-02-13,7.29,5.0,149.6,5.2,4.9,61.1,70.2,72.09
athlete_025,2025-02-14,8.42,7.1,326.6,5.1,6.9,59.9,75.7,74.78
athlete_025,2025-02-15,8.02,6.4,261.5,4.2,6.5,60.2,69.7,71.47
athlete_025,2025-02-16,8.14,5.4,30.7,5.8,4.5,62.8,74.5,74.29
athlete_025,2025-02-17,6.69,3.7,292.7,4.8,3.9,63.1,72.7,73.81
athlete_025,2025-02-18,6.55,4.1,175.3,5.0,3.7,60.2,70.2,62.43
athlete_025,2025-02-19,6.13,3.6,189.1,4.8,3.2,63.0,66.6,64.39
athlete_025,2025-02-20,6.85,4.7,140.3,4.6,5.6,60.2,71.6,72.27
athlete_025,2025-02-21,7.71,5.9,330.4,3.9,5.9,59.7,77.2,74.3
athlete_025,2025-02-22,7.6,5.6,207.8,4.2,5.4,63.0,82.6,75.0
athlete_025,2025-02-23,6.96,6.1,43.8,4.3,6.6,61.4,73.8,78.25
athlete_025,2025-02-24,7.38,6.6,167.3,3.6,7.5,60.4,74.6,78.53
athlete_025,2025-02-25,8.53,7.4,90.0,4.4,6.7,58.8,76.1,76.31
athlete_025,2025-02-26,7.21,5.0,122.3,4.3,5.3,59.1,74.6,78.13
athlete_025,2025-02-27,6.92,4.8,94.8,5.8,5.2,60.0,69.0,66.58
athlete_025,2025-02-28,6.58,4.3,128.6,3.5,4.4,57.7,74.8,74.17
athlete_025,2025-03-01,7.44,6.3,96.4,3.7,6.5,58.7,81.0,74.95
athlete_025,2025-03-02,7.91,6.3,23.0,4.5,6.3,58.2,77.1,81.79
athlete_025,2025-03-03,7.53,6.5,263.5,3.0,7.8,53.3,79.0,75.59
athlete_025,2025-03-04,7.36,3.5,132.7,5.7,3.2,57.7,71.5,64.83
athlete_025,2025-03-05,6.76,4.4,227.7,4.9,4.6,60.2,73.7,60.03
athlete_025,2025-03-06,8.02,6.9,143.0,4.1,7.4,58.9,77.9,83.53
athlete_025,2025-03-07,6.78,3.4,292.5,6.0,1.9,61.2,68.5,58.88
athlete_025,2025-03-08,7.07,5.2,208.9,4.3,5.0,60.4,75.5,75.01
athlete_025,2025-03-09,8.46,6.3,30.8,4.1,5.8,57.8,72.4,75.82
athlete_025,2025-03-10,7.32,4.7,309.1,4.3,5.4,58.6,68.6,74.78
athlete_025,2025-03-11,7.83,5.9,135.6,5.0,5.0,62.6,69.7,70.26
athlete_025,2025-03-12,8.54,7.8,267.0,3.2,7.4,60.9,78.7,84.41
athlete_025,2025-03-13,6.47,3.4,167.1,4.0,3.8,61.1,77.3,66.21
athlete_025,2025-03-14,8.3,6.1,284.9,6.3,4.0,63.0,74.1,72.52
athlete_025,2025-03-15,8.08,6.4,184.9,4.5,5.1,62.0,78.6,66.49
athlete_025,2025-03-16,7.34,5.1,42.4,5.6,4.3,62.6,73.9,72.14
athlete_025,2025-03-17,7.55,5.1,286.1,4.6,5.0,58.9,81.4,73.65
athlete_025,2025-03-18,7.85,6.3,152.7,4.4,5.9,58.3,76.5,81.55
athlete_025,2025-03-19,7.77,5.6,273.0,3.9,5.4,59.9,74.4,71.15
athlete_025,2025-03-20,7.17,4.7,201.3,4.7,4.1,61.6,69.7,68.67
athlete_025,2025-03-21,7.03,4.9,310.0,4.2,5.3,60.1,70.1,79.75
athlete_025,2025-03-22,6.7,4.8,255.9,6.5,3.8,63.7,69.7,64.63
athlete_025,2025-03-23,6.32,3.8,42.3,5.2,3.9,63.7,69.4,62.79
athlete_025,2025-03-24,7.34,5.0,173.4,4.5,5.1,62.0,73.9,78.97
athlete_025,2025-03-25,7.4,4.9,85.0,5.4,3.2,59.1,72.5,67.98
athlete_025,2025-03-26,7.49,5.0,151.9,4.1,4.8,61.6,73.8,73.71
athlete_025,2025-03-27,7.35,5.7,89.0,3.8,5.9,61.1,77.2,78.02
athlete_025,2025-03-28,7.54,6.0,176.2,4.5,6.2,58.6,70.8,80.27
athlete_025,2025-03-29,7.25,5.9,108.1,4.3,6.0,59.7,86.2,80.7
athlete_025,2025-03-30,7.54,5.8,26.3,4.2,5.7,58.1,80.6,73.07
athlete_025,2025-03-31,8.49,8.6,262.2,1.9,8.6,54.2,87.3,84.69
athlete_025,2025-04-01,7.61,5.9,127.8,4.0,6.8,57.7,76.1,74.53
athlete_025,2025-04-02,7.84,6.8,299.9,3.3,7.6,57.3,83.0,79.57
athlete_025,2025-04-03,7.38,6.2,164.9,3.4,6.5,60.2,77.1,76.37
athlete_025,2025-04-04,6.97,4.4,321.6,4.5,4.6,62.8,70.0,74.4
athlete_025,2025-04-05,7.02,6.4,213.6,3.9,6.5,58.7,71.1,75.2
athlete_025,2025-04-06,7.58,6.6,37.8,3.4,6.2,60.3,73.8,77.04
athlete_025,2025-04-07,7.32,4.5,240.1,5.5,3.4,59.5,68.8,68.52
athlete_025,2025-04-08,7.68,6.3,123.2,4.8,6.5,60.5,77.4,77.01
athlete_025,2025-04-09,7.04,6.0,257.3,3.9,5.8,61.0,76.0,80.56
athlete_025,2025-04-10,7.3,6.6,144.6,3.7,8.1,57.8,72.0,83.21
athlete_025,2025-04-11,6.75,5.1,271.2,3.5,4.9,61.2,78.9,67.84
athlete_025,2025-04-12,7.37,4.6,207.6,7.1,3.0,60.9,60.0,63.46
athlete_025,2025-04-13,7.13,4.7,36.0,4.1,4.8,62.1,70.6,70.68
athlete_025,2025-04-14,8.24,6.6,323.8,3.4,6.7,57.9,84.0,81.66
athlete_025,2025-04-15,7.33,6.5,160.0,4.8,5.7,60.6,73.2,74.95
athlete_025,2025-04-16,6.35,4.6,289.6,4.2,5.0,59.4,73.5,74.0
athlete_025,2025-04-17,7.35,4.7,138.0,4.1,5.4,62.1,67.7,73.63
athlete_025,2025-04-18,7.56,5.3,304.1,4.8,4.7,61.2,75.1,72.64
athlete_025,2025-04-19,8.11,6.8,151.1,2.9,7.1,57.6,77.1,76.72
athlete_025,2025-04-20,8.26,7.1,31.3,2.7,7.7,59.3,77.9,81.66
athlete_025,2025-04-21,7.22,4.5,169.2,4.5,5.7,61.4,78.7,70.76
athlete_025,2025-04-22,7.54,6.0,73.4,3.7,6.3,57.0,71.2,63.69
athlete_025,2025-04-23,8.16,7.6,144.5,3.2,7.0,59.4,77.6,77.63
athlete_025,2025-04-24,8.68,7.8,90.8,2.4,7.8,56.8,76.3,76.37
athlete_025,2025-04-25,7.91,6.4,197.1,3.8,6.4,58.9,76.1,76.6
athlete_025,2025-04-26,9.04,8.6,130.4,4.3,7.7,54.7,78.7,86.87
athlete_025,2025-04-27,6.23,3.2,21.1,4.2,3.5,62.7,73.4,66.13
athlete_025,2025-04-28,6.92,4.9,237.1,3.3,6.3,57.1,80.9,75.46
athlete_025,2025-04-29,6.94,4.4,129.4,4.6,4.6,60.0,72.7,68.6
athlete_025,2025-04-30,6.99,3.7,271.5,5.0,4.4,58.8,69.6,70.28
athlete_025,2025-05-01,6.84,5.2,124.1,3.6,6.2,59.2,77.3,76.88
athlete_025,2025-05-02,8.17,6.5,230.8,3.6,6.7,55.7,80.5,82.22
athlete_025,2025-05-03,8.29,6.0,200.2,4.1,6.0,61.1,74.5,76.55
athlete_025,2025-05-04,7.41,5.2,33.6,3.8,6.1,62.2,73.9,78.09
athlete_025,2025-05-05,7.65,6.3,297.4,4.1,5.2,59.2,70.1,79.28
athlete_026,2025-01-06,9.34,8.0,248.4,3.8,7.9,51.8,63.6,69.28
athlete_026,2025-01-07,8.53,6.6,117.7,4.8,5.9,55.5,55.1,63.36
athlete_026,2025-01-08,7.01,4.9,169.2,4.8,4.1,55.9,53.7,60.1
athlete_026,2025-01-09,9.07,7.0,130.3,5.4,5.9,58.2,56.3,59.09
athlete_026,2025-01-10,8.04,5.2,248.2,4.6,4.8,54.1,60.7,52.75
athlete_026,2025-01-11,7.85,6.2,174.7,4.1,5.4,56.3,55.8,63.57
athlete_026,2025-01-12,6.99,5.0,29.1,3.8,4.3,56.4,50.4,50.89
athlete_026,2025-01-13,8.16,7.6,273.9,2.1,8.2,52.8,63.5,72.39
athlete_026,2025-01-14,8.87,8.4,118.1,1.9,8.4,51.9,59.8,68.01
athlete_026,2025-01-15,7.53,5.4,185.9,3.8,5.2,55.8,60.6,56.3
athlete_026,2025-01-16,8.16,5.9,123.4,3.7,4.5,56.4,63.4,58.83
athlete_026,2025-01-17,7.47,5.3,293.7,4.4,4.4,55.7,60.8,54.45
athlete_026,2025-01-18,8.56,8.5,221.3,4.3,7.0,54.1,56.1,70.32
athlete_026,2025-01-19,7.29,4.7,37.5,6.1,3.2,56.2,44.9,46.85
athlete_026,2025-01-20,7.71,6.6,282.4,2.4,8.0,54.2,62.3,73.07
athlete_026,2025-01-21,8.39,5.9,115.1,5.6,4.3,56.1,57.1,54.85
athlete_026,2025-01-22,7.36,4.6,264.1,4.5,5.0,54.5,56.8,53.63
athlete_026,2025-01-23,7.76,6.3,151.6,4.4,4.9,57.0,53.1,57.99
athlete_026,2025-01-24,7.45,5.8,285.3,5.7,4.3,56.2,52.4,52.7
athlete_026,2025-01-25,7.93,7.6,220.7,2.0,9.2,53.4,66.5,72.3
athlete_026,2025-01-26,7.46,4.4,39.0,6.4,3.1,59.2,57.2,49.53
athlete_026,2025-01-27,8.43,6.8,178.2,4.0,5.6,57.6,57.6,65.13
athlete_026,2025-01-28,8.6,5.8,61.1,4.1,5.7,54.7,65.8,58.02
athlete_026,2025-01-29,7.98,6.3,124.4,3.2,7.4,52.9,63.7,66.3
athlete_026,2025-01-30,7.2,4.8,89.5,5.2,4.3,54.9,51.6,49.87
athlete_026,2025-01-31,8.21,6.1,163.2,2.5,6.6,53.6,63.3,68.15
athlete_026,2025-02-01,7.68,6.1,105.0,3.9,5.7,55.8,63.3,64.51
athlete_026,2025-02-02,7.97,7.3,17.2,2.8,7.6,50.3,67.6,63.81
athlete_026,2025-02-03,9.31,8.2,269.7,2.8,8.5,51.2,73.3,73.94
athlete_026,2025-02-04,8.1,7.1,87.3,3.5,7.4,54.5,65.0,67.77
athlete_026,2025-02-05,7.06,4.7,153.9,5.2,3.6,55.8,56.9,46.01
athlete_026,2025-02-06,6.83,3.9,109.4,4.7,3.6,56.0,53.5,52.36
athlete_026,2025-02-07,8.08,6.9,257.1,3.0,6.9,50.8,64.3,65.78
athlete_026,2025-02-08,8.26,6.9,191.4,4.1,6.9,55.7,62.4,65.91
athlete_026,2025-02-09,7.73,5.9,24.9,3.7,6.8,54.8,57.8,62.41
athlete_026,2025-02-10,7.33,5.4,250.0,3.5,6.5,54.5,59.6,61.26
athlete_026,2025-02-11,7.46,5.4,118.5,5.0,4.7,53.6,52.7,55.66
athlete_026,2025-02-12,7.82,5.4,196.5,4.3,4.8,53.9,60.2,55.88
athlete_026,2025-02-13,7.45,4.8,138.9,4.3,5.9,53.5,58.0,60.93
athlete_026,2025-02-14,7.15,4.7,219.4,4.9,3.9,55.3,63.0,55.71
athlete_026,2025-02-15,7.7,6.1,169.8,5.1,6.4,57.2,54.5,62.68
athlete_026,2025-02-16,8.01,6.3,30.5,4.5,6.2,55.5,62.9,58.7
athlete_026,2025-02-17,7.81,5.2,328.5,5.8,3.9,56.2,55.1,46.54
athlete_026,2025-02-18,6.5,4.1,148.4,5.6,3.6,57.5,52.2,44.94
athlete_026,2025-02-19,7.72,4.8,227.7,4.5,4.9,56.3,61.8,56.8
athlete_026,2025-02-20,8.27,6.8,180.9,3.7,6.6,57.8,62.2,65.7
athlete_026,2025-02-21,7.69,6.5,238.8,3.7,6.8,55.6,58.5,56.72
athlete_026,2025-02-22,8.81,7.8,163.6,2.3,8.4,54.7,64.3,70.38
athlete_026,2025-02-23,7.8,6.6,35.9,4.7,5.9,52.9,57.8,60.9
athlete_026,2025-02-24,8.63,6.9,140.7,4.0,6.1,58.2,63.3,65.43
athlete_026,2025-02-25,6.83,3.0,71.6,5.4,3.2,56.9,58.1,52.47
athlete_026,2025-02-26,8.22,7.8,136.6,2.7,7.5,52.9,59.8,69.85
athlete_026,2025-02-27,8.37,6.8,93.7,2.2,7.5,52.7,67.9,69.9
athlete_026,2025-02-28,7.09,6.0,175.3,3.8,5.5,55.6,61.6,63.28
athlete_026,2025-03-01,7.86,5.4,136.0,3.9,5.6,52.7,57.4,58.52
athlete_026,2025-03-02,7.89,5.8,20.1,3.1,6.3,53.0,57.7,61.33
athlete_026,2025-03-03,8.57,7.5,243.5,2.0,7.4,51.4,61.0,65.2
athlete_026,2025-03-04,7.74,5.1,132.8,4.5,5.4,52.7,60.5,59.19
athlete_026,2025-03-05,7.99,5.4,249.8,3.5,5.4,53.9,67.2,63.5
athlete_026,2025-03-06,8.09,7.3,145.9,3.8,6.0,54.6,63.8,65.47
athlete_026,2025-03-07,7.45,6.2,264.1,3.1,6.7,53.8,64.6,64.21
athlete_026,2025-03-08,8.04,6.2,172.6,4.8,5.8,55.1,62.3,61.89
athlete_026,2025-03-09,6.56,4.1,31.4,5.0,3.7,59.3,55.4,49.83
athlete_026,2025-03-10,8.48,6.2,265.1,4.1,6.8,53.5,59.2,63.15
athlete_026,2025-03-11,7.58,6.5,111.8,2.6,6.6,54.7,59.6,70.63
athlete_026,2025-03-12,8.32,7.0,288.0,5.4,4.8,59.3,56.7,65.47
athlete_026,2025-03-13,7.3,5.3,115.5,3.7,5.2,52.2,53.5,54.12
athlete_026,2025-03-14,7.99,6.2,294.4,4.5,5.9,55.1,62.0,60.06
athlete_026,2025-03-15,6.84,4.5,147.6,5.1,3.9,57.4,49.3,53.27
athlete_026,2025-03-16,7.29,5.4,33.4,4.6,5.2,54.6,53.5,60.91
athlete_026,2025-03-17,6.73,5.5,281.2,3.9,6.7,52.4,59.3,61.57
athlete_026,2025-03-18,7.73,6.9,129.8,4.7,5.7,54.3,54.4,66.82
athlete_026,2025-03-19,8.18,6.5,212.2,4.8,5.7,57.3,63.2,59.5
athlete_026,2025-03-20,9.17,7.3,139.2,4.0,6.6,54.5,57.7,64.29
athlete_026,2025-03-21,8.32,6.9,295.8,5.1,5.2,55.6,54.8,61.02
athlete_026,2025-03-22,7.31,5.8,197.4,4.8,4.6,54.1,54.0,56.05
athlete_026,2025-03-23,7.78,6.2,39.3,4.3,5.9,54.8,60.1,56.82
athlete_026,2025-03-24,8.32,7.0,139.5,4.7,5.6,58.6,60.8,61.22
athlete_026,2025-03-25,8.04,6.6,69.7,3.8,5.6,52.1,65.1,61.25
athlete_026,2025-03-26,7.46,6.4,146.2,4.5,5.8,54.2,51.6,53.68
athlete_026,2025-03-27,7.41,5.6,69.4,4.5,4.5,52.9,61.8,61.64
athlete_026,2025-03-28,7.02,5.5,145.4,5.3,4.5,54.4,49.6,59.33
athlete_026,2025-03-29,8.02,5.3,119.6,4.9,4.4,55.7,59.9,56.99
athlete_026,2025-03-30,7.28,4.5,19.1,5.0,4.2,53.5,65.0,58.67
athlete_026,2025-03-31,7.95,6.9,208.8,3.9,6.2,54.7,62.8,66.29
athlete_026,2025-04-01,7.26,5.2,105.3,1.7,6.0,52.9,72.5,59.51
athlete_026,2025-04-02,7.09,4.9,209.5,5.2,4.7,55.0,66.0,56.46
athlete_026,2025-04-03,8.38,6.1,125.6,3.6,6.8,50.0,62.3,61.75
athlete_026,2025-04-04,8.6,7.8,254.3,2.9,7.0,52.6,65.3,62.63
athlete_026,2025-04-05,7.9,5.5,173.6,4.8,4.9,56.6,63.1,59.06
athlete_026,2025-04-06,7.8,6.8,30.3,4.3,5.9,56.2,62.3,58.33
athlete_026,2025-04-07,8.46,4.8,262.0,5.2,4.6,58.8,60.7,50.47
athlete_026,2025-04-08,6.88,2.5,116.3,5.2,3.4,57.0,55.0,49.4
athlete_026,2025-04-09,8.16,5.6,215.3,4.9,4.8,56.7,57.0,60.33
athlete_026,2025-04-10,7.02,3.5,143.8,4.7,4.0,55.7,59.7,53.75
athlete_026,2025-04-11,7.09,5.2,260.9,4.6,4.9,57.5,55.1,50.79
athlete_026,2025-04-12,8.36,6.3,189.0,4.5,4.4,56.6,58.0,57.05
athlete_026,2025-04-13,7.72,5.2,33.4,4.7,3.8,54.9,54.1,54.28
athlete_026,2025-04-14,6.31,3.7,238.7,5.2,3.2,60.4,53.0,52.01
athlete_026,2025-04-15,7.23,5.6,133.0,4.0,5.5,52.1,61.3,59.51
athlete_026,2025-04-16,7.56,4.7,213.6,5.6,5.1,55.9,55.1,51.44
athlete_026,2025-04-17,8.42,6.7,154.6,4.9,5.8,55.2,62.7,64.16
athlete_026,2025-04-18,7.45,4.9,320.5,4.4,4.4,56.5,54.4,52.7
athlete_026,2025-04-19,7.06,4.3,205.6,4.0,4.7,55.4,55.0,54.87
athlete_026,2025-04-20,7.96,4.5,35.7,5.0,4.4,54.2,59.2,58.43
athlete_026,2025-04-21,7.61,5.8,120.4,4.0,5.6,55.2,60.6,64.82
athlete_026,2025-04-22,7.98,7.0,85.0,3.2,7.0,54.4,61.0,59.91
athlete_026,2025-04-23,8.33,6.4,128.2,2.7,7.0,52.9,65.5,63.61
athlete_026,2025-04-24,7.31,4.9,75.2,5.1,4.6,54.4,60.9,52.97
athlete_026,2025-04-25,8.58,6.9,154.3,3.8,7.6,51.2,64.4,70.73
athlete_026,2025-04-26,7.83,6.1,94.8,3.7,5.6,54.2,60.4,64.03
athlete_026,2025-04-27,7.4,6.2,16.7,2.9,6.4,52.7,66.2,58.0
athlete_026,2025-04-28,8.07,5.6,225.6,3.2,5.8,52.9,61.3,62.83
athlete_026,2025-04-29,7.92,5.5,84.1,4.1,6.6,53.0,65.4,65.52
athlete_026,2025-04-30,7.1,5.4,254.2,3.1,5.3,54.7,55.0,55.57
athlete_026,2025-05-01,7.27,5.2,129.7,4.4,4.4,53.2,56.9,55.91
athlete_026,2025-05-02,7.6,5.2,224.8,4.7,4.5,58.0,59.5,54.6
athlete_026,2025-05-03,7.89,4.8,151.2,4.2,4.4,52.6,57.8,56.69
athlete_026,2025-05-04,8.03,5.7,31.8,4.2,5.6,54.3,56.8,60.05
athlete_026,2025-05-05,7.77,6.1,214.3,3.9,6.2,54.8,57.8,63.44
athlete_027,2025-01-06,6.38,5.0,338.6,4.9,4.6,50.8,46.4,63.03
athlete_027,2025-01-07,7.45,6.1,162.4,4.2,6.5,54.3,46.8,71.76
athlete_027,2025-01-08,6.62,3.8,285.8,5.4,3.7,55.6,50.5,56.48
athlete_027,2025-01-09,6.94,6.0,170.2,3.0,6.0,59.0,54.1,72.5
athlete_027,2025-01-10,6.67,4.4,343.5,5.7,4.3,55.6,48.3,56.79
athlete_027,2025-01-11,7.37,5.6,208.7,3.5,6.0,52.7,55.6,71.63
athlete_027,2025-01-12,6.65,4.4,40.7,5.3,4.0,56.0,50.4,62.62
athlete_027,2025-01-13,6.85,4.6,325.9,5.7,4.5,58.7,52.7,61.78
athlete_027,2025-01-14,8.06,7.7,138.2,2.4,8.2,48.9,61.8,78.57
athlete_027,2025-01-15,7.34,5.8,221.5,4.5,5.2,53.6,60.7,66.09
athlete_027,2025-01-16,6.78,6.5,176.2,3.1,6.9,54.1,55.3,70.56
athlete_027,2025-01-17,7.62,6.7,315.0,4.1,5.6,52.3,55.7,70.03
athlete_027,2025-01-18,8.36,6.7,198.6,3.4,6.7,51.4,57.7,75.42
athlete_027,2025-01-19,6.79,5.1,47.6,4.6,5.0,55.2,52.9,67.42
athlete_027,2025-01-20,6.85,5.9,340.3,4.0,5.2,54.2,44.7,66.53
athlete_027,2025-01-21,8.67,5.8,152.2,5.2,5.0,54.2,53.6,70.54
athlete_027,2025-01-22,7.23,6.4,288.7,3.8,6.0,54.3,53.6,81.21
athlete_027,2025-01-23,6.68,5.0,177.5,5.0,4.0,55.6,42.1,61.43
athlete_027,2025-01-24,7.33,7.2,315.8,3.4,6.3,53.8,49.2,72.4
athlete_027,2025-01-25,7.77,6.0,200.1,4.7,5.1,54.7,50.0,69.8
athlete_027,2025-01-26,6.41,5.2,39.2,3.4,6.4,55.6,54.2,68.3
athlete_027,2025-01-27,7.74,7.9,202.6,3.2,7.5,53.4,61.3,77.29
athlete_027,2025-01-28,7.33,6.1,78.3,4.0,6.2,52.3,51.9,70.31
athlete_027,2025-01-29,7.24,5.9,137.7,2.2,7.0,50.0,55.8,71.83
athlete_027,2025-01-30,8.15,7.6,121.1,2.6,8.0,49.4,61.5,74.96
athlete_027,2025-01-31,7.5,7.3,233.0,1.9,9.4,52.9,57.5,83.46
athlete_027,2025-02-01,7.61,6.3,97.3,2.6,6.5,52.1,56.1,70.2
athlete_027,2025-02-02,8.26,8.8,26.4,1.7,9.7,48.5,57.3,80.58
athlete_027,2025-02-03,6.41,3.5,242.6,5.3,4.3,54.1,50.2,59.22
athlete_027,2025-02-04,7.25,6.1,135.5,4.1,5.8,52.7,55.0,72.9
athlete_027,2025-02-05,7.81,6.0,246.7,4.6,5.1,56.2,52.1,70.39
athlete_027,2025-02-06,7.56,6.4,162.9,4.3,5.5,56.2,53.7,68.68
athlete_027,2025-02-07,7.15,5.1,326.9,4.6,5.1,55.6,58.5,74.1
athlete_027,2025-02-08,6.89,4.6,241.9,6.5,3.5,57.5,45.1,65.86
athlete_027,2025-02-09,7.14,6.0,42.5,4.7,5.7,55.4,53.7,66.18
athlete_027,2025-02-10,7.47,6.4,286.4,4.7,5.2,52.7,51.6,64.6
athlete_027,2025-02-11,6.83,5.8,150.3,5.8,4.1,55.3,48.1,63.41
athlete_027,2025-02-12,6.72,5.7,232.0,3.1,6.5,52.1,51.5,66.63
athlete_027,2025-02-13,7.41,6.0,164.0,5.3,5.0,54.5,48.3,73.44
athlete_027,2025-02-14,7.39,6.0,335.5,4.4,5.4,54.5,51.0,73.11
athlete_027,2025-02-15,6.64,3.6,176.2,5.2,3.6,54.3,47.6,63.71
athlete_027,2025-02-16,7.58,7.2,44.5,3.1,6.4,52.7,57.4,71.01
athlete_027,2025-02-17,8.4,6.7,379.6,4.0,6.8,54.9,53.8,73.38
athlete_027,2025-02-18,6.57,5.1,158.1,5.2,3.2,55.2,48.7,61.2
athlete_027,2025-02-19,7.42,5.7,326.6,5.1,4.6,57.4,51.4,70.12
athlete_027,2025-02-20,6.66,4.8,189.0,5.3,3.4,58.2,49.2,60.14
athlete_027,2025-02-21,6.0,5.5,312.7,4.1,4.4,54.2,45.4,68.79
athlete_027,2025-02-22,6.91,5.7,238.4,4.5,4.5,54.4,42.8,61.65
athlete_027,2025-02-23,7.63,4.8,43.9,5.6,5.5,56.2,47.5,71.53
athlete_027,2025-02-24,7.08,5.0,221.4,5.4,4.6,54.5,46.0,70.66
athlete_027,2025-02-25,6.41,5.2,84.1,3.8,6.2,55.9,55.9,71.64
athlete_027,2025-02-26,6.23,3.8,161.6,5.5,3.2,58.2,43.7,62.53
athlete_027,2025-02-27,7.77,6.4,96.9,5.1,5.3,55.6,49.5,77.62
athlete_027,2025-02-28,7.41,6.7,236.5,2.9,8.2,52.3,61.1,77.75
athlete_027,2025-03-01,6.98,4.3,154.2,4.8,4.5,55.5,53.3,61.78
athlete_027,2025-03-02,6.53,4.3,29.6,4.1,4.6,54.0,55.1,67.05
athlete_027,2025-03-03,6.81,6.1,320.2,3.9,5.7,53.8,55.8,64.63
athlete_027,2025-03-04,7.53,6.3,143.1,5.0,5.5,52.7,49.6,69.45
athlete_027,2025-03-05,7.03,7.1,292.1,3.7,7.4,55.3,50.7,70.86
athlete_027,2025-03-06,7.11,6.1,146.6,4.1,5.8,53.8,54.6,72.09
athlete_027,2025-03-07,7.64,6.9,312.3,3.1,7.0,51.3,54.1,74.61
athlete_027,2025-03-08,5.14,2.6,265.4,6.4,2.3,59.4,41.3,60.92
athlete_027,2025-03-09,8.07,5.9,32.3,4.8,5.9,53.8,51.0,74.22
athlete_027,2025-03-10,6.13,5.2,317.4,4.5,5.5,54.5,48.4,68.33
athlete_027,2025-03-11,7.04,5.4,166.8,5.1,5.4,53.2,49.1,64.58
athlete_027,2025-03-12,7.3,7.0,247.5,3.8,6.7,54.7,45.1,71.75
athlete_027,2025-03-13,6.62,5.0,172.3,4.4,4.6,53.9,51.3,62.32
athlete_027,2025-03-14,7.16,4.8,353.4,5.5,4.6,54.3,46.4,62.44
athlete_027,2025-03-15,7.53,6.3,254.5,5.5,5.2,56.6,43.8,68.04
athlete_027,2025-03-16,6.67,4.1,38.8,5.9,3.0,58.0,45.4,56.06
athlete_027,2025-03-17,7.58,5.9,294.0,3.7,6.0,50.3,54.9,71.77
athlete_027,2025-03-18,7.87,6.5,180.0,4.6,5.8,55.5,50.7,67.82
athlete_027,2025-03-19,6.4,4.9,255.9,4.2,4.4,54.3,50.6,68.33
athlete_027,2025-03-20,7.81,5.9,204.8,5.9,4.7,54.6,51.4,60.9
athlete_027,2025-03-21,6.27,4.3,373.8,4.4,4.4,55.2,48.4,69.44
athlete_027,2025-03-22,6.53,5.5,203.8,4.7,5.5,55.2,46.5,72.23
athlete_027,2025-03-23,7.63,7.0,50.1,3.1,7.8,52.8,55.2,80.48
athlete_027,2025-03-24,8.29,6.8,203.6,4.6,6.3,50.9,52.8,77.46
athlete_027,2025-03-25,6.18,4.9,82.5,4.8,5.7,55.1,47.7,70.95
athlete_027,2025-03-26,8.67,8.9,139.9,4.1,8.3,53.4,50.3,77.6
athlete_027,2025-03-27,7.57,6.2,111.1,3.4,6.0,51.3,58.2,80.71
athlete_027,2025-03-28,7.71,7.7,168.2,3.1,7.2,51.2,52.9,72.77
athlete_027,2025-03-29,7.44,6.5,140.9,3.8,6.0,53.4,53.7,72.0
athlete_027,2025-03-30,6.79,5.8,23.8,4.0,6.5,50.4,52.4,66.5
athlete_027,2025-03-31,6.69,5.1,333.8,2.2,7.3,50.9,60.0,76.14
athlete_027,2025-04-01,6.86,6.3,156.5,3.3,7.0,54.6,50.9,66.65
athlete_027,2025-04-02,7.08,5.8,269.9,3.9,6.1,51.5,55.1,73.96
athlete_027,2025-04-03,6.61,4.3,184.2,4.5,4.9,57.0,56.0,66.4
athlete_027,2025-04-04,6.51,4.4,339.6,5.5,4.8,53.6,47.6,68.36
athlete_027,2025-04-05,7.2,6.7,222.7,2.2,7.6,52.3,55.7,75.13
athlete_027,2025-04-06,6.66,6.1,38.6,4.6,6.2,54.1,41.9,66.31
athlete_027,2025-04-07,7.52,6.4,344.9,3.8,5.8,55.0,52.7,72.61
athlete_027,2025-04-08,7.08,7.9,142.0,2.9,7.9,50.3,54.9,84.16
athlete_027,2025-04-09,7.41,5.8,234.6,4.6,5.3,53.1,51.2,67.83
athlete_027,2025-04-10,7.28,5.8,180.6,4.9,5.1,56.1,55.2,71.29
athlete_027,2025-04-11,8.51,8.0,274.3,2.5,7.5,52.1,54.0,76.64
athlete_027,2025-04-12,6.97,5.1,247.8,4.1,5.0,56.2,54.3,70.43
athlete_027,2025-04-13,7.09,6.0,39.4,4.3,7.1,52.6,53.5,73.37
athlete_027,2025-04-14,7.37,5.0,327.5,4.3,4.8,56.5,55.8,67.83
athlete_027,2025-04-15,7.04,5.5,145.5,4.7,5.7,52.9,48.8,67.08
athlete_027,2025-04-16,8.44,7.9,193.6,4.3,7.4,52.0,54.8,70.84
athlete_027,2025-04-17,7.9,6.2,152.7,4.7,3.8,56.1,50.4,69.56
athlete_027,2025-04-18,7.36,5.8,362.4,4.9,5.0,53.8,50.5,66.73
athlete_027,2025-04-19,7.16,4.7,188.7,3.7,5.3,50.9,51.0,67.13
athlete_027,2025-04-20,5.97,3.1,30.4,5.9,3.2,54.2,50.4,57.53
athlete_027,2025-04-21,6.37,4.9,171.8,4.5,5.2,53.7,51.6,64.82
athlete_027,2025-04-22,6.39,5.0,66.3,3.9,4.7,53.0,49.9,70.59
athlete_027,2025-04-23,6.74,4.7,151.1,6.0,4.4,54.7,50.1,67.17
athlete_027,2025-04-24,7.3,5.8,75.6,4.7,5.9,55.6,59.3,67.97
athlete_027,2025-04-25,7.76,5.1,164.4,4.7,4.0,54.5,53.0,67.41
athlete_027,2025-04-26,6.7,6.5,150.7,3.5,6.1,51.0,58.5,72.85
athlete_027,2025-04-27,7.88,6.1,25.1,4.5,5.0,52.5,50.9,66.17
athlete_027,2025-04-28,7.98,6.3,311.0,5.0,6.2,52.4,58.4,68.38
athlete_027,2025-04-29,7.08,5.6,143.1,3.9,5.2,52.3,52.7,71.84
athlete_027,2025-04-30,7.0,4.7,273.8,5.7,4.4,53.4,49.9,63.17
athlete_027,2025-05-01,7.26,6.6,127.4,3.6,6.9,50.4,55.1,72.32
athlete_027,2025-05-02,7.36,7.0,287.6,3.5,6.6,54.5,50.8,66.2
athlete_027,2025-05-03,7.8,5.1,222.0,5.1,4.0,52.4,52.2,66.17
athlete_027,2025-05-04,7.36,5.6,41.6,3.5,5.7,55.0,55.1,65.88
athlete_027,2025-05-05,6.41,4.0,325.8,5.6,2.9,54.3,53.1,65.04
athlete_028,2025-01-06,6.99,5.2,288.5,4.6,6.2,51.1,72.8,68.16
athlete_028,2025-01-07,7.29,5.2,136.1,5.2,4.0,58.7,59.5,62.73
athlete_028,2025-01-08,7.61,4.3,215.2,5.7,4.1,57.2,65.2,63.11
athlete_028,2025-01-09,7.89,6.2,113.7,4.3,6.0,54.7,74.3,73.91
athlete_028,2025-01-10,7.72,5.7,245.9,5.1,5.6,54.4,70.8,73.74
athlete_028,2025-01-11,7.52,7.0,190.1,4.2,6.2,54.8,64.1,71.68
athlete_028,2025-01-12,7.58,6.3,38.4,3.0,7.6,56.5,73.6,78.4
athlete_028,2025-01-13,6.77,3.5,262.3,4.6,4.4,57.1,67.8,61.02
athlete_028,2025-01-14,7.54,5.7,148.4,4.4,5.2,55.5,66.2,70.0
athlete_028,2025-01-15,8.13,7.6,221.8,2.6,8.3,54.6,76.2,83.77
athlete_028,2025-01-16,8.73,7.5,141.6,2.0,9.6,50.0,73.2,85.29
athlete_028,2025-01-17,7.78,6.6,245.5,3.4,6.8,54.5,68.3,73.04
athlete_028,2025-01-18,7.2,5.7,223.7,4.2,5.9,56.0,66.7,73.36
athlete_028,2025-01-19,7.4,4.3,40.1,4.6,4.5,55.7,69.4,55.95
athlete_028,2025-01-20,8.21,7.9,304.6,3.2,7.9,52.9,74.9,81.59
athlete_028,2025-01-21,7.23,6.4,136.4,3.7,6.6,55.6,72.3,77.83
athlete_028,2025-01-22,7.88,6.8,218.6,4.2,5.9,59.1,71.4,69.23
athlete_028,2025-01-23,6.19,3.9,131.0,3.4,4.7,56.5,67.9,61.2
athlete_028,2025-01-24,7.51,4.1,330.9,4.6,4.5,54.6,69.8,67.51
athlete_028,2025-01-25,7.88,5.4,225.3,4.6,5.7,53.9,69.9,73.03
athlete_028,2025-01-26,7.79,6.3,37.3,3.9,6.0,55.5,79.2,85.07
athlete_028,2025-01-27,6.87,4.8,134.8,4.6,5.2,57.6,66.7,66.9
athlete_028,2025-01-28,7.58,5.3,57.2,4.4,5.0,53.8,71.2,70.1
athlete_028,2025-01-29,8.07,5.8,157.7,5.6,4.7,55.3,67.5,70.42
athlete_028,2025-01-30,7.12,6.0,79.8,4.0,5.8,53.5,74.0,68.06
athlete_028,2025-01-31,6.94,4.6,192.0,3.3,5.2,55.2,73.4,67.12
athlete_028,2025-02-01,7.39,5.4,126.8,5.0,4.6,56.4,75.9,65.32
athlete_028,2025-02-02,7.46,5.7,19.4,4.3,5.8,53.8,71.0,73.0
athlete_028,2025-02-03,7.14,5.7,226.2,3.3,6.5,52.4,76.3,69.71
athlete_028,2025-02-04,6.49,3.5,118.8,5.4,3.7,55.6,63.9,61.8
athlete_028,2025-02-05,7.59,5.0,229.5,4.0,4.9,54.0,65.0,70.54
athlete_028,2025-02-06,6.92,3.5,152.6,6.3,3.8,57.4,71.0,59.0
athlete_028,2025-02-07,7.94,6.2,262.7,5.0,6.1,54.2,71.2,69.17
athlete_028,2025-02-08,6.95,5.0,219.4,5.3,5.2,57.7,68.6,67.91
athlete_028,2025-02-09,8.67,8.5,34.7,2.2,9.2,54.2,73.2,87.67
athlete_028,2025-02-10,7.65,4.4,247.8,5.2,3.3,56.3,65.3,65.48
athlete_028,2025-02-11,7.39,5.3,127.6,5.7,4.1,57.0,69.7,66.95
athlete_028,2025-02-12,7.59,5.0,229.8,5.0,4.1,54.9,73.8,69.67
athlete_028,2025-02-13,8.52,7.1,161.2,5.0,6.3,55.4,68.5,76.39
athlete_028,2025-02-14,7.04,5.3,280.6,3.8,4.5,52.8,67.1,71.46
athlete_028,2025-02-15,8.51,7.5,226.2,4.7,6.3,55.9,69.5,76.61
athlete_028,2025-02-16,7.76,5.4,34.5,5.1,4.8,57.4,67.0,64.63
athlete_028,2025-02-17,6.68,4.0,272.5,6.2,3.3,56.5,55.5,59.57
athlete_028,2025-02-18,7.49,5.3,139.8,5.4,4.7,54.7,69.2,60.72
athlete_028,2025-02-19,8.15,7.2,269.2,5.4,6.4,56.9,69.9,70.7
athlete_028,2025-02-20,8.32,6.2,117.5,4.2,6.2,55.4,72.8,69.16
athlete_028,2025-02-21,8.6,7.7,306.0,4.0,7.6,53.5,78.2,73.32
athlete_028,2025-02-22,6.74,3.8,206.2,6.1,2.7,55.8,58.2,55.64
athlete_028,2025-02-23,7.17,4.9,34.0,6.1,3.2,58.8,60.4,65.38
athlete_028,2025-02-24,8.35,5.4,146.7,5.0,4.8,54.4,68.9,67.08
athlete_028,2025-02-25,7.71,6.4,71.4,4.2,6.0,54.1,74.6,69.23
athlete_028,2025-02-26,8.02,7.0,133.0,4.5,7.1,54.6,73.5,73.23
athlete_028,2025-02-27,7.61,5.1,80.7,6.3,3.5,57.0,62.0,59.99
athlete_028,2025-02-28,7.79,6.0,174.0,3.6,5.7,50.7,75.5,70.18
athlete_028,2025-03-01,7.95,7.3,98.8,3.2,6.7,50.1,72.0,74.5
athlete_028,2025-03-02,6.42,4.5,20.9,4.3,4.9,52.6,64.5,68.18
athlete_028,2025-03-03,7.94,6.5,252.9,2.4,8.1,52.1,80.3,77.04
athlete_028,2025-03-04,8.86,7.2,138.9,3.0,7.6,48.3,81.6,80.03
athlete_028,2025-03-05,8.21,6.6,195.1,6.0,5.3,55.2,71.8,74.04
athlete_028,2025-03-06,7.07,4.3,127.0,5.5,3.8,54.9,67.2,66.01
athlete_028,2025-03-07,8.32,6.4,251.7,4.8,6.9,57.7,74.8,74.56
athlete_028,2025-03-08,7.4,5.1,151.5,3.6,5.1,50.7,74.2,73.67
athlete_028,2025-03-09,7.95,6.2,42.2,3.6,6.2,54.8,68.2,77.53
athlete_028,2025-03-10,8.63,6.9,267.3,2.7,7.7,52.3,77.9,88.44
athlete_028,2025-03-11,7.94,6.3,139.9,4.2,5.9,54.4,71.5,73.43
athlete_028,2025-03-12,8.59,7.3,219.6,2.6,7.4,52.6,73.0,75.82
athlete_028,2025-03-13,7.35,4.6,156.2,5.5,4.0,53.3,69.3,61.47
athlete_028,2025-03-14,6.8,3.9,281.5,4.1,4.7,56.0,65.4,67.32
athlete_028,2025-03-15,7.83,6.6,223.7,3.8,5.8,53.6,74.4,70.6
athlete_028,2025-03-16,7.57,6.3,27.9,4.0,5.3,54.6,67.5,66.35
athlete_028,2025-03-17,7.18,5.5,292.1,5.1,4.8,54.4,65.3,73.59
athlete_028,2025-03-18,8.41,8.4,136.9,2.9,8.6,52.8,70.7,88.89
athlete_028,2025-03-19,8.31,7.4,269.8,2.9,8.1,51.7,78.2,85.13
athlete_028,2025-03-20,6.94,4.7,128.2,5.0,3.5,58.9,60.7,66.93
athlete_028,2025-03-21,6.88,4.3,293.4,5.5,2.9,58.1,65.3,72.38
athlete_028,2025-03-22,7.94,6.7,213.5,3.5,6.6,56.3,74.1,69.4
athlete_028,2025-03-23,8.52,6.9,38.8,3.1,6.9,54.3,71.5,74.06
athlete_028,2025-03-24,8.1,6.1,172.4,3.9,6.3,53.9,71.3,70.55
athlete_028,2025-03-25,7.95,6.2,82.3,4.0,5.7,54.9,69.9,74.21
athlete_028,2025-03-26,7.36,4.0,129.9,5.5,4.3,54.8,63.3,67.73
athlete_028,2025-03-27,7.56,6.2,82.2,4.2,6.0,54.7,73.3,70.34
athlete_028,2025-03-28,7.96,6.6,178.9,5.4,5.0,55.0,65.6,74.79
athlete_028,2025-03-29,6.91,5.5,91.1,5.4,6.1,55.5,69.1,68.79
athlete_028,2025-03-30,7.32,5.7,19.8,3.0,6.4,51.5,69.2,74.18
athlete_028,2025-03-31,8.58,6.5,228.5,3.3,6.9,54.6,73.8,78.78
athlete_028,2025-04-01,7.23,4.8,145.7,4.2,5.2,52.9,77.0,70.05
athlete_028,2025-04-02,7.92,6.5,194.7,2.9,7.0,51.9,69.3,81.63
athlete_028,2025-04-03,5.55,2.4,119.9,4.9,3.8,53.2,68.6,57.7
athlete_028,2025-04-04,8.15,5.8,276.4,5.1,5.7,51.0,66.7,78.24
athlete_028,2025-04-05,9.01,7.9,188.0,3.8,8.1,51.2,73.6,80.11
athlete_028,2025-04-06,7.09,5.1,36.6,3.0,6.5,53.4,72.5,81.66
athlete_028,2025-04-07,7.29,6.1,245.0,3.9,7.1,56.2,68.5,72.1
athlete_028,2025-04-08,6.53,4.1,144.5,5.7,3.4,52.5,67.0,64.41
athlete_028,2025-04-09,7.86,5.6,254.9,5.3,4.4,54.8,67.8,67.22
athlete_028,2025-04-10,6.75,4.1,135.4,3.8,5.3,50.1,67.3,58.9
athlete_028,2025-04-11,6.93,4.6,288.5,4.3,4.6,57.4,63.9,68.39
athlete_028,2025-04-12,7.54,4.9,179.1,5.5,3.3,60.4,69.5,63.14
athlete_028,2025-04-13,7.77,6.9,45.4,3.7,7.2,55.2,74.0,76.32
athlete_028,2025-04-14,7.3,4.9,254.9,4.6,5.6,57.6,66.9,70.5
athlete_028,2025-04-15,9.08,8.2,132.1,2.8,8.6,48.7,79.5,79.79
athlete_028,2025-04-16,7.69,6.6,272.3,2.0,7.7,54.2,82.1,81.0
athlete_028,2025-04-17,7.79,5.1,195.4,4.5,5.0,58.3,66.5,69.69
athlete_028,2025-04-18,7.75,7.0,296.9,4.2,6.0,59.0,68.4,70.73
athlete_028,2025-04-19,8.09,6.5,275.3,4.8,5.0,59.4,67.4,76.96
athlete_028,2025-04-20,8.23,6.4,40.7,5.2,5.8,58.5,68.7,72.58
athlete_028,2025-04-21,7.36,5.5,152.5,4.4,5.7,54.8,69.6,71.5
athlete_028,2025-04-22,7.54,4.8,77.9,3.8,5.4,54.1,67.0,67.59
athlete_028,2025-04-23,7.02,5.0,104.1,6.3,3.5,56.0,70.1,64.46
athlete_028,2025-04-24,7.0,4.6,72.0,6.4,3.8,57.1,64.7,68.11
athlete_028,2025-04-25,7.93,7.3,178.9,4.1,6.2,52.8,65.5,70.65
athlete_028,2025-04-26,7.79,6.5,104.9,3.3,7.2,53.5,70.3,78.23
athlete_028,2025-04-27,7.38,6.2,24.6,4.4,6.4,53.9,73.7,71.48
athlete_028,2025-04-28,7.34,4.5,259.2,3.3,6.3,51.3,74.0,72.37
athlete_028,2025-04-29,7.72,5.7,118.3,3.2,7.2,49.4,68.0,81.27
athlete_028,2025-04-30,6.94,5.0,242.8,3.8,5.9,54.9,73.2,74.74
athlete_028,2025-05-01,9.23,6.7,164.7,3.8,7.2,51.4,75.7,76.99
athlete_028,2025-05-02,6.87,3.4,251.3,6.2,3.3,59.7,66.8,62.14
athlete_028,2025-05-03,6.71,4.6,158.0,4.5,4.7,56.9,70.5,70.01
athlete_028,2025-05-04,7.74,5.0,29.8,5.3,4.7,56.2,71.9,64.72
athlete_028,2025-05-05,7.05,4.2,274.6,4.7,5.5,56.1,70.6,70.92
athlete_029,2025-01-06,7.22,3.9,228.7,4.4,4.6,59.6,37.6,63.85
athlete_029,2025-01-07,8.25,4.0,104.4,3.5,4.3,61.2,45.7,67.02
athlete_029,2025-01-08,8.28,5.7,214.0,4.5,5.6,64.0,42.4,69.18
athlete_029,2025-01-09,7.81,3.9,133.2,5.8,3.3,62.4,42.4,55.82
athlete_029,2025-01-10,8.04,3.6,304.3,5.8,3.3,66.0,42.6,58.32
athlete_029,2025-01-11,8.97,6.0,162.4,4.0,5.3,62.1,45.9,73.44
athlete_029,2025-01-12,8.78,4.8,34.0,4.6,4.7,61.0,39.3,65.04
athlete_029,2025-01-13,7.57,3.7,259.6,5.0,3.1,62.8,43.2,61.76
athlete_029,2025-01-14,7.69,4.7,144.7,4.4,5.4,62.2,42.6,63.58
athlete_029,2025-01-15,8.58,6.1,278.0,4.8,5.3,64.0,47.6,64.07
athlete_029,2025-01-16,9.13,7.1,115.2,2.0,8.0,58.4,54.8,83.34
athlete_029,2025-01-17,8.03,5.8,248.0,3.5,5.4,63.0,43.4,72.55
athlete_029,2025-01-18,8.04,4.9,155.8,5.2,4.2,64.3,43.8,67.0
athlete_029,2025-01-19,6.94,1.4,34.4,7.3,1.0,66.4,35.6,43.97
athlete_029,2025-01-20,8.21,5.3,269.1,4.4,6.1,59.0,46.2,62.53
athlete_029,2025-01-21,7.62,4.6,108.0,5.2,4.9,62.7,40.0,65.53
athlete_029,2025-01-22,9.38,6.9,240.3,2.2,8.7,58.2,51.9,76.77
athlete_029,2025-01-23,8.69,5.9,115.7,5.4,4.5,64.2,49.7,59.31
athlete_029,2025-01-24,8.52,5.1,307.2,3.9,5.3,61.7,47.7,61.45
athlete_029,2025-01-25,9.09,5.0,226.3,4.6,4.8,61.4,43.1,68.23
athlete_029,2025-01-26,8.55,4.8,36.4,4.3,4.9,59.9,49.2,68.89
athlete_029,2025-01-27,8.56,5.1,165.6,5.1,3.7,61.6,46.1,66.36
athlete_029,2025-01-28,8.59,5.9,67.7,3.9,6.4,58.2,47.6,61.74
athlete_029,2025-01-29,8.82,6.0,110.6,4.8,5.0,59.7,48.4,65.32
athlete_029,2025-01-30,8.14,5.9,66.3,3.5,6.7,60.3,45.7,65.15
athlete_029,2025-01-31,9.16,7.3,156.6,3.3,5.7,60.9,50.6,68.79
athlete_029,2025-02-01,7.66,5.2,132.3,3.5,5.5,60.9,43.9,62.37
athlete_029,2025-02-02,8.07,5.4,20.9,3.5,6.6,58.1,53.2,66.66
athlete_029,2025-02-03,8.42,5.9,245.4,4.4,6.4,62.0,45.5,71.21
athlete_029,2025-02-04,8.84,6.2,119.7,3.5,6.1,57.7,51.3,68.53
athlete_029,2025-02-05,9.27,7.1,203.1,2.6,7.4,60.1,51.3,71.05
athlete_029,2025-02-06,8.98,6.3,127.4,4.1,5.5,63.2,49.5,64.53
athlete_029,2025-02-07,9.13,7.4,269.9,3.1,7.8,60.5,47.1,76.01
athlete_029,2025-02-08,8.79,5.6,166.6,4.3,6.0,61.5,51.0,68.15
athlete_029,2025-02-09,8.34,4.6,32.6,4.0,5.1,61.0,48.6,61.77
athlete_029,2025-02-10,8.8,5.5,257.2,5.4,4.6,64.8,53.8,63.61
athlete_029,2025-02-11,9.17,6.8,132.2,3.5,6.3,60.3,46.9,64.09
athlete_029,2025-02-12,8.73,5.8,261.5,5.1,5.1,57.8,41.9,61.55
athlete_029,2025-02-13,8.7,6.1,106.1,3.7,6.7,62.0,54.2,69.67
athlete_029,2025-02-14,7.68,4.6,323.9,3.0,5.0,62.1,46.6,62.62
athlete_029,2025-02-15,9.54,7.1,160.5,3.6,6.9,63.1,45.4,72.82
athlete_029,2025-02-16,8.98,6.4,36.8,4.8,5.8,59.4,48.2,65.0
athlete_029,2025-02-17,8.1,4.6,289.6,5.1,4.1,59.8,36.7,64.06
athlete_029,2025-02-18,8.09,4.3,119.1,5.8,3.3,62.5,44.4,58.15
athlete_029,2025-02-19,8.65,5.9,217.2,3.9,6.1,62.5,46.3,69.36
athlete_029,2025-02-20,8.42,6.0,163.0,4.1,7.1,60.4,47.5,66.99
athlete_029,2025-02-21,9.33,7.2,330.3,4.0,6.5,61.7,46.7,68.95
athlete_029,2025-02-22,8.61,4.8,197.8,4.5,5.4,62.0,48.7,65.69
athlete_029,2025-02-23,8.54,4.9,45.6,4.1,5.1,60.6,51.7,59.85
athlete_029,2025-02-24,8.88,5.7,166.5,4.8,5.5,60.0,44.2,66.13
athlete_029,2025-02-25,8.89,6.3,75.4,3.8,6.2,58.9,48.4,72.08
athlete_029,2025-02-26,7.57,3.8,144.8,4.6,3.8,60.6,40.5,63.06
athlete_029,2025-02-27,9.0,6.7,85.2,3.7,6.4,59.4,52.8,71.26
athlete_029,2025-02-28,8.03,4.9,137.4,3.2,5.6,60.1,46.2,65.61
athlete_029,2025-03-01,8.17,5.3,135.1,2.9,6.7,59.0,50.8,72.88
athlete_029,2025-03-02,9.64,5.8,19.4,3.4,7.4,58.1,53.5,66.27
athlete_029,2025-03-03,8.0,5.7,230.8,2.3,6.7,59.5,54.8,71.51
athlete_029,2025-03-04,9.16,6.3,113.5,4.4,6.2,61.2,44.2,72.32
athlete_029,2025-03-05,8.76,6.7,235.0,2.8,8.0,59.3,50.9,69.74
athlete_029,2025-03-06,9.25,7.6,123.2,2.6,7.9,63.8,55.1,77.29
athlete_029,2025-03-07,8.73,4.8,244.0,4.1,6.0,60.5,47.4,66.55
athlete_029,2025-03-08,8.5,5.4,163.2,4.6,4.9,59.3,44.2,64.07
athlete_029,2025-03-09,8.54,6.2,34.5,3.7,6.7,59.7,56.4,66.3
athlete_029,2025-03-10,8.32,6.2,229.5,3.3,7.2,58.1,46.7,69.56
athlete_029,2025-03-11,8.68,6.0,131.9,2.7,7.7,59.7,46.1,67.28
athlete_029,2025-03-12,8.55,5.4,252.2,5.0,4.9,64.5,52.9,65.49
athlete_029,2025-03-13,8.99,6.7,124.3,3.4,7.1,57.3,50.1,70.28
athlete_029,2025-03-14,9.35,6.8,245.0,4.7,5.7,62.1,43.7,70.87
athlete_029,2025-03-15,8.72,5.7,157.9,4.7,4.9,62.0,45.1,61.12
athlete_029,2025-03-16,8.83,5.3,32.9,5.6,4.3,61.1,42.5,63.65
athlete_029,2025-03-17,7.69,4.2,301.3,6.1,2.8,63.8,39.2,57.85
athlete_029,2025-03-18,8.01,4.7,160.4,4.7,5.0,60.1,43.3,61.05
athlete_029,2025-03-19,8.16,4.6,141.7,4.8,4.3,60.9,44.6,65.56
athlete_029,2025-03-20,8.32,5.6,155.4,4.0,6.5,60.4,40.0,70.95
athlete_029,2025-03-21,8.84,6.4,263.5,2.5,6.8,59.1,42.4,70.68
athlete_029,2025-03-22,8.58,6.7,193.1,4.2,5.2,60.4,42.2,65.47
athlete_029,2025-03-23,8.26,5.5,29.0,5.3,4.3,64.5,39.8,67.01
athlete_029,2025-03-24,8.99,6.5,154.1,4.9,5.8,61.8,50.4,70.21
athlete_029,2025-03-25,7.98,3.6,70.5,5.1,3.0,62.7,39.7,62.33
athlete_029,2025-03-26,7.03,4.4,146.2,3.5,5.4,61.6,46.8,63.49
athlete_029,2025-03-27,8.44,6.3,74.8,3.0,6.1,59.6,52.0,64.33
athlete_029,2025-03-28,8.91,5.9,150.1,3.1,7.2,60.7,47.4,73.54
athlete_029,2025-03-29,8.35,4.9,97.3,5.8,4.4,61.5,45.0,58.74
athlete_029,2025-03-30,8.98,6.8,19.2,3.8,6.4,58.8,48.1,65.72
athlete_029,2025-03-31,8.74,6.7,260.4,2.9,6.8,57.9,51.3,70.96
athlete_029,2025-04-01,9.27,7.1,111.9,3.9,7.7,58.1,49.2,72.51
athlete_029,2025-04-02,8.61,5.4,212.4,4.5,5.7,59.1,46.5,71.09
athlete_029,2025-04-03,8.06,5.0,104.5,5.7,3.4,60.9,36.7,58.42
athlete_029,2025-04-04,8.45,6.3,269.6,4.1,7.7,60.3,47.7,71.86
athlete_029,2025-04-05,8.82,6.0,164.7,4.8,6.2,61.4,50.5,67.87
athlete_029,2025-04-06,8.07,5.4,29.3,4.8,5.9,62.2,53.2,62.53
athlete_029,2025-04-07,7.76,5.5,239.3,2.5,7.4,57.8,53.7,70.85
athlete_029,2025-04-08,9.18,5.3,117.3,5.7,4.8,59.7,43.7,62.23
athlete_029,2025-04-09,7.4,3.3,234.0,6.0,2.7,61.0,36.7,52.91
athlete_029,2025-04-10,8.65,5.5,141.5,4.5,5.2,60.6,44.4,67.02
athlete_029,2025-04-11,7.97,4.6,204.8,4.7,4.7,59.6,41.8,64.39
athlete_029,2025-04-12,9.05,5.8,161.8,4.8,4.7,61.1,38.5,65.64
athlete_029,2025-04-13,10.0,7.9,37.1,3.8,7.0,56.9,55.3,75.62
athlete_029,2025-04-14,9.39,7.2,237.6,2.8,6.5,61.3,47.8,71.14
athlete_029,2025-04-15,8.69,5.9,172.2,5.0,5.8,60.4,54.5,68.83
athlete_029,2025-04-16,8.26,5.6,260.0,3.4,5.8,62.1,42.2,66.58
athlete_029,2025-04-17,8.89,5.3,113.1,4.1,5.5,63.1,48.2,66.86
athlete_029,2025-04-18,8.87,5.9,242.4,3.7,6.2,60.6,44.4,71.16
athlete_029,2025-04-19,7.65,3.3,159.0,4.6,4.5,61.3,52.3,66.2
athlete_029,2025-04-20,8.97,5.7,37.4,4.6,5.8,61.5,50.4,71.83
athlete_029,2025-04-21,8.1,5.8,154.0,5.8,3.9,63.3,40.5,58.81
athlete_029,2025-04-22,7.87,5.7,63.8,4.2,5.0,61.1,45.3,62.61
athlete_029,2025-04-23,7.49,3.0,96.1,5.5,3.0,64.5,42.9,57.78
athlete_029,2025-04-24,7.8,5.4,87.6,3.8,5.1,60.5,50.8,62.55
athlete_029,2025-04-25,7.53,5.1,164.7,3.0,6.2,61.0,47.0,68.85
athlete_029,2025-04-26,9.34,6.2,111.5,4.0,5.6,60.2,45.5,72.54
athlete_029,2025-04-27,10.0,8.4,16.8,3.5,8.0,56.4,50.9,80.98
athlete_029,2025-04-28,9.33,6.4,213.9,2.5,7.5,55.6,53.3,67.29
athlete_029,2025-04-29,8.17,6.2,121.2,4.3,6.6,60.6,42.9,66.61
athlete_029,2025-04-30,9.09,6.5,215.9,3.4,6.6,57.9,49.9,74.52
athlete_029,2025-05-01,8.61,5.7,107.7,4.2,5.7,61.8,41.6,62.79
athlete_029,2025-05-02,8.68,6.1,238.2,2.8,6.9,61.6,50.7,67.94
athlete_029,2025-05-03,8.68,4.4,195.6,5.8,3.5,61.3,43.4,68.71
athlete_029,2025-05-04,8.18,5.3,29.9,4.4,5.0,63.3,45.3,60.44
athlete_029,2025-05-05,8.49,4.3,292.2,4.0,3.9,60.2,45.3,65.94
athlete_030,2025-01-06,8.17,4.5,413.5,3.1,6.1,58.6,63.8,68.49
athlete_030,2025-01-07,7.66,4.1,150.2,4.7,3.9,67.8,50.0,60.85
athlete_030,2025-01-08,9.22,6.6,341.2,4.7,5.9,66.4,54.2,72.8
athlete_030,2025-01-09,7.65,4.2,199.4,6.3,2.7,69.8,50.5,59.11
athlete_030,2025-01-10,8.07,5.2,336.3,4.0,5.3,64.5,57.2,69.98
athlete_030,2025-01-11,8.25,5.7,247.7,4.7,4.5,65.6,55.9,70.32
athlete_030,2025-01-12,7.98,4.6,42.2,3.7,4.9,64.5,61.7,60.5
athlete_030,2025-01-13,9.2,6.8,379.8,3.1,7.5,61.9,66.9,72.31
athlete_030,2025-01-14,10.0,7.8,151.1,2.5,7.5,63.0,64.0,78.98
athlete_030,2025-01-15,8.8,5.5,304.0,4.9,3.9,62.1,53.6,64.57
athlete_030,2025-01-16,8.05,5.6,189.6,3.1,6.0,62.3,59.0,72.1
athlete_030,2025-01-17,7.56,4.7,353.9,3.8,6.0,64.6,56.4,69.8
athlete_030,2025-01-18,9.53,6.9,263.9,4.8,5.8,60.6,60.6,65.9
athlete_030,2025-01-19,7.72,3.7,57.1,5.5,3.2,65.9,51.0,58.07
athlete_030,2025-01-20,9.23,7.9,362.9,2.9,8.2,62.0,62.9,79.77
athlete_030,2025-01-21,9.23,7.1,220.2,3.0,8.8,60.5,70.7,79.6
athlete_030,2025-01-22,8.38,5.0,349.2,3.9,5.5,62.1,64.8,70.34
athlete_030,2025-01-23,7.58,4.0,179.5,4.6,3.5,63.7,59.3,59.28
athlete_030,2025-01-24,8.36,6.4,300.0,3.7,6.4,63.8,57.1,71.79
athlete_030,2025-01-25,8.78,6.7,363.2,3.9,6.2,63.0,59.7,74.54
athlete_030,2025-01-26,7.84,6.0,50.3,4.3,5.1,66.0,50.5,63.51
athlete_030,2025-01-27,8.46,5.1,234.5,4.4,5.7,63.9,60.5,72.99
athlete_030,2025-01-28,8.67,5.6,83.6,4.0,6.4,60.8,55.1,67.61
athlete_030,2025-01-29,8.47,5.6,187.9,4.0,5.3,64.4,60.0,69.9
athlete_030,2025-01-30,8.1,4.8,94.9,4.3,4.8,63.9,57.7,70.19
athlete_030,2025-01-31,9.0,7.0,198.0,4.3,5.8,65.8,59.2,74.37
athlete_030,2025-02-01,8.96,8.3,176.7,3.3,8.8,61.9,66.2,89.51
athlete_030,2025-02-02,7.95,4.9,28.9,4.7,3.9,62.1,52.4,63.82
athlete_030,2025-02-03,9.69,7.2,365.3,2.6,7.8,59.9,66.1,80.38
athlete_030,2025-02-04,8.69,5.0,180.8,4.8,4.6,64.8,55.9,65.92
athlete_030,2025-02-05,8.52,6.9,314.0,3.7,6.3,60.4,61.0,76.13
athlete_030,2025-02-06,7.71,5.4,165.0,4.5,5.6,64.3,57.4,64.94
athlete_030,2025-02-07,7.46,3.3,334.9,4.5,3.6,63.2,52.2,64.36
athlete_030,2025-02-08,8.02,4.4,279.2,6.3,3.5,66.3,54.0,65.41
athlete_030,2025-02-09,9.1,6.1,50.2,5.2,5.2,63.3,56.5,65.31
athlete_030,2025-02-10,8.85,6.7,337.1,3.5,7.7,60.0,58.8,79.21
athlete_030,2025-02-11,8.68,6.0,183.5,4.1,5.6,62.3,57.6,65.9
athlete_030,2025-02-12,7.98,4.8,266.2,4.4,6.1,62.0,59.6,73.51
athlete_030,2025-02-13,8.44,5.3,215.6,5.1,5.2,63.1,59.2,66.86
athlete_030,2025-02-14,8.19,5.9,403.7,4.0,5.5,64.9,57.2,71.34
athlete_030,2025-02-15,7.78,4.8,209.7,4.3,4.5,67.2,57.1,63.86
athlete_030,2025-02-16,8.03,4.3,43.2,6.5,3.2,62.9,48.7,59.22
athlete_030,2025-02-17,8.76,4.8,387.3,4.5,4.6,61.9,58.7,66.73
athlete_030,2025-02-18,8.65,6.3,184.7,4.0,5.1,63.9,61.7,68.89
athlete_030,2025-02-19,8.05,5.3,367.0,3.8,6.4,63.9,56.4,72.8
athlete_030,2025-02-20,8.85,5.9,177.3,3.6,6.2,67.2,61.3,73.59
athlete_030,2025-02-21,8.17,6.6,451.3,2.7,5.8,65.9,55.7,73.8
athlete_030,2025-02-22,8.28,4.0,298.2,5.0,3.6,65.4,54.0,56.97
athlete_030,2025-02-23,7.72,4.0,53.2,5.7,3.6,65.9,50.8,63.33
athlete_030,2025-02-24,8.07,6.3,242.6,5.7,4.7,68.7,51.3,60.12
athlete_030,2025-02-25,9.61,6.3,103.1,6.1,5.8,65.1,59.6,67.31
athlete_030,2025-02-26,7.86,4.8,246.4,4.2,4.2,62.8,58.9,66.96
athlete_030,2025-02-27,8.55,6.0,121.0,5.7,3.8,63.5,58.0,65.75
athlete_030,2025-02-28,7.48,3.9,234.6,4.9,4.3,64.6,53.7,63.49
athlete_030,2025-03-01,9.16,7.4,160.7,3.9,6.9,61.9,71.9,80.22
athlete_030,2025-03-02,8.78,5.3,24.8,4.7,5.0,62.2,67.1,70.0
athlete_030,2025-03-03,7.66,5.4,360.5,3.7,6.0,62.3,64.1,69.55
athlete_030,2025-03-04,9.56,7.2,173.2,3.3,7.6,60.5,69.2,77.73
athlete_030,2025-03-05,8.3,5.8,316.3,4.8,5.8,61.8,58.8,72.41
athlete_030,2025-03-06,7.8,5.6,132.2,4.3,4.9,63.5,61.4,69.98
athlete_030,2025-03-07,8.58,5.4,362.0,6.8,3.6,68.8,55.2,62.84
athlete_030,2025-03-08,8.96,7.4,266.2,2.1,7.8,61.4,58.8,74.15
athlete_030,2025-03-09,7.31,4.0,54.8,4.4,3.7,66.3,56.1,61.16
athlete_030,2025-03-10,7.83,4.9,351.4,4.1,5.8,62.1,60.8,66.4
athlete_030,2025-03-11,8.47,5.8,159.1,4.2,6.4,64.7,60.0,72.5
athlete_030,2025-03-12,9.63,7.9,267.0,3.1,7.9,62.4,65.1,81.56
athlete_030,2025-03-13,7.95,4.0,181.4,5.4,4.5,62.3,54.5,63.03
athlete_030,2025-03-14,8.01,5.8,316.9,4.8,4.9,66.6,51.6,65.5
athlete_030,2025-03-15,8.84,5.9,231.5,4.7,4.9,63.5,50.4,70.74
athlete_030,2025-03-16,7.85,4.4,39.8,5.7,3.9,64.7,50.4,61.12
athlete_030,2025-03-17,9.67,8.1,343.1,2.1,9.1,62.3,68.7,81.72
athlete_030,2025-03-18,8.36,4.9,152.3,5.2,4.7,65.7,57.8,63.33
athlete_030,2025-03-19,9.07,7.0,370.4,4.3,6.7,64.2,59.9,78.45
athlete_030,2025-03-20,8.73,5.4,213.4,4.9,4.7,67.0,51.6,66.08
athlete_030,2025-03-21,7.73,5.8,367.2,4.9,4.6,63.4,51.5,67.89
athlete_030,2025-03-22,9.06,5.5,316.1,5.3,4.7,66.3,55.5,71.67
athlete_030,2025-03-23,7.87,2.9,39.6,6.7,1.8,66.0,51.5,48.96
athlete_030,2025-03-24,8.9,5.7,217.4,4.0,5.7,67.2,61.5,73.67
athlete_030,2025-03-25,9.52,6.9,80.3,4.0,7.3,62.3,60.5,75.65
athlete_030,2025-03-26,7.2,3.0,158.8,6.7,1.7,65.2,48.7,53.91
athlete_030,2025-03-27,9.59,8.5,125.3,2.4,8.8,60.9,67.3,88.06
athlete_030,2025-03-28,7.96,5.3,177.2,4.8,4.3,62.8,60.1,60.54
athlete_030,2025-03-29,8.52,5.6,156.7,5.4,5.0,65.0,56.5,65.7
athlete_030,2025-03-30,8.33,5.7,27.0,3.6,6.1,60.9,60.0,71.49
athlete_030,2025-03-31,8.29,5.7,300.8,3.9,6.6,60.5,65.5,66.71
athlete_030,2025-04-01,7.75,3.9,176.2,5.2,3.2,64.9,52.5,57.65
athlete_030,2025-04-02,8.52,5.7,328.4,3.4,5.3,63.6,59.3,65.33
athlete_030,2025-04-03,8.96,5.1,195.9,5.2,4.8,63.4,67.0,66.17
athlete_030,2025-04-04,8.64,5.3,360.7,4.8,4.6,62.9,57.4,63.42
athlete_030,2025-04-05,8.27,5.2,311.7,4.4,4.9,64.4,58.9,72.18
athlete_030,2025-04-06,8.01,5.6,48.4,4.7,5.4,64.7,51.6,65.25
athlete_030,2025-04-07,8.72,7.5,401.8,2.3,7.6,62.0,65.3,80.37
athlete_030,2025-04-08,9.41,7.3,174.1,5.2,5.5,65.8,60.9,69.88
athlete_030,2025-04-09,8.12,5.5,258.2,3.7,5.7,62.3,58.0,66.49
athlete_030,2025-04-10,9.26,5.6,224.6,3.5,5.6,62.6,57.5,78.08
athlete_030,2025-04-11,8.86,6.2,363.9,3.8,5.6,64.0,56.4,68.98
athlete_030,2025-04-12,7.79,4.7,294.7,4.8,4.2,66.1,56.4,64.61
athlete_030,2025-04-13,9.04,6.5,49.9,3.9,6.2,61.7,56.2,71.06
athlete_030,2025-04-14,8.63,5.3,415.7,4.3,5.3,64.1,62.9,68.06
athlete_030,2025-04-15,9.14,5.5,163.4,4.8,4.7,64.4,52.2,68.91
athlete_030,2025-04-16,8.67,6.1,268.6,4.1,5.8,64.5,55.4,69.66
athlete_030,2025-04-17,8.69,6.7,215.9,2.6,7.2,64.7,62.4,78.33
athlete_030,2025-04-18,7.7,3.7,457.6,4.3,4.0,66.2,56.5,62.46
athlete_030,2025-04-19,8.54,4.7,287.9,5.2,3.5,63.4,51.5,59.09
athlete_030,2025-04-20,9.05,7.5,59.1,2.9,8.2,64.5,62.8,85.53
athlete_030,2025-04-21,8.98,5.4,207.1,5.2,4.9,64.6,54.7,61.46
athlete_030,2025-04-22,8.66,4.2,120.5,4.9,4.4,62.3,63.3,60.3
athlete_030,2025-04-23,8.63,5.5,191.8,4.9,5.1,65.6,55.9,69.22
athlete_030,2025-04-24,8.37,5.7,110.3,3.9,5.7,62.4,62.7,76.63
athlete_030,2025-04-25,8.81,5.8,208.6,5.2,4.7,64.0,55.6,68.97
athlete_030,2025-04-26,8.03,4.5,158.0,5.2,4.7,61.4,59.1,69.21
athlete_030,2025-04-27,8.88,6.4,31.5,4.6,5.2,63.2,54.9,65.09
athlete_030,2025-04-28,8.44,6.2,399.4,2.9,6.0,58.7,65.4,67.27
athlete_030,2025-04-29,9.45,7.4,169.7,3.1,7.5,63.0,65.7,74.95
athlete_030,2025-04-30,9.56,7.4,334.9,4.6,6.9,61.9,62.6,79.6
athlete_030,2025-05-01,7.8,3.7,209.5,4.3,5.0,62.4,55.0,71.54
athlete_030,2025-05-02,7.81,3.4,403.3,5.6,2.5,64.0,47.1,57.74
athlete_030,2025-05-03,7.96,5.1,261.3,4.9,4.1,64.6,54.9,69.47
athlete_030,2025-05-04,7.55,4.1,45.3,5.5,3.9,67.0,46.1,57.84
athlete_030,2025-05-05,8.58,4.1,373.1,6.2,3.0,65.6,58.6,60.72
athlete_031,2025-01-06,8.41,6.7,260.3,3.4,6.8,46.6,84.8,80.87
athlete_031,2025-01-07,8.24,5.3,129.4,4.8,4.7,49.3,70.3,76.36
athlete_031,2025-01-08,7.96,6.5,205.9,4.4,6.6,49.0,65.7,73.94
athlete_031,2025-01-09,8.27,5.6,149.2,5.1,4.3,49.8,63.8,68.05
athlete_031,2025-01-10,8.16,7.3,249.1,3.2,7.9,48.7,71.1,75.89
athlete_031,2025-01-11,7.99,6.8,226.8,4.1,6.3,47.8,68.8,73.53
athlete_031,2025-01-12,7.33,4.7,44.8,3.5,5.1,50.5,73.6,69.66
athlete_031,2025-01-13,8.12,7.2,337.6,4.0,6.6,47.8,71.5,72.73
athlete_031,2025-01-14,8.0,5.7,102.3,4.3,5.0,50.2,73.5,71.02
athlete_031,2025-01-15,9.05,7.1,253.9,2.6,8.1,45.4,79.7,83.09
athlete_031,2025-01-16,8.07,6.0,152.4,3.7,5.9,49.4,74.3,71.68
athlete_031,2025-01-17,7.9,4.0,222.1,5.0,3.6,51.8,70.7,61.02
athlete_031,2025-01-18,7.64,6.8,185.6,3.4,7.1,50.0,80.5,78.41
athlete_031,2025-01-19,7.94,6.3,31.9,3.8,6.5,48.8,75.4,72.73
athlete_031,2025-01-20,8.65,6.8,272.7,3.5,7.4,48.6,75.9,70.46
athlete_031,2025-01-21,8.41,6.9,142.1,2.8,7.7,45.2,78.6,77.4
athlete_031,2025-01-22,8.53,6.3,246.2,4.3,6.6,50.7,74.1,73.53
athlete_031,2025-01-23,8.11,6.0,137.6,3.2,6.0,50.7,72.5,75.53
athlete_031,2025-01-24,8.35,6.0,341.7,4.8,6.5,49.6,79.7,76.01
athlete_031,2025-01-25,7.0,4.1,240.1,5.3,3.8,54.3,70.0,69.41
athlete_031,2025-01-26,7.93,5.8,39.1,5.0,6.0,51.6,75.3,69.94
athlete_031,2025-01-27,7.55,4.0,168.5,5.4,3.5,49.7,66.2,60.9
athlete_031,2025-01-28,8.68,6.2,86.8,3.8,6.8,47.7,76.4,79.25
athlete_031,2025-01-29,6.82,4.6,131.4,4.9,5.2,48.4,71.0,70.23
athlete_031,2025-01-30,8.48,7.2,67.7,3.4,7.7,47.8,69.6,81.94
athlete_031,2025-01-31,8.19,7.0,171.9,4.1,6.8,48.9,74.1,74.91
athlete_031,2025-02-01,8.62,8.2,119.4,2.3,8.6,47.9,83.3,82.88
athlete_031,2025-02-02,8.71,6.3,24.1,4.3,5.8,46.2,75.8,66.15
athlete_031,2025-02-03,8.12,6.4,275.3,3.8,6.5,44.9,74.9,72.2
athlete_031,2025-02-04,7.89,6.8,102.8,3.1,7.2,47.9,80.1,76.83
athlete_031,2025-02-05,7.66,4.7,240.2,3.7,6.2,47.2,77.7,68.76
athlete_031,2025-02-06,7.77,4.4,107.7,5.0,4.4,44.6,68.5,62.31
athlete_031,2025-02-07,8.09,7.8,294.6,3.4,7.5,48.2,75.6,80.76
athlete_031,2025-02-08,7.83,5.5,205.2,3.5,6.6,48.5,80.6,73.79
athlete_031,2025-02-09,6.89,5.3,39.1,4.7,4.0,50.3,61.8,69.18
athlete_031,2025-02-10,7.67,5.4,221.7,5.4,4.9,50.2,71.8,67.89
athlete_031,2025-02-11,6.8,4.7,114.2,4.7,3.4,50.7,71.5,60.46
athlete_031,2025-02-12,7.24,6.2,223.5,4.9,5.3,49.9,66.8,66.39
athlete_031,2025-02-13,7.96,5.7,122.5,5.2,4.5,52.0,73.2,70.68
athlete_031,2025-02-14,7.92,5.8,247.0,4.0,5.9,46.3,70.2,69.94
athlete_031,2025-02-15,6.97,4.0,229.6,5.6,3.2,54.1,67.2,65.08
athlete_031,2025-02-16,7.26,4.0,34.5,5.6,3.7,52.4,69.0,56.35
athlete_031,2025-02-17,7.31,5.1,274.5,4.9,5.5,50.6,69.9,67.72
athlete_031,2025-02-18,7.94,6.2,132.7,4.2,6.3,47.0,76.2,75.33
athlete_031,2025-02-19,7.3,5.2,320.9,3.9,5.3,50.2,75.3,67.34
athlete_031,2025-02-20,7.84,5.9,122.1,3.4,6.1,52.6,67.9,70.03
athlete_031,2025-02-21,8.53,7.3,307.2,3.9,7.4,48.9,79.6,82.84
athlete_031,2025-02-22,7.17,3.7,210.8,5.6,2.8,55.7,63.2,54.09
athlete_031,2025-02-23,7.63,5.8,33.6,3.7,5.4,50.4,69.4,74.39
athlete_031,2025-02-24,6.69,4.4,194.7,5.6,4.0,54.7,61.1,64.31
athlete_031,2025-02-25,8.1,6.6,74.3,4.4,5.6,51.0,68.1,72.26
athlete_031,2025-02-26,8.07,6.0,167.0,1.9,7.4,44.8,82.0,69.96
athlete_031,2025-02-27,6.54,3.6,82.7,5.9,4.1,53.7,67.1,60.23
athlete_031,2025-02-28,7.66,4.1,197.9,5.2,4.3,48.3,63.0,66.72
athlete_031,2025-03-01,8.69,7.0,120.6,4.0,7.8,47.1,76.7,80.26
athlete_031,2025-03-02,8.25,6.1,20.1,3.8,7.2,46.6,76.5,77.86
athlete_031,2025-03-03,7.87,5.8,247.8,4.4,4.0,48.6,67.1,66.97
athlete_031,2025-03-04,7.83,6.9,111.9,2.5,7.9,47.5,80.6,75.81
athlete_031,2025-03-05,7.78,5.5,247.8,4.4,5.9,50.1,70.8,72.69
athlete_031,2025-03-06,6.88,3.6,136.0,5.6,4.1,49.9,69.6,59.94
athlete_031,2025-03-07,8.24,6.4,379.9,3.6,7.1,48.4,72.8,72.92
athlete_031,2025-03-08,8.81,7.9,151.8,3.7,6.7,45.6,78.3,77.06
athlete_031,2025-03-09,7.95,5.9,29.1,5.4,4.3,50.0,70.0,63.62
athlete_031,2025-03-10,7.86,6.3,304.8,4.6,5.4,47.6,74.7,76.3
athlete_031,2025-03-11,7.25,5.7,139.4,5.4,5.3,54.4,70.1,67.34
athlete_031,2025-03-12,7.17,5.2,201.8,5.2,4.6,52.9,69.5,70.35
athlete_031,2025-03-13,7.09,5.4,147.5,4.1,5.7,50.6,80.9,71.8
athlete_031,2025-03-14,7.15,4.3,296.7,5.2,4.4,52.8,67.2,65.49
athlete_031,2025-03-15,7.49,3.8,212.0,5.5,2.5,50.9,65.9,60.73
athlete_031,2025-03-16,7.0,4.1,36.5,5.5,3.9,53.2,66.1,69.08
athlete_031,2025-03-17,8.46,6.1,222.6,4.6,6.6,51.6,75.7,75.98
athlete_031,2025-03-18,7.07,4.2,167.6,4.6,4.3,51.9,74.0,72.28
athlete_031,2025-03-19,8.05,5.0,238.7,4.6,4.8,49.5,80.9,71.2
athlete_031,2025-03-20,7.25,5.7,128.9,3.6,5.9,48.2,76.9,72.51
athlete_031,2025-03-21,8.3,7.0,313.9,2.9,6.8,50.0,73.0,79.16
athlete_031,2025-03-22,7.25,4.8,247.8,4.1,4.6,48.9,72.1,71.18
athlete_031,2025-03-23,6.27,2.1,38.4,5.5,1.4,54.4,63.3,54.68
athlete_031,2025-03-24,8.16,6.3,166.3,4.2,6.2,49.7,78.3,73.52
athlete_031,2025-03-25,7.26,4.6,84.7,4.8,4.2,51.0,68.4,60.99
athlete_031,2025-03-26,8.06,5.5,91.9,3.8,6.1,50.7,71.2,73.87
athlete_031,2025-03-27,7.08,5.3,106.3,4.3,5.4,51.8,66.1,71.54
athlete_031,2025-03-28,8.26,6.8,164.3,1.8,7.7,48.7,79.5,77.51
athlete_031,2025-03-29,7.49,5.4,124.1,4.1,5.8,47.9,64.3,72.42
athlete_031,2025-03-30,8.06,6.8,21.6,3.3,6.5,46.0,80.4,75.43
athlete_031,2025-03-31,7.35,4.5,261.4,4.4,5.1,46.1,71.6,59.63
athlete_031,2025-04-01,7.78,5.5,118.0,4.5,5.6,46.4,73.1,69.77
athlete_031,2025-04-02,7.8,5.3,230.8,3.5,5.9,49.4,71.4,77.33
athlete_031,2025-04-03,7.93,5.5,154.0,4.7,5.6,47.9,71.8,71.91
athlete_031,2025-04-04,7.6,5.1,297.7,5.2,4.9,47.1,78.7,70.3
athlete_031,2025-04-05,7.77,4.8,183.1,4.2,5.7,45.8,76.4,66.93
athlete_031,2025-04-06,7.28,4.7,35.8,5.3,4.4,52.4,64.3,66.36
athlete_031,2025-04-07,7.56,4.9,335.4,4.7,4.9,53.3,70.0,67.25
athlete_031,2025-04-08,7.57,4.5,147.9,5.6,3.9,50.6,62.7,64.11
athlete_031,2025-04-09,8.29,7.0,214.7,2.9,7.4,49.0,72.6,76.94
athlete_031,2025-04-10,8.65,7.8,157.6,3.7,7.8,48.8,77.0,75.56
athlete_031,2025-04-11,8.91,6.1,268.9,4.7,5.5,52.2,73.1,76.29
athlete_031,2025-04-12,8.37,5.5,251.3,5.0,4.7,49.4,67.1,70.51
athlete_031,2025-04-13,8.59,5.7,36.6,6.2,5.2,50.0,74.0,69.96
athlete_031,2025-04-14,7.18,3.8,311.0,5.0,4.0,51.0,68.4,63.76
athlete_031,2025-04-15,8.65,6.9,109.1,2.6,7.0,47.5,75.5,74.55
athlete_031,2025-04-16,8.27,6.7,279.8,4.1,6.4,49.7,76.7,79.55
athlete_031,2025-04-17,7.11,4.4,164.4,5.5,3.9,48.7,72.7,62.56
athlete_031,2025-04-18,7.7,6.5,250.1,4.4,5.0,51.8,69.4,62.6
athlete_031,2025-04-19,8.27,6.4,185.8,3.4,6.6,49.2,71.2,70.18
athlete_031,2025-04-20,7.49,5.1,37.0,5.2,4.8,47.5,62.8,70.66
athlete_031,2025-04-21,6.65,2.9,157.0,6.3,2.2,52.5,67.2,54.26
athlete_031,2025-04-22,7.72,5.8,83.0,4.2,5.8,48.6,73.1,68.58
athlete_031,2025-04-23,8.03,5.0,125.0,3.7,5.0,49.8,75.2,75.81
athlete_031,2025-04-24,9.1,8.7,84.7,2.7,8.6,44.6,79.4,76.36
athlete_031,2025-04-25,8.17,5.9,175.2,4.6,6.4,50.0,70.3,69.45
athlete_031,2025-04-26,7.72,5.7,110.0,3.4,5.9,47.5,76.1,73.03
athlete_031,2025-04-27,8.26,6.1,18.3,4.3,5.7,46.6,76.8,71.44
athlete_031,2025-04-28,6.87,2.2,255.9,5.8,2.0,48.9,63.5,50.2
athlete_031,2025-04-29,8.7,7.2,111.1,3.0,8.0,48.3,79.2,78.61
athlete_031,2025-04-30,7.46,5.5,270.0,4.3,5.6,48.8,72.6,72.64
athlete_031,2025-05-01,8.34,6.5,101.4,3.9,7.2,46.6,66.9,75.01
athlete_031,2025-05-02,7.33,3.3,321.4,4.8,4.0,49.2,70.9,60.3
athlete_031,2025-05-03,8.33,5.9,196.8,4.7,5.9,50.5,73.7,69.01
athlete_031,2025-05-04,7.74,4.8,21.5,4.4,5.0,47.3,70.3,68.34
athlete_031,2025-05-05,8.87,7.5,198.6,2.6,7.9,47.0,74.3,78.97
athlete_032,2025-01-06,6.99,5.7,298.2,3.4,6.1,49.9,92.4,70.23
athlete_032,2025-01-07,7.59,7.6,147.1,2.2,8.3,51.6,86.6,76.5
athlete_032,2025-01-08,6.78,5.3,260.8,4.8,5.3,56.0,88.1,71.78
athlete_032,2025-01-09,5.74,2.3,145.4,6.2,1.0,57.3,76.7,54.16
athlete_032,2025-01-10,7.06,4.4,278.1,5.0,4.7,52.5,78.3,67.14
athlete_032,2025-01-11,6.33,6.0,186.4,4.5,6.2,55.6,82.7,74.32
athlete_032,2025-01-12,7.71,6.7,35.7,4.1,6.1,51.7,91.4,67.32
athlete_032,2025-01-13,7.44,7.8,320.1,3.2,8.5,49.0,87.0,80.93
athlete_032,2025-01-14,6.5,4.5,133.9,6.2,4.2,57.6,81.8,59.65
athlete_032,2025-01-15,6.57,5.4,285.4,4.2,5.7,53.4,89.2,66.64
athlete_032,2025-01-16,6.27,4.5,131.1,4.1,5.2,53.0,80.5,64.36
athlete_032,2025-01-17,7.32,6.5,210.0,2.6,7.9,49.3,94.4,77.44
athlete_032,2025-01-18,6.38,5.8,217.3,3.8,5.7,54.2,76.2,70.55
athlete_032,2025-01-19,7.72,5.8,35.9,5.8,4.4,52.9,81.3,62.65
athlete_032,2025-01-20,7.49,6.2,317.9,5.8,5.5,49.6,75.4,74.06
athlete_032,2025-01-21,7.82,7.4,152.8,3.8,6.9,53.5,80.1,81.44
athlete_032,2025-01-22,6.81,5.2,277.1,5.1,4.1,56.1,78.8,63.78
athlete_032,2025-01-23,7.71,7.2,156.8,2.7,7.7,52.3,80.9,82.44
athlete_032,2025-01-24,7.45,7.1,329.2,4.3,7.3,53.4,86.6,78.17
athlete_032,2025-01-25,6.59,4.7,200.2,5.7,4.8,55.4,81.9,65.85
athlete_032,2025-01-26,7.72,6.7,47.2,4.4,6.2,51.6,91.6,70.98
athlete_032,2025-01-27,7.55,6.2,143.4,5.4,5.1,51.9,82.3,65.32
athlete_032,2025-01-28,6.62,5.4,76.0,4.4,5.5,49.7,89.2,71.61
athlete_032,2025-01-29,6.35,4.5,150.2,4.3,5.6,51.3,83.2,68.74
athlete_032,2025-01-30,7.03,5.8,78.6,3.8,5.8,51.1,88.9,68.61
athlete_032,2025-01-31,7.67,7.4,197.0,4.3,6.7,49.1,87.6,69.99
athlete_032,2025-02-01,6.97,5.6,113.0,3.5,5.5,51.0,95.2,74.19
athlete_032,2025-02-02,6.12,5.6,22.0,3.1,7.4,48.4,89.2,67.12
athlete_032,2025-02-03,6.0,4.1,310.6,3.4,4.5,51.2,87.0,63.46
athlete_032,2025-02-04,6.6,5.2,143.2,4.9,5.3,54.4,85.6,68.24
athlete_032,2025-02-05,6.55,5.8,234.2,4.3,5.7,49.9,81.8,71.39
athlete_032,2025-02-06,6.72,4.4,153.4,5.6,4.2,53.4,79.8,60.23
athlete_032,2025-02-07,6.75,4.2,278.3,5.7,3.5,53.4,72.5,67.66
athlete_032,2025-02-08,6.85,6.5,172.7,3.2,6.1,54.6,87.1,72.95
athlete_032,2025-02-09,7.06,6.0,43.2,4.2,6.5,49.8,87.9,65.22
athlete_032,2025-02-10,7.57,6.4,240.4,3.4,6.6,51.9,86.5,76.2
athlete_032,2025-02-11,7.13,6.0,141.3,4.3,6.7,52.0,82.8,70.89
athlete_032,2025-02-12,7.56,7.8,289.5,3.6,7.1,50.9,84.4,76.53
athlete_032,2025-02-13,6.68,6.4,155.0,4.6,6.2,53.0,80.0,73.76
athlete_032,2025-02-14,6.71,4.3,349.1,6.3,3.5,52.0,75.1,57.36
athlete_032,2025-02-15,7.28,5.7,171.2,4.8,5.8,55.1,84.4,77.39
athlete_032,2025-02-16,6.5,4.7,49.0,5.3,4.8,56.6,77.1,64.42
athlete_032,2025-02-17,6.41,5.1,307.8,3.5,6.3,54.4,81.6,69.0
athlete_032,2025-02-18,7.23,5.9,124.9,4.8,5.6,53.5,88.4,68.39
athlete_032,2025-02-19,6.44,4.3,225.2,5.6,4.0,56.3,86.3,63.19
athlete_032,2025-02-20,6.83,5.4,156.2,4.0,6.1,54.1,83.5,70.47
athlete_032,2025-02-21,6.69,4.7,298.9,5.6,4.3,54.6,84.7,69.33
athlete_032,2025-02-22,6.83,5.5,215.3,5.5,4.5,55.9,76.8,69.19
athlete_032,2025-02-23,6.72,5.7,44.3,5.7,4.4,53.2,74.8,69.61
athlete_032,2025-02-24,6.27,5.7,146.9,3.1,6.3,50.0,86.2,69.33
athlete_032,2025-02-25,6.55,5.1,71.1,4.3,5.7,53.0,85.7,69.87
athlete_032,2025-02-26,7.3,5.9,128.4,4.4,5.4,51.2,94.0,72.07
athlete_032,2025-02-27,7.02,5.8,99.2,3.6,6.2,50.8,90.0,82.86
athlete_032,2025-02-28,7.07,5.5,166.7,5.2,4.9,54.8,77.7,64.34
athlete_032,2025-03-01,6.6,4.5,118.3,3.5,5.2,51.9,85.6,70.92
athlete_032,2025-03-02,8.83,9.0,23.2,3.5,8.4,52.7,90.7,76.65
athlete_032,2025-03-03,8.93,8.3,261.6,2.9,8.7,47.6,88.8,76.27
athlete_032,2025-03-04,7.34,5.9,144.7,2.3,6.9,48.6,89.4,73.2
athlete_032,2025-03-05,6.8,4.3,264.5,5.9,4.1,53.4,79.9,64.12
athlete_032,2025-03-06,7.27,6.5,115.2,5.3,5.0,52.2,83.8,68.77
athlete_032,2025-03-07,7.31,6.5,297.8,3.6,6.7,50.6,91.5,74.93
athlete_032,2025-03-08,6.55,5.4,165.9,5.0,3.9,51.7,82.5,67.29
athlete_032,2025-03-09,6.52,4.3,34.8,4.8,4.7,52.5,82.5,66.4
athlete_032,2025-03-10,6.79,4.4,253.9,5.9,3.6,54.6,81.2,61.78
athlete_032,2025-03-11,5.48,3.9,153.0,6.0,3.9,55.2,77.8,51.88
athlete_032,2025-03-12,6.32,3.5,273.1,5.5,3.2,56.9,73.4,64.25
athlete_032,2025-03-13,6.66,5.3,156.3,5.0,4.8,52.4,79.4,61.32
athlete_032,2025-03-14,7.62,7.6,319.2,2.2,7.9,49.4,84.7,81.75
athlete_032,2025-03-15,7.14,6.3,220.2,3.7,6.2,53.0,80.9,75.1
athlete_032,2025-03-16,7.7,6.4,39.7,5.1,5.6,51.7,80.5,64.89
athlete_032,2025-03-17,7.51,5.2,288.5,4.7,5.1,52.8,83.7,69.13
athlete_032,2025-03-18,7.3,6.7,142.8,5.9,4.7,54.1,79.3,65.71
athlete_032,2025-03-19,7.11,5.0,282.9,5.3,4.3,52.8,88.3,71.06
athlete_032,2025-03-20,6.39,4.7,163.9,4.0,5.7,53.9,79.2,67.76
athlete_032,2025-03-21,7.67,5.9,339.0,5.1,5.1,53.7,77.7,72.75
athlete_032,2025-03-22,6.68,3.9,227.3,6.9,2.1,57.0,71.0,52.89
athlete_032,2025-03-23,7.55,6.2,39.2,4.6,4.5,51.4,89.1,68.6
athlete_032,2025-03-24,7.19,5.9,173.3,4.5,4.7,53.8,81.2,68.21
athlete_032,2025-03-25,7.75,7.9,70.8,3.7,7.5,53.0,90.6,81.4
athlete_032,2025-03-26,6.09,4.3,153.1,6.0,2.9,52.4,81.0,56.27
athlete_032,2025-03-27,7.17,7.4,74.6,4.2,7.0,51.5,88.1,77.24
athlete_032,2025-03-28,6.22,3.0,179.3,5.0,3.8,53.9,75.0,59.46
athlete_032,2025-03-29,6.49,4.1,109.3,6.4,3.8,55.3,82.1,56.97
athlete_032,2025-03-30,6.66,5.7,23.4,3.4,6.4,47.6,90.3,69.65
athlete_032,2025-03-31,7.81,6.5,267.9,3.3,6.5,48.7,89.4,72.67
athlete_032,2025-04-01,7.63,8.1,119.0,2.6,8.3,49.5,90.0,78.32
athlete_032,2025-04-02,5.84,5.1,270.2,4.0,4.0,53.8,85.2,65.13
athlete_032,2025-04-03,7.01,6.1,157.4,4.6,5.9,52.6,88.0,71.32
athlete_032,2025-04-04,6.46,5.2,314.7,3.9,6.1,53.4,86.9,70.3
athlete_032,2025-04-05,7.15,5.0,197.2,4.1,4.8,52.7,94.1,69.01
athlete_032,2025-04-06,6.26,4.8,37.1,5.1,4.8,53.1,75.3,67.33
athlete_032,2025-04-07,6.74,4.6,252.9,3.9,5.0,53.6,86.9,68.04
athlete_032,2025-04-08,6.16,4.8,138.7,4.6,4.4,51.6,83.6,61.09
athlete_032,2025-04-09,7.01,5.2,247.9,4.3,5.8,53.1,84.6,70.59
athlete_032,2025-04-10,6.35,5.5,138.5,3.3,6.0,53.6,81.1,70.36
athlete_032,2025-04-11,5.52,4.1,324.2,5.2,3.5,55.3,76.1,61.75
athlete_032,2025-04-12,6.69,4.9,198.6,3.8,6.3,55.2,83.4,71.91
athlete_032,2025-04-13,7.0,6.1,39.9,3.6,6.5,51.1,83.5,74.07
athlete_032,2025-04-14,7.23,5.6,251.6,4.5,4.2,51.4,85.6,67.45
athlete_032,2025-04-15,7.91,8.1,171.4,2.1,9.4,47.5,92.6,79.52
athlete_032,2025-04-16,7.48,5.9,238.5,4.4,5.7,52.5,82.1,74.45
athlete_032,2025-04-17,6.99,5.3,158.3,4.1,6.5,51.0,88.1,65.38
athlete_032,2025-04-18,6.09,3.9,334.5,5.2,4.8,53.8,85.6,61.64
athlete_032,2025-04-19,7.03,6.0,182.7,5.4,4.8,52.7,83.0,69.82
athlete_032,2025-04-20,6.78,4.4,38.9,6.3,2.9,54.9,78.6,67.38
athlete_032,2025-04-21,7.38,7.5,201.3,4.2,6.6,54.1,83.9,68.55
athlete_032,2025-04-22,7.39,6.1,88.3,5.5,5.2,53.8,79.0,66.27
athlete_032,2025-04-23,7.43,7.4,156.1,3.5,7.7,51.7,88.3,83.71
athlete_032,2025-04-24,7.74,6.9,87.0,4.6,6.8,48.3,83.5,72.61
athlete_032,2025-04-25,6.31,3.6,206.7,5.8,4.0,53.4,78.3,58.48
athlete_032,2025-04-26,7.19,5.8,136.0,5.3,5.1,52.4,89.6,71.85
athlete_032,2025-04-27,7.27,6.8,21.6,2.2,8.1,49.0,88.2,80.81
athlete_032,2025-04-28,6.59,5.8,262.4,3.4,6.0,52.9,91.5,77.39
athlete_032,2025-04-29,6.48,4.9,124.6,3.1,5.6,51.5,85.4,66.78
athlete_032,2025-04-30,7.78,8.3,206.0,3.1,7.8,53.1,91.6,76.66
athlete_032,2025-05-01,7.28,7.4,155.0,3.9,6.7,51.7,94.3,76.77
athlete_032,2025-05-02,7.63,7.9,295.0,3.3,6.6,54.4,89.4,78.04
athlete_032,2025-05-03,7.09,5.5,219.3,4.3,6.3,52.5,87.4,67.02
athlete_032,2025-05-04,8.23,8.3,33.4,3.1,8.1,47.3,89.0,77.29
athlete_032,2025-05-05,6.91,4.8,321.6,5.2,4.3,52.3,82.0,65.46
athlete_033,2025-01-06,7.31,6.4,391.0,3.6,7.6,49.9,80.4,76.75
athlete_033,2025-01-07,6.96,6.7,153.4,5.4,5.3,55.8,62.4,76.63
athlete_033,2025-01-08,5.78,4.6,372.9,5.5,2.9,60.8,62.1,66.82
athlete_033,2025-01-09,5.64,3.0,195.6,5.7,2.9,60.7,65.4,69.47
athlete_033,2025-01-10,6.76,5.3,390.7,5.5,4.0,55.0,67.0,73.65
athlete_033,2025-01-11,6.24,4.2,248.6,5.1,4.5,58.1,66.0,66.92
athlete_033,2025-01-12,6.47,6.3,38.0,3.7,6.8,57.9,63.8,83.52
athlete_033,2025-01-13,6.26,5.2,299.9,3.2,5.0,53.9,70.0,68.93
athlete_033,2025-01-14,5.76,3.3,183.8,4.6,3.7,56.8,62.1,61.85
athlete_033,2025-01-15,7.19,7.4,356.5,2.4,7.5,53.5,72.2,82.45
athlete_033,2025-01-16,6.92,5.5,164.4,4.1,4.5,56.0,65.6,71.27
athlete_033,2025-01-17,6.87,4.9,394.8,4.2,4.9,53.1,67.2,77.36
athlete_033,2025-01-18,7.61,6.9,284.2,4.0,5.8,52.0,59.4,80.23
athlete_033,2025-01-19,7.64,7.6,53.8,2.7,8.5,54.7,77.4,87.66
athlete_033,2025-01-20,7.47,5.7,411.8,3.9,6.7,53.2,73.6,77.17
athlete_033,2025-01-21,7.49,5.9,208.4,4.3,5.1,55.5,69.7,75.41
athlete_033,2025-01-22,6.26,5.4,393.4,3.6,6.8,52.3,73.6,82.06
athlete_033,2025-01-23,7.29,5.1,203.5,6.1,3.7,58.8,62.2,63.72
athlete_033,2025-01-24,6.65,5.2,414.6,4.4,5.8,54.9,67.0,71.81
athlete_033,2025-01-25,6.98,5.4,318.5,5.0,5.2,55.3,67.5,71.76
athlete_033,2025-01-26,7.27,6.6,42.8,4.6,5.7,57.2,69.5,77.34
athlete_033,2025-01-27,6.98,5.7,187.3,3.9,5.1,54.7,64.5,78.21
athlete_033,2025-01-28,7.15,5.7,94.7,3.5,6.0,54.8,67.6,74.43
athlete_033,2025-01-29,7.05,6.8,195.0,3.7,6.6,52.0,69.2,84.58
athlete_033,2025-01-30,6.68,5.8,113.6,5.0,4.6,54.6,70.9,66.38
athlete_033,2025-01-31,8.12,6.0,259.2,5.0,5.1,53.8,68.5,73.05
athlete_033,2025-02-01,7.14,6.8,170.1,3.5,7.1,54.3,75.2,80.39
athlete_033,2025-02-02,6.39,5.1,26.7,4.1,5.1,51.0,70.8,70.28
athlete_033,2025-02-03,7.2,5.2,326.2,2.9,6.8,47.8,78.7,74.69
athlete_033,2025-02-04,6.79,5.4,189.6,3.5,6.0,55.4,73.4,78.56
athlete_033,2025-02-05,7.35,6.5,240.1,3.6,7.0,55.8,71.4,83.13
athlete_033,2025-02-06,6.72,4.1,188.4,4.5,4.9,54.3,71.2,72.59
athlete_033,2025-02-07,7.91,6.6,413.6,3.5,6.7,52.1,76.5,83.86
athlete_033,2025-02-08,6.71,4.8,251.6,4.8,3.3,58.8,64.4,66.66
athlete_033,2025-02-09,7.47,6.9,47.0,4.4,5.6,53.3,64.7,77.03
athlete_033,2025-02-10,7.75,7.0,302.8,4.2,6.6,53.3,68.3,79.37
athlete_033,2025-02-11,7.22,5.7,183.4,5.2,5.6,55.5,66.6,72.01
athlete_033,2025-02-12,6.4,3.7,316.1,5.5,2.6,54.8,70.9,66.77
athlete_033,2025-02-13,6.68,5.8,179.7,4.6,6.2,54.8,71.7,77.02
athlete_033,2025-02-14,7.09,4.9,372.2,5.0,4.4,55.6,66.9,69.74
athlete_033,2025-02-15,6.38,5.0,254.8,5.9,4.0,57.0,59.9,65.21
athlete_033,2025-02-16,7.36,7.0,52.2,4.5,5.8,51.3,68.4,85.38
athlete_033,2025-02-17,8.42,7.6,369.9,3.2,7.8,49.1,71.7,85.24
athlete_033,2025-02-18,6.98,6.5,168.0,4.2,6.0,54.9,67.5,80.45
athlete_033,2025-02-19,7.71,6.8,408.0,3.5,7.5,50.5,66.3,87.49
athlete_033,2025-02-20,5.87,4.6,189.8,4.7,4.5,56.1,59.8,65.8
athlete_033,2025-02-21,7.23,5.9,434.7,3.8,6.9,50.6,73.6,78.0
athlete_033,2025-02-22,6.95,6.3,298.1,5.4,5.3,57.3,64.0,72.91
athlete_033,2025-02-23,6.83,3.7,44.4,6.1,2.5,55.6,67.0,62.33
athlete_033,2025-02-24,7.49,7.2,290.4,4.5,7.6,53.0,70.7,83.37
athlete_033,2025-02-25,7.97,7.1,135.1,4.1,6.8,52.8,74.5,80.96
athlete_033,2025-02-26,6.77,6.4,202.5,3.0,7.0,55.0,72.7,82.25
athlete_033,2025-02-27,6.93,6.1,128.0,3.0,5.9,52.8,65.6,78.21
athlete_033,2025-02-28,6.63,5.7,257.6,4.0,5.8,53.3,72.9,72.88
athlete_033,2025-03-01,6.15,4.4,190.4,5.5,3.7,54.9,68.0,71.97
athlete_033,2025-03-02,7.21,7.2,32.8,3.2,7.8,50.0,71.9,82.47
athlete_033,2025-03-03,8.05,8.6,287.9,3.6,7.9,50.3,72.3,90.77
athlete_033,2025-03-04,7.24,4.8,186.9,5.4,4.3,52.2,67.2,68.67
athlete_033,2025-03-05,6.91,6.2,287.9,4.7,5.7,54.1,67.5,70.73
athlete_033,2025-03-06,7.36,6.0,133.8,4.9,6.0,53.2,65.4,78.36
athlete_033,2025-03-07,6.7,4.8,383.4,4.2,4.9,54.0,68.2,79.15
athlete_033,2025-03-08,7.05,6.0,260.9,2.4,7.2,52.3,68.5,80.38
athlete_033,2025-03-09,6.78,5.2,43.7,4.8,5.2,54.2,68.3,74.58
athlete_033,2025-03-10,7.16,7.6,423.2,3.9,6.5,53.1,71.5,78.29
athlete_033,2025-03-11,7.08,5.6,176.0,5.3,5.0,56.7,63.7,73.48
athlete_033,2025-03-12,6.41,4.3,329.0,4.3,4.6,55.4,69.5,72.13
athlete_033,2025-03-13,6.77,4.9,177.7,5.2,3.7,56.8,69.1,70.6
athlete_033,2025-03-14,5.08,3.2,344.2,4.9,2.8,58.0,62.6,72.25
athlete_033,2025-03-15,6.78,4.3,313.7,4.4,4.8,55.9,63.2,75.79
athlete_033,2025-03-16,7.72,6.8,48.2,3.9,6.7,53.7,68.5,79.48
athlete_033,2025-03-17,7.57,6.4,328.3,5.8,4.7,56.8,73.5,70.86
athlete_033,2025-03-18,6.64,4.5,177.5,4.9,4.9,55.0,67.2,72.42
athlete_033,2025-03-19,7.68,6.4,262.0,4.8,5.9,55.9,68.1,75.06
athlete_033,2025-03-20,7.2,5.5,197.7,4.3,6.0,51.5,72.0,77.35
athlete_033,2025-03-21,7.09,5.7,453.1,4.3,6.8,53.9,70.8,81.23
athlete_033,2025-03-22,5.34,3.3,307.6,5.7,2.8,59.4,61.3,61.2
athlete_033,2025-03-23,7.52,7.4,48.3,4.1,6.2,57.3,67.5,76.65
athlete_033,2025-03-24,6.79,6.3,193.2,3.7,7.2,52.9,73.8,81.67
athlete_033,2025-03-25,6.88,6.2,120.8,3.2,6.3,53.1,77.4,77.74
athlete_033,2025-03-26,6.47,5.0,189.4,3.8,5.2,53.0,75.5,77.74
athlete_033,2025-03-27,7.2,6.6,132.4,3.7,6.3,53.2,72.9,81.53
athlete_033,2025-03-28,7.01,6.3,219.4,4.4,5.8,56.8,67.7,71.7
athlete_033,2025-03-29,6.78,5.5,191.6,4.3,6.1,53.6,67.9,78.75
athlete_033,2025-03-30,6.73,5.7,31.4,3.4,6.0,53.1,75.0,79.72
athlete_033,2025-03-31,7.28,5.9,313.6,3.1,7.7,49.4,80.9,88.63
athlete_033,2025-04-01,6.76,5.1,179.0,4.7,5.5,54.9,74.7,71.67
athlete_033,2025-04-02,6.94,7.0,323.2,3.4,7.7,50.5,80.3,81.12
athlete_033,2025-04-03,6.72,5.6,186.7,3.9,5.7,53.1,67.1,71.55
athlete_033,2025-04-04,8.09,7.8,313.9,3.2,8.0,52.9,75.1,89.73
athlete_033,2025-04-05,6.51,4.7,275.2,6.1,3.7,57.4,61.2,62.07
athlete_033,2025-04-06,6.71,5.1,45.6,4.5,5.9,55.2,65.7,77.05
athlete_033,2025-04-07,7.34,6.1,336.8,4.9,6.2,52.5,77.4,73.46
athlete_033,2025-04-08,6.9,4.9,182.7,4.4,4.8,54.4,66.3,74.41
athlete_033,2025-04-09,7.38,5.7,305.6,4.3,5.2,52.9,66.0,75.93
athlete_033,2025-04-10,7.34,6.4,209.4,4.0,7.1,51.4,71.7,73.74
athlete_033,2025-04-11,6.07,4.8,482.6,4.1,5.1,56.3,66.5,80.88
athlete_033,2025-04-12,6.86,4.2,282.3,7.8,2.3,59.3,58.9,65.17
athlete_033,2025-04-13,7.78,7.5,46.3,3.7,7.8,51.5,72.3,86.31
athlete_033,2025-04-14,6.67,5.1,358.0,5.5,3.7,54.4,50.9,71.1
athlete_033,2025-04-15,7.31,5.5,182.2,5.4,3.8,54.7,59.8,66.34
athlete_033,2025-04-16,6.61,4.8,362.3,4.4,5.1,53.8,71.1,77.38
athlete_033,2025-04-17,6.44,4.4,150.1,5.3,4.1,58.5,63.7,66.27
athlete_033,2025-04-18,7.12,6.5,409.3,3.3,6.3,55.9,67.9,77.44
athlete_033,2025-04-19,5.81,3.8,279.8,4.0,4.7,55.8,65.4,74.13
athlete_033,2025-04-20,7.36,6.6,48.2,3.3,7.2,53.0,76.3,82.15
athlete_033,2025-04-21,6.31,3.9,224.4,5.4,3.6,55.5,61.3,68.44
athlete_033,2025-04-22,7.89,7.5,104.4,4.1,7.8,52.7,73.2,81.54
athlete_033,2025-04-23,7.1,6.1,169.2,4.6,4.9,55.1,67.5,72.86
athlete_033,2025-04-24,6.12,5.2,122.9,3.2,6.0,51.6,65.7,74.54
athlete_033,2025-04-25,7.25,6.1,275.9,4.3,6.5,52.1,69.7,80.96
athlete_033,2025-04-26,6.53,6.3,133.6,3.1,7.2,49.9,74.8,81.4
athlete_033,2025-04-27,6.85,4.4,27.1,5.0,5.1,51.1,64.6,76.74
athlete_033,2025-04-28,6.32,4.6,401.3,3.5,6.3,50.5,72.1,79.36
athlete_033,2025-04-29,6.75,7.0,159.8,2.2,7.6,51.9,73.4,80.89
athlete_033,2025-04-30,7.5,5.2,264.1,6.0,4.4,51.6,69.1,73.76
athlete_033,2025-05-01,7.85,7.0,204.2,3.3,7.6,52.9,73.7,75.28
athlete_033,2025-05-02,7.1,6.9,403.3,3.7,6.6,52.1,68.0,78.42
athlete_033,2025-05-03,6.91,5.7,229.3,4.8,5.2,53.7,64.6,73.65
athlete_033,2025-05-04,7.16,5.5,45.1,4.1,5.6,53.6,69.5,80.07
athlete_033,2025-05-05,7.02,5.9,314.0,2.4,7.7,47.6,79.8,85.36
athlete_034,2025-01-06,8.76,7.2,294.4,3.6,7.9,47.6,85.2,78.73
athlete_034,2025-01-07,7.97,5.3,140.5,3.8,6.0,56.1,70.5,78.33
athlete_034,2025-01-08,7.6,5.6,221.8,4.5,5.3,56.7,70.4,69.95
athlete_034,2025-01-09,8.08,6.6,183.7,3.7,7.1,56.0,73.8,69.21
athlete_034,2025-01-10,7.2,4.1,268.0,4.9,4.4,56.0,67.9,69.09
athlete_034,2025-01-11,6.82,4.0,220.8,5.3,4.4,59.8,72.0,63.46
athlete_034,2025-01-12,8.21,7.1,42.8,4.0,7.5,53.9,68.4,79.02
athlete_034,2025-01-13,6.77,4.7,306.4,3.8,5.3,54.3,73.4,56.7
athlete_034,2025-01-14,8.01,5.8,157.2,4.2,5.9,54.8,75.7,73.85
athlete_034,2025-01-15,7.1,3.9,279.1,5.7,3.8,59.5,69.1,63.77
athlete_034,2025-01-16,7.92,4.5,157.5,5.1,4.9,56.2,69.0,73.93
athlete_034,2025-01-17,7.5,5.4,396.8,4.5,6.1,54.2,80.9,73.05
athlete_034,2025-01-18,7.24,3.7,256.9,4.1,4.5,56.5,71.0,67.22
athlete_034,2025-01-19,6.84,4.6,42.8,5.1,4.9,56.4,71.3,70.93
athlete_034,2025-01-20,8.26,5.3,330.3,4.5,4.6,53.6,73.5,68.62
athlete_034,2025-01-21,7.75,6.2,149.4,4.4,5.5,56.7,72.8,71.75
athlete_034,2025-01-22,6.49,2.5,281.8,6.6,2.1,56.9,66.5,55.42
athlete_034,2025-01-23,8.24,6.8,187.9,4.7,5.6,52.0,76.3,74.07
athlete_034,2025-01-24,7.09,5.3,336.4,4.6,4.4,54.8,73.2,68.16
athlete_034,2025-01-25,6.38,2.4,292.4,6.7,1.9,58.6,72.2,61.09
athlete_034,2025-01-26,7.0,4.7,43.9,3.3,5.8,59.2,74.3,66.44
athlete_034,2025-01-27,7.03,4.3,176.2,5.1,4.4,55.4,72.9,68.83
athlete_034,2025-01-28,8.46,6.3,96.8,3.9,5.7,54.8,70.3,81.18
athlete_034,2025-01-29,7.29,4.2,171.1,4.6,5.4,54.9,72.7,71.99
athlete_034,2025-01-30,8.3,5.6,96.9,4.0,6.2,50.5,79.8,68.35
athlete_034,2025-01-31,7.42,5.2,143.2,4.8,4.7,54.6,73.1,67.71
athlete_034,2025-02-01,7.78,6.3,144.9,3.6,6.3,54.5,73.0,71.57
athlete_034,2025-02-02,7.9,6.9,23.9,4.8,6.1,53.9,75.3,71.47
athlete_034,2025-02-03,8.06,6.3,307.1,2.6,7.1,53.0,74.4,69.17
athlete_034,2025-02-04,6.96,5.4,148.7,3.6,6.4,50.0,75.0,77.44
athlete_034,2025-02-05,8.57,7.6,207.4,3.6,7.3,54.9,87.8,80.32
athlete_034,2025-02-06,8.2,5.8,147.9,2.3,7.2,51.2,75.4,74.44
athlete_034,2025-02-07,7.36,4.6,242.4,4.8,4.9,53.5,77.2,65.96
athlete_034,2025-02-08,8.4,6.3,168.3,6.6,4.8,55.1,69.7,65.69
athlete_034,2025-02-09,7.5,4.1,34.0,5.6,2.6,57.1,69.9,58.3
athlete_034,2025-02-10,7.9,6.5,291.2,4.3,6.8,53.9,73.8,78.15
athlete_034,2025-02-11,7.48,4.4,144.7,4.6,4.5,58.6,71.6,62.14
athlete_034,2025-02-12,8.99,8.7,293.8,3.1,8.3,53.4,80.7,82.72
athlete_034,2025-02-13,8.28,5.6,169.9,4.6,4.8,57.3,73.3,71.18
athlete_034,2025-02-14,7.88,5.1,340.5,2.8,6.3,52.6,75.3,71.47
athlete_034,2025-02-15,8.6,5.4,214.3,5.9,3.5,58.0,73.4,63.46
athlete_034,2025-02-16,7.07,4.5,25.8,5.0,3.9,60.5,76.4,61.59
athlete_034,2025-02-17,8.55,8.6,375.7,3.4,8.6,54.6,82.2,80.98
athlete_034,2025-02-18,8.62,6.2,161.0,3.9,6.0,55.6,80.5,71.71
athlete_034,2025-02-19,8.0,5.5,277.0,3.8,6.2,53.7,76.8,72.38
athlete_034,2025-02-20,7.25,5.6,136.2,5.7,4.3,57.0,69.8,67.58
athlete_034,2025-02-21,8.53,6.6,480.9,4.2,6.9,56.8,68.7,77.01
athlete_034,2025-02-22,7.56,4.0,232.7,5.8,3.7,54.2,74.8,61.8
athlete_034,2025-02-23,7.13,4.4,39.7,6.2,3.7,57.5,63.2,66.54
athlete_034,2025-02-24,7.77,5.7,168.4,4.7,4.9,59.3,71.1,68.59
athlete_034,2025-02-25,8.21,7.1,77.8,2.8,7.1,53.1,78.5,79.19
athlete_034,2025-02-26,7.92,5.9,162.6,4.6,5.7,56.8,76.6,65.96
athlete_034,2025-02-27,7.98,5.3,107.7,3.7,6.2,56.7,68.6,73.96
athlete_034,2025-02-28,7.66,3.2,147.5,6.3,3.7,55.9,72.0,61.56
athlete_034,2025-03-01,7.88,4.0,92.5,5.2,3.9,55.1,75.8,62.3
athlete_034,2025-03-02,8.24,7.1,22.2,3.3,7.9,48.2,81.2,78.17
athlete_034,2025-03-03,8.48,6.2,281.3,4.6,6.7,52.5,80.9,68.48
athlete_034,2025-03-04,7.24,3.9,123.6,4.1,5.6,52.5,76.8,66.16
athlete_034,2025-03-05,7.51,5.0,253.3,4.0,4.9,54.3,71.6,68.01
athlete_034,2025-03-06,8.07,5.8,160.2,2.8,6.9,51.6,81.9,82.24
athlete_034,2025-03-07,8.09,5.7,305.8,5.0,5.1,52.6,74.1,68.1
athlete_034,2025-03-08,7.58,5.2,222.6,3.2,5.6,53.7,73.5,72.56
athlete_034,2025-03-09,7.13,4.2,36.5,4.6,3.1,58.9,69.8,64.77
athlete_034,2025-03-10,7.71,5.8,284.1,4.5,6.1,54.9,73.1,64.55
athlete_034,2025-03-11,7.01,4.6,124.9,3.7,5.3,54.0,77.3,69.2
athlete_034,2025-03-12,8.5,7.6,257.6,3.4,7.4,51.5,83.8,76.93
athlete_034,2025-03-13,7.62,4.9,171.2,5.0,4.4,57.6,70.3,73.39
athlete_034,2025-03-14,8.43,6.9,272.0,4.1,6.5,55.9,71.4,74.5
athlete_034,2025-03-15,7.57,5.1,292.0,5.3,4.1,56.5,73.6,71.48
athlete_034,2025-03-16,7.22,4.7,34.1,4.9,4.2,57.8,65.4,60.4
athlete_034,2025-03-17,8.19,6.4,314.3,3.0,7.0,54.7,82.3,80.58
athlete_034,2025-03-18,8.73,7.0,181.3,3.7,7.0,52.3,78.6,72.54
athlete_034,2025-03-19,7.58,5.5,245.4,6.0,3.4,56.4,66.8,68.38
athlete_034,2025-03-20,7.38,5.8,178.0,4.3,5.3,55.3,72.4,69.15
athlete_034,2025-03-21,8.12,7.1,361.8,3.1,8.1,53.9,80.8,83.26
athlete_034,2025-03-22,7.86,5.2,224.9,4.9,6.0,55.9,69.5,69.34
athlete_034,2025-03-23,8.83,6.9,47.9,3.9,7.0,54.2,70.7,81.19
athlete_034,2025-03-24,6.78,4.2,157.2,5.6,3.9,56.8,73.4,67.64
athlete_034,2025-03-25,7.85,5.1,100.7,4.1,6.0,53.8,82.3,69.0
athlete_034,2025-03-26,8.23,6.4,190.6,4.5,6.3,54.8,68.9,65.8
athlete_034,2025-03-27,8.28,6.4,107.3,4.2,6.2,55.5,76.7,75.63
athlete_034,2025-03-28,6.97,4.1,234.4,4.8,3.9,56.5,76.4,73.29
athlete_034,2025-03-29,7.05,5.2,138.3,4.6,4.9,54.6,70.0,73.33
athlete_034,2025-03-30,7.77,7.0,25.2,3.1,7.7,52.3,80.4,66.32
athlete_034,2025-03-31,7.93,7.4,340.5,2.8,8.0,54.3,81.6,81.79
athlete_034,2025-04-01,7.57,4.4,165.7,5.6,3.9,55.4,72.2,61.7
athlete_034,2025-04-02,8.18,6.8,270.6,2.8,7.8,53.2,81.8,87.24
athlete_034,2025-04-03,7.85,5.7,144.7,4.7,5.3,53.1,69.7,65.03
athlete_034,2025-04-04,7.76,6.5,296.1,3.8,6.3,52.8,78.4,73.32
athlete_034,2025-04-05,7.33,4.8,230.7,4.3,3.7,52.7,74.2,69.75
athlete_034,2025-04-06,8.63,6.5,41.4,6.0,4.7,54.9,80.2,63.17
athlete_034,2025-04-07,6.63,3.1,379.4,5.0,2.9,57.5,67.0,68.41
athlete_034,2025-04-08,7.6,5.7,186.7,4.9,3.6,55.3,64.1,65.8
athlete_034,2025-04-09,8.18,6.5,298.5,4.7,5.9,57.9,74.2,72.93
athlete_034,2025-04-10,8.68,6.9,156.9,3.3,6.4,53.3,75.7,76.04
athlete_034,2025-04-11,8.44,6.4,344.0,4.0,6.6,52.5,80.3,78.54
athlete_034,2025-04-12,7.61,6.2,253.9,3.9,5.6,58.9,73.3,78.2
athlete_034,2025-04-13,7.41,5.0,37.4,5.1,4.3,55.1,69.6,68.81
athlete_034,2025-04-14,7.13,4.3,331.6,5.3,3.2,58.0,72.8,65.04
athlete_034,2025-04-15,8.58,4.6,140.4,5.4,4.3,54.9,73.9,70.72
athlete_034,2025-04-16,7.31,4.4,285.5,4.0,5.1,54.4,71.1,68.51
athlete_034,2025-04-17,7.58,5.3,156.4,3.6,6.6,53.7,77.0,69.76
athlete_034,2025-04-18,7.73,6.1,384.9,5.1,5.4,56.1,73.0,71.23
athlete_034,2025-04-19,7.94,5.2,253.6,4.9,4.6,55.6,69.4,71.85
athlete_034,2025-04-20,7.74,4.9,40.1,5.3,4.4,58.6,73.9,66.9
athlete_034,2025-04-21,7.6,6.1,185.4,3.2,6.4,52.0,73.0,84.84
athlete_034,2025-04-22,7.16,4.7,94.8,5.2,4.7,53.2,70.1,62.03
athlete_034,2025-04-23,7.41,4.5,166.9,4.6,4.5,54.0,72.0,69.25
athlete_034,2025-04-24,8.43,6.1,89.5,5.5,5.4,54.1,72.6,72.33
athlete_034,2025-04-25,8.13,6.3,186.7,3.8,6.2,52.7,77.4,71.77
athlete_034,2025-04-26,7.58,6.3,135.4,3.5,7.1,52.9,83.1,73.2
athlete_034,2025-04-27,9.16,8.0,27.2,3.1,8.2,52.0,82.5,80.34
athlete_034,2025-04-28,8.49,6.0,262.8,3.8,6.1,54.7,81.5,70.17
athlete_034,2025-04-29,8.35,6.0,173.0,4.7,5.6,54.6,77.6,71.94
athlete_034,2025-04-30,7.42,3.9,291.3,5.4,4.0,58.1,78.0,71.14
athlete_034,2025-05-01,7.26,4.5,160.3,3.5,5.0,54.4,73.5,69.18
athlete_034,2025-05-02,7.53,5.2,340.3,3.8,5.7,56.0,74.8,77.16
athlete_034,2025-05-03,7.91,4.7,293.1,5.2,4.8,56.8,72.3,66.61
athlete_034,2025-05-04,8.62,7.2,39.5,5.4,5.6,57.9,75.8,74.64
athlete_034,2025-05-05,8.81,7.3,281.7,4.2,6.7,54.7,77.9,69.46
athlete_035,2025-01-06,8.56,7.5,214.3,3.6,6.9,46.0,71.7,72.65
athlete_035,2025-01-07,8.6,7.0,125.0,4.4,6.0,53.0,61.8,64.54
athlete_035,2025-01-08,8.55,5.5,172.3,5.1,4.2,52.9,56.1,64.19
athlete_035,2025-01-09,9.24,8.1,114.8,2.5,8.4,48.0,69.5,79.79
athlete_035,2025-01-10,8.41,5.5,234.8,4.3,5.3,50.6,66.6,66.11
athlete_035,2025-01-11,7.73,4.9,163.6,3.9,5.2,52.9,66.3,69.04
athlete_035,2025-01-12,8.26,6.6,28.8,3.7,6.0,51.3,66.7,68.68
athlete_035,2025-01-13,8.28,6.6,274.8,4.7,5.7,50.9,57.5,68.89
athlete_035,2025-01-14,7.53,5.0,129.1,3.5,5.2,50.7,56.8,65.15
athlete_035,2025-01-15,7.65,5.3,211.7,3.7,5.7,50.7,65.8,77.87
athlete_035,2025-01-16,7.69,5.1,123.4,4.5,4.1,54.8,65.3,59.38
athlete_035,2025-01-17,7.2,5.1,252.8,3.7,6.0,49.1,62.5,69.94
athlete_035,2025-01-18,7.79,5.5,178.9,5.6,4.7,52.5,64.4,69.03
athlete_035,2025-01-19,8.13,5.9,37.4,4.3,6.1,50.4,65.4,62.35
athlete_035,2025-01-20,8.57,6.7,255.5,4.9,5.7,49.6,59.3,72.66
athlete_035,2025-01-21,7.38,5.0,114.4,5.1,4.0,51.7,59.0,66.49
athlete_035,2025-01-22,7.35,5.6,205.7,2.8,6.4,50.3,66.8,73.56
athlete_035,2025-01-23,7.21,3.6,128.4,5.0,3.0,51.8,55.6,59.05
athlete_035,2025-01-24,8.17,5.0,260.7,4.4,4.6,52.9,58.7,57.42
athlete_035,2025-01-25,7.56,5.2,205.7,2.8,6.5,51.1,63.8,68.97
athlete_035,2025-01-26,7.33,4.5,37.6,4.5,5.0,55.2,65.0,66.88
athlete_035,2025-01-27,7.88,6.6,153.5,4.5,5.2,51.5,63.0,61.76
athlete_035,2025-01-28,7.74,5.4,84.7,4.5,4.6,49.6,61.0,62.73
athlete_035,2025-01-29,8.76,6.9,136.8,4.3,6.4,46.9,72.2,71.08
athlete_035,2025-01-30,7.99,5.9,76.8,4.0,6.7,48.8,73.6,69.4
athlete_035,2025-01-31,8.68,6.9,185.3,2.9,6.2,50.1,69.8,66.24
athlete_035,2025-02-01,9.12,8.2,128.0,3.7,8.5,49.6,66.5,84.09
athlete_035,2025-02-02,8.31,6.6,18.3,5.0,5.2,51.4,61.3,60.53
athlete_035,2025-02-03,7.42,6.0,288.4,3.6,7.3,49.7,62.5,64.3
athlete_035,2025-02-04,7.64,4.8,115.3,3.6,5.7,51.1,61.1,65.97
athlete_035,2025-02-05,8.91,7.8,196.3,3.3,6.6,48.7,63.1,76.97
athlete_035,2025-02-06,7.65,5.5,135.7,5.2,4.6,54.2,60.5,59.84
athlete_035,2025-02-07,7.58,4.9,257.3,4.7,4.2,52.1,64.0,58.63
athlete_035,2025-02-08,8.06,5.2,150.8,4.3,5.5,53.6,67.8,70.08
athlete_035,2025-02-09,8.34,6.5,27.2,3.6,6.9,49.3,70.5,73.97
athlete_035,2025-02-10,7.51,5.2,226.4,5.7,4.6,52.5,59.5,69.35
athlete_035,2025-02-11,8.2,5.1,111.6,4.4,5.7,48.1,60.0,72.35
athlete_035,2025-02-12,9.01,7.2,190.4,3.1,8.3,49.1,73.4,79.74
athlete_035,2025-02-13,8.77,7.4,102.1,3.1,8.1,48.8,66.3,80.94
athlete_035,2025-02-14,7.91,6.8,256.8,3.6,6.4,53.3,65.1,74.17
athlete_035,2025-02-15,8.05,7.1,217.5,3.0,7.3,50.9,63.8,74.26
athlete_035,2025-02-16,8.05,5.5,27.8,4.5,4.8,50.8,60.6,67.27
athlete_035,2025-02-17,7.69,5.0,227.6,4.3,4.6,54.2,61.9,61.1
athlete_035,2025-02-18,8.43,5.9,128.4,5.1,5.4,51.7,63.0,63.46
athlete_035,2025-02-19,8.2,6.3,263.7,4.3,5.8,52.3,60.0,76.08
athlete_035,2025-02-20,7.63,3.9,160.3,4.6,4.0,51.9,60.8,59.93
athlete_035,2025-02-21,8.2,6.3,289.4,3.6,6.9,50.3,69.9,68.54
athlete_035,2025-02-22,7.71,6.6,202.6,3.5,7.0,53.0,63.5,72.65
athlete_035,2025-02-23,6.72,3.3,32.6,5.4,3.0,54.2,58.8,49.8
athlete_035,2025-02-24,7.63,4.8,111.8,4.3,5.7,50.7,62.2,65.97
athlete_035,2025-02-25,8.26,7.1,80.5,3.8,6.7,50.5,65.3,73.52
athlete_035,2025-02-26,7.74,4.5,140.2,4.4,4.8,51.7,61.9,63.96
athlete_035,2025-02-27,7.24,4.5,90.2,3.4,5.0,49.9,67.8,60.6
athlete_035,2025-02-28,6.95,3.2,159.3,4.8,3.9,51.3,62.5,56.41
athlete_035,2025-03-01,7.89,4.8,117.0,4.1,5.3,49.8,70.9,62.15
athlete_035,2025-03-02,8.49,7.0,18.1,3.8,7.4,48.7,71.3,70.8
athlete_035,2025-03-03,8.58,5.8,231.0,3.9,5.8,49.6,67.1,63.43
athlete_035,2025-03-04,9.04,6.7,126.4,4.4,6.8,50.5,67.5,75.75
athlete_035,2025-03-05,7.8,6.2,206.3,3.0,6.0,51.9,61.1,71.58
athlete_035,2025-03-06,8.78,7.1,103.4,3.1,6.9,49.3,72.6,69.02
athlete_035,2025-03-07,8.29,6.0,292.6,4.2,6.0,51.0,61.9,70.89
athlete_035,2025-03-08,8.01,4.7,177.5,5.5,4.5,52.9,58.6,63.43
athlete_035,2025-03-09,6.63,3.3,31.1,5.4,3.5,53.1,58.2,56.82
athlete_035,2025-03-10,7.91,4.7,207.4,4.6,5.6,51.6,63.6,61.55
athlete_035,2025-03-11,7.41,4.7,129.0,3.4,5.3,52.3,64.2,67.21
athlete_035,2025-03-12,7.72,4.8,215.2,4.4,5.7,54.8,67.1,63.97
athlete_035,2025-03-13,8.56,6.6,118.0,4.0,6.1,50.2,66.3,65.01
athlete_035,2025-03-14,7.98,4.3,261.0,3.9,4.3,50.4,63.2,57.93
athlete_035,2025-03-15,7.24,4.4,182.9,5.1,4.6,53.2,53.5,60.63
athlete_035,2025-03-16,6.94,4.8,31.5,4.8,4.7,54.8,59.9,61.08
athlete_035,2025-03-17,8.08,6.3,284.8,3.4,7.8,50.7,69.1,72.63
athlete_035,2025-03-18,8.59,6.5,130.4,3.7,7.1,56.2,59.3,74.66
athlete_035,2025-03-19,6.93,3.4,194.2,6.4,2.7,52.8,55.1,57.98
athlete_035,2025-03-20,6.48,4.5,174.0,3.9,5.1,51.9,66.5,61.15
athlete_035,2025-03-21,7.6,5.9,236.5,5.0,4.6,53.0,64.8,58.16
athlete_035,2025-03-22,7.8,5.0,209.7,4.1,5.3,50.7,64.3,61.86
athlete_035,2025-03-23,7.56,5.3,36.8,5.6,4.6,52.0,60.9,59.49
athlete_035,2025-03-24,7.49,5.0,181.3,4.7,4.5,51.5,56.5,61.15
athlete_035,2025-03-25,7.24,3.8,62.8,5.4,4.1,51.4,54.6,60.5
athlete_035,2025-03-26,7.57,5.9,136.9,4.9,5.4,51.3,57.4,65.61
athlete_035,2025-03-27,7.81,5.5,77.2,5.0,5.2,54.2,62.8,59.79
athlete_035,2025-03-28,8.0,6.2,219.5,2.5,7.1,52.9,65.6,70.06
athlete_035,2025-03-29,7.42,5.0,94.1,4.7,4.3,53.4,67.8,62.42
athlete_035,2025-03-30,9.42,7.7,18.7,3.8,7.5,45.1,68.2,73.42
athlete_035,2025-03-31,9.51,8.7,214.3,2.4,8.7,47.4,79.6,80.98
athlete_035,2025-04-01,7.23,5.0,95.4,4.5,3.8,54.8,62.4,61.22
athlete_035,2025-04-02,8.64,7.4,215.7,4.6,5.9,50.5,62.7,67.08
athlete_035,2025-04-03,7.7,6.3,129.4,2.9,6.6,49.3,67.2,71.81
athlete_035,2025-04-04,8.84,7.2,222.1,2.4,8.1,48.9,66.8,77.41
athlete_035,2025-04-05,8.0,6.3,184.7,3.7,5.7,53.6,65.5,69.38
athlete_035,2025-04-06,7.26,5.6,30.0,2.6,7.0,50.7,64.1,66.88
athlete_035,2025-04-07,7.76,5.8,205.3,3.4,4.8,49.6,57.2,66.36
athlete_035,2025-04-08,8.67,8.4,101.8,2.4,8.8,49.1,70.0,70.76
athlete_035,2025-04-09,8.69,6.0,237.0,5.3,5.7,50.1,67.7,70.2
athlete_035,2025-04-10,7.25,4.7,118.5,4.6,5.2,52.2,68.7,56.49
athlete_035,2025-04-11,7.58,4.5,257.0,4.6,4.7,53.5,58.0,59.25
athlete_035,2025-04-12,7.93,5.3,170.4,5.4,4.2,53.2,60.3,56.67
athlete_035,2025-04-13,7.9,5.2,34.3,5.8,4.7,51.2,62.8,65.23
athlete_035,2025-04-14,7.03,3.3,290.0,5.5,2.6,53.7,55.3,59.95
athlete_035,2025-04-15,6.97,4.5,108.5,4.4,5.1,54.9,64.2,63.09
athlete_035,2025-04-16,7.55,5.2,254.3,4.8,4.1,54.3,55.8,61.6
athlete_035,2025-04-17,7.88,6.7,114.9,3.3,6.8,53.0,65.4,78.46
athlete_035,2025-04-18,7.5,4.3,251.8,4.6,4.6,54.8,59.4,61.32
athlete_035,2025-04-19,8.7,7.5,219.2,3.6,7.8,48.3,63.6,80.14
athlete_035,2025-04-20,7.39,5.4,36.5,4.2,5.2,51.9,59.9,67.76
athlete_035,2025-04-21,7.67,4.4,177.0,5.3,4.6,54.4,65.4,62.87
athlete_035,2025-04-22,8.48,6.4,65.5,4.6,7.1,51.3,61.5,67.53
athlete_035,2025-04-23,7.78,6.1,111.5,4.3,5.2,53.5,58.5,63.08
athlete_035,2025-04-24,7.7,5.6,83.0,4.3,4.9,49.3,61.0,65.19
athlete_035,2025-04-25,8.42,7.5,154.3,3.0,8.0,48.0,66.6,74.88
athlete_035,2025-04-26,7.78,5.7,89.8,3.6,6.1,50.6,70.2,62.51
athlete_035,2025-04-27,7.61,4.7,19.2,5.2,4.3,51.1,64.1,55.6
athlete_035,2025-04-28,8.39,6.3,215.7,3.4,6.3,48.8,67.9,68.06
athlete_035,2025-04-29,8.41,6.3,118.5,2.7,7.8,47.3,66.5,67.45
athlete_035,2025-04-30,8.66,8.0,192.6,3.8,7.6,49.2,68.9,73.65
athlete_035,2025-05-01,8.24,7.1,126.4,2.6,6.8,48.1,69.5,73.32
athlete_035,2025-05-02,7.46,4.4,284.2,3.9,5.1,52.0,66.5,62.85
athlete_035,2025-05-03,7.48,4.7,133.2,4.5,3.6,55.2,54.8,61.35
athlete_035,2025-05-04,8.13,6.3,29.2,3.9,6.3,49.6,62.4,69.45
athlete_035,2025-05-05,8.24,6.9,260.6,3.6,6.7,50.8,65.1,69.24
athlete_036,2025-01-06,7.69,6.0,277.7,5.2,6.1,56.6,58.7,68.85
athlete_036,2025-01-07,7.42,4.8,135.2,3.6,5.0,59.7,53.0,62.3
athlete_036,2025-01-08,8.27,7.4,268.0,5.0,6.3,60.1,58.9,70.61
athlete_036,2025-01-09,9.57,8.7,143.4,5.1,7.2,59.4,59.7,76.15
athlete_036,2025-01-10,6.97,5.4,323.5,4.1,5.4,60.7,54.0,70.59
athlete_036,2025-01-11,7.14,5.2,208.8,4.1,5.2,62.5,53.5,65.97
athlete_036,2025-01-12,7.69,5.9,35.3,3.6,5.9,61.0,56.4,69.63
athlete_036,2025-01-13,6.69,4.4,311.8,5.3,4.2,57.7,56.6,56.46
athlete_036,2025-01-14,6.46,4.3,120.9,4.8,3.9,59.5,51.8,58.08
athlete_036,2025-01-15,7.25,5.5,244.4,4.6,5.4,59.0,57.0,65.12
athlete_036,2025-01-16,6.9,5.0,137.9,4.9,4.8,59.8,51.9,68.9
athlete_036,2025-01-17,8.37,5.8,334.8,4.3,6.4,56.5,56.4,73.97
athlete_036,2025-01-18,6.83,5.0,175.2,4.0,5.3,61.0,58.0,65.54
athlete_036,2025-01-19,8.7,6.3,38.5,4.6,6.1,60.5,59.5,71.18
athlete_036,2025-01-20,7.11,5.4,365.4,4.4,4.1,60.8,55.3,64.13
athlete_036,2025-01-21,7.24,6.2,151.3,4.2,6.1,55.4,55.8,77.11
athlete_036,2025-01-22,7.47,5.5,271.4,4.7,4.5,62.3,51.0,68.14
athlete_036,2025-01-23,7.5,6.3,168.2,4.1,6.1,59.7,53.8,70.07
athlete_036,2025-01-24,6.84,5.3,344.7,4.2,4.6,60.8,58.8,65.72
athlete_036,2025-01-25,6.67,4.1,224.7,4.2,3.9,60.7,51.5,67.7
athlete_036,2025-01-26,6.67,4.9,52.4,4.3,5.2,56.5,49.0,60.81
athlete_036,2025-01-27,7.78,7.2,170.0,3.1,6.9,57.0,58.7,71.8
athlete_036,2025-01-28,6.61,4.2,75.9,4.7,4.5,60.2,56.9,62.72
athlete_036,2025-01-29,6.9,4.2,142.8,4.8,4.4,61.3,55.8,64.81
athlete_036,2025-01-30,8.02,7.1,90.9,2.5,7.7,54.3,58.9,70.53
athlete_036,2025-01-31,7.56,6.2,180.7,3.7,6.7,58.4,56.3,70.38
athlete_036,2025-02-01,6.82,5.8,157.7,3.3,6.5,58.1,62.4,78.16
athlete_036,2025-02-02,7.15,5.4,22.5,4.5,5.7,58.9,59.8,54.64
athlete_036,2025-02-03,7.56,6.1,281.9,3.0,6.5,57.4,62.1,64.96
athlete_036,2025-02-04,7.62,7.5,161.0,3.4,7.5,55.8,58.9,69.3
athlete_036,2025-02-05,7.4,5.9,196.1,3.6,5.3,55.9,60.1,68.37
athlete_036,2025-02-06,7.36,5.0,154.7,4.5,4.9,58.0,60.9,69.68
athlete_036,2025-02-07,7.8,6.2,337.1,2.6,7.5,54.1,64.1,75.96
athlete_036,2025-02-08,6.66,4.5,182.7,4.8,4.3,59.2,56.4,63.8
athlete_036,2025-02-09,7.51,5.8,38.1,4.5,6.1,57.3,57.6,70.34
athlete_036,2025-02-10,7.26,5.3,285.8,4.4,6.4,56.9,60.6,66.89
athlete_036,2025-02-11,6.62,2.6,156.2,5.9,2.1,63.3,50.9,55.49
athlete_036,2025-02-12,6.6,3.6,248.0,7.0,2.9,63.9,53.1,55.67
athlete_036,2025-02-13,7.82,6.8,152.9,2.6,7.8,58.3,66.8,80.17
athlete_036,2025-02-14,7.2,5.4,310.8,5.7,3.6,61.9,53.5,66.35
athlete_036,2025-02-15,7.44,5.5,230.6,5.3,4.8,62.3,51.7,62.19
athlete_036,2025-02-16,7.02,4.9,41.6,4.9,4.8,58.9,52.4,65.27
athlete_036,2025-02-17,7.26,5.0,240.6,4.6,4.7,57.4,54.9,69.82
athlete_036,2025-02-18,7.09,5.6,118.1,3.5,5.4,60.2,58.8,67.0
athlete_036,2025-02-19,7.15,4.2,245.5,4.7,4.3,60.1,59.3,64.18
athlete_036,2025-02-20,6.86,5.6,133.6,2.5,6.6,57.0,60.6,75.23
athlete_036,2025-02-21,7.0,4.0,360.4,4.0,3.7,61.2,52.4,62.98
athlete_036,2025-02-22,7.19,5.6,189.9,4.8,5.2,61.5,57.4,63.57
athlete_036,2025-02-23,8.64,7.1,35.7,4.0,7.0,57.8,65.0,71.61
athlete_036,2025-02-24,7.73,6.4,191.7,3.9,7.2,57.1,58.7,70.84
athlete_036,2025-02-25,8.61,6.8,97.6,3.7,7.7,56.1,66.3,78.8
athlete_036,2025-02-26,7.49,5.2,133.4,4.3,4.5,59.2,54.4,59.93
athlete_036,2025-02-27,7.39,5.3,110.8,3.5,5.0,59.2,54.3,65.93
athlete_036,2025-02-28,7.01,5.8,183.4,4.8,4.7,57.9,51.4,62.78
athlete_036,2025-03-01,6.86,4.6,112.0,4.7,5.2,56.9,51.3,70.48
athlete_036,2025-03-02,7.16,7.2,26.5,2.4,8.2,55.3,56.8,76.29
athlete_036,2025-03-03,7.91,7.9,303.7,1.5,8.4,53.2,69.7,77.99
athlete_036,2025-03-04,7.92,7.1,162.8,3.0,6.9,56.5,60.4,74.95
athlete_036,2025-03-05,8.42,6.9,244.1,2.8,7.0,53.7,60.5,74.14
athlete_036,2025-03-06,8.15,6.4,126.2,4.8,5.9,56.0,54.2,62.79
athlete_036,2025-03-07,7.91,8.2,252.7,2.7,8.1,54.5,64.1,73.9
athlete_036,2025-03-08,7.26,4.7,249.5,6.4,3.7,60.7,51.2,63.45
athlete_036,2025-03-09,7.59,5.8,44.5,4.1,6.4,60.1,65.3,73.0
athlete_036,2025-03-10,8.55,5.5,331.0,5.5,4.9,59.9,47.3,67.9
athlete_036,2025-03-11,7.93,7.2,133.4,2.3,7.3,56.8,59.0,75.57
athlete_036,2025-03-12,7.24,3.9,234.6,5.2,4.6,60.2,55.0,66.57
athlete_036,2025-03-13,6.4,3.7,138.9,5.8,4.2,62.1,55.7,65.36
athlete_036,2025-03-14,7.48,5.0,306.3,4.9,5.2,59.2,61.2,73.77
athlete_036,2025-03-15,7.7,6.3,191.9,4.4,6.3,59.1,58.5,65.6
athlete_036,2025-03-16,7.39,3.9,42.4,5.5,3.3,59.4,55.2,63.53
athlete_036,2025-03-17,7.45,5.7,340.0,4.5,5.0,58.9,51.3,67.04
athlete_036,2025-03-18,8.1,5.2,175.0,5.2,4.5,58.7,62.9,62.96
athlete_036,2025-03-19,6.67,4.1,263.0,6.3,2.9,62.2,42.8,55.92
athlete_036,2025-03-20,6.88,3.9,176.4,6.2,2.1,65.3,47.9,61.4
athlete_036,2025-03-21,8.61,6.0,324.3,4.8,5.5,58.7,52.7,67.15
athlete_036,2025-03-22,7.24,4.1,198.6,5.4,3.0,59.0,52.8,60.51
athlete_036,2025-03-23,6.94,4.8,47.3,5.2,4.2,58.3,53.1,59.12
athlete_036,2025-03-24,7.18,5.3,189.4,2.7,6.8,57.1,63.0,72.3
athlete_036,2025-03-25,8.24,5.5,84.9,4.3,5.7,59.1,56.7,70.81
athlete_036,2025-03-26,6.45,4.4,166.7,5.6,4.8,60.1,50.2,65.16
athlete_036,2025-03-27,7.32,4.9,87.3,4.9,4.5,57.7,56.7,64.98
athlete_036,2025-03-28,8.6,7.1,203.5,4.2,7.4,59.2,63.7,81.79
athlete_036,2025-03-29,7.43,5.7,102.7,4.3,5.0,57.3,55.4,67.29
athlete_036,2025-03-30,7.52,5.7,25.6,3.3,6.6,54.7,59.8,75.02
athlete_036,2025-03-31,8.32,6.3,243.6,3.5,6.9,57.7,60.7,70.35
athlete_036,2025-04-01,7.21,5.5,143.4,5.3,4.7,59.0,52.5,63.46
athlete_036,2025-04-02,7.84,6.6,205.3,4.3,5.8,59.8,61.7,68.58
athlete_036,2025-04-03,7.45,5.0,163.2,4.4,4.2,57.2,59.1,56.67
athlete_036,2025-04-04,7.87,7.3,321.3,3.7,6.8,55.8,53.3,70.98
athlete_036,2025-04-05,7.54,5.5,209.5,4.9,4.9,61.0,57.4,68.61
athlete_036,2025-04-06,7.23,4.1,30.2,5.5,3.5,59.3,56.8,62.0
athlete_036,2025-04-07,7.03,5.1,329.9,4.2,4.7,56.5,54.1,65.4
athlete_036,2025-04-08,8.02,6.9,121.0,4.7,6.5,56.9,54.1,73.44
athlete_036,2025-04-09,7.61,4.9,240.4,4.0,5.1,59.1,61.1,62.32
athlete_036,2025-04-10,7.78,5.0,182.1,4.8,5.5,56.9,57.3,63.11
athlete_036,2025-04-11,7.36,5.8,307.6,3.1,6.7,59.1,50.3,70.87
athlete_036,2025-04-12,7.72,6.7,254.9,5.4,5.0,58.9,54.1,66.66
athlete_036,2025-04-13,6.97,3.7,42.3,5.7,2.9,60.9,48.6,60.37
athlete_036,2025-04-14,7.11,5.4,330.9,5.2,4.1,60.2,52.1,56.69
athlete_036,2025-04-15,6.89,3.7,121.5,4.8,4.2,59.3,54.3,62.18
athlete_036,2025-04-16,7.91,6.2,269.9,4.0,6.6,58.2,61.3,71.45
athlete_036,2025-04-17,6.38,4.9,156.7,4.3,5.1,59.0,56.0,70.27
athlete_036,2025-04-18,6.94,3.8,347.0,5.3,3.1,60.8,45.4,55.34
athlete_036,2025-04-19,7.54,5.2,207.8,5.4,5.5,61.3,50.8,66.83
athlete_036,2025-04-20,7.93,5.3,37.9,5.4,4.3,57.4,50.4,63.96
athlete_036,2025-04-21,7.42,5.9,141.8,4.1,6.6,59.8,57.7,74.6
athlete_036,2025-04-22,7.35,5.1,86.5,3.2,6.4,57.4,60.4,71.23
athlete_036,2025-04-23,6.76,4.1,172.6,5.0,3.9,59.3,51.4,62.47
athlete_036,2025-04-24,7.03,5.5,90.6,4.0,4.9,58.6,54.4,70.67
athlete_036,2025-04-25,7.29,6.1,222.5,4.3,6.2,58.9,56.1,66.82
athlete_036,2025-04-26,7.52,6.0,119.5,4.5,5.5,60.0,51.7,74.7
athlete_036,2025-04-27,6.5,5.0,21.3,3.2,5.3,58.0,60.3,66.85
athlete_036,2025-04-28,7.05,5.5,291.8,3.6,6.2,55.4,52.6,67.73
athlete_036,2025-04-29,8.0,7.2,145.6,3.6,7.2,59.5,63.2,69.83
athlete_036,2025-04-30,7.36,7.3,244.0,2.8,7.8,55.2,51.8,73.15
athlete_036,2025-05-01,7.5,6.9,162.0,3.2,7.3,55.1,58.7,71.72
athlete_036,2025-05-02,7.78,7.2,305.2,4.3,6.2,62.6,58.8,73.31
athlete_036,2025-05-03,7.73,7.1,204.2,3.1,7.0,55.3,55.6,75.33
athlete_036,2025-05-04,7.64,6.0,47.7,3.9,5.8,57.7,57.5,79.1
athlete_036,2025-05-05,8.23,6.9,325.3,3.9,6.5,57.8,58.3,68.51
athlete_037,2025-01-06,7.63,6.0,216.3,4.3,6.5,51.8,80.8,68.08
athlete_037,2025-01-07,6.9,4.8,130.6,4.2,4.6,60.1,58.2,55.34
athlete_037,2025-01-08,8.19,6.3,216.0,4.3,5.7,57.8,73.7,70.04
athlete_037,2025-01-09,7.22,5.9,125.1,3.9,5.8,55.6,59.6,63.36
athlete_037,2025-01-10,7.68,7.3,250.6,3.9,6.7,58.0,72.1,73.01
athlete_037,2025-01-11,7.93,5.6,189.5,5.1,4.8,58.1,65.9,58.87
athlete_037,2025-01-12,8.54,8.0,29.1,2.0,8.4,55.0,71.4,76.03
athlete_037,2025-01-13,7.82,5.2,284.7,3.3,6.0,53.0,72.1,59.51
athlete_037,2025-01-14,8.57,6.2,117.4,4.3,5.5,55.6,69.4,62.66
athlete_037,2025-01-15,8.5,6.4,199.0,3.7,6.5,52.8,73.2,68.24
athlete_037,2025-01-16,7.55,6.4,140.6,3.1,7.4,54.2,73.6,72.85
athlete_037,2025-01-17,8.41,6.8,228.1,4.1,5.9,55.1,65.5,67.38
athlete_037,2025-01-18,7.58,4.0,160.3,4.9,3.9,55.5,66.3,63.4
athlete_037,2025-01-19,7.32,5.6,36.5,2.7,7.4,54.2,75.7,75.28
athlete_037,2025-01-20,7.89,4.9,259.5,4.9,4.0,52.6,69.3,57.11
athlete_037,2025-01-21,8.5,6.6,120.3,4.3,6.2,53.7,64.3,67.23
athlete_037,2025-01-22,6.95,3.9,222.6,5.1,3.9,56.2,64.0,58.99
athlete_037,2025-01-23,7.66,5.2,161.0,4.6,4.9,56.5,67.9,63.98
athlete_037,2025-01-24,7.3,5.8,290.7,4.6,5.2,54.4,69.1,67.04
athlete_037,2025-01-25,8.61,6.5,224.0,4.5,6.0,56.9,67.8,63.67
athlete_037,2025-01-26,8.28,5.9,35.8,4.3,5.3,60.3,65.4,65.8
athlete_037,2025-01-27,8.02,5.8,164.4,3.8,5.6,58.0,68.5,63.16
athlete_037,2025-01-28,8.49,6.8,66.8,2.8,7.4,51.9,71.4,71.54
athlete_037,2025-01-29,8.25,6.3,134.7,3.3,5.7,53.7,72.9,74.03
athlete_037,2025-01-30,8.04,7.3,86.1,4.0,6.4,56.0,72.9,66.13
athlete_037,2025-01-31,8.3,7.0,126.3,3.6,7.0,54.7,71.2,72.63
athlete_037,2025-02-01,8.98,7.1,83.7,4.1,5.9,49.3,71.2,65.33
athlete_037,2025-02-02,8.24,6.5,17.2,4.2,6.1,55.2,71.2,71.84
athlete_037,2025-02-03,7.45,5.2,266.6,3.9,5.0,51.9,77.8,64.0
athlete_037,2025-02-04,8.83,7.6,127.5,2.4,7.9,49.7,78.7,73.4
athlete_037,2025-02-05,7.39,6.1,203.5,3.1,6.4,54.3,73.1,67.55
athlete_037,2025-02-06,8.91,7.9,118.5,3.5,6.6,52.3,69.5,68.84
athlete_037,2025-02-07,7.91,6.1,263.3,4.1,6.1,52.8,76.3,67.53
athlete_037,2025-02-08,8.86,6.3,169.6,4.6,5.6,53.0,68.5,64.04
athlete_037,2025-02-09,8.62,6.6,28.4,4.4,6.4,54.4,72.8,72.38
athlete_037,2025-02-10,7.27,5.5,269.1,4.2,5.5,54.1,65.8,69.1
athlete_037,2025-02-11,7.22,5.8,136.0,4.4,5.7,55.8,66.9,62.27
athlete_037,2025-02-12,7.54,4.9,206.9,3.8,5.8,53.1,73.4,61.75
athlete_037,2025-02-13,7.53,4.4,151.0,4.7,4.6,56.4,74.7,64.33
athlete_037,2025-02-14,7.48,3.4,266.0,5.3,4.0,55.7,66.7,56.76
athlete_037,2025-02-15,8.69,7.8,194.0,4.1,6.0,53.8,66.2,70.32
athlete_037,2025-02-16,8.04,5.4,34.7,3.8,5.0,56.1,69.7,62.24
athlete_037,2025-02-17,8.36,6.9,260.8,4.6,5.8,55.5,69.6,60.53
athlete_037,2025-02-18,8.59,6.8,130.8,3.7,6.2,55.5,70.9,70.47
athlete_037,2025-02-19,7.67,5.9,246.2,4.6,5.0,56.9,60.9,66.34
athlete_037,2025-02-20,8.01,6.8,125.5,3.0,8.1,53.6,77.0,65.92
athlete_037,2025-02-21,8.59,7.1,272.8,2.3,7.2,52.5,79.2,67.26
athlete_037,2025-02-22,8.06,5.2,147.2,5.7,5.8,55.0,69.4,62.48
athlete_037,2025-02-23,6.91,3.8,30.6,5.5,3.0,52.8,64.1,59.6
athlete_037,2025-02-24,7.59,5.2,136.4,4.9,4.4,56.7,67.8,58.06
athlete_037,2025-02-25,9.14,8.3,78.4,2.3,8.3,51.3,78.8,75.86
athlete_037,2025-02-26,7.73,5.7,116.1,4.4,5.2,57.1,67.4,57.76
athlete_037,2025-02-27,7.91,5.9,85.9,3.8,6.4,52.7,81.3,68.21
athlete_037,2025-02-28,7.62,5.5,139.1,4.8,4.7,56.4,69.1,53.76
athlete_037,2025-03-01,7.4,6.5,108.9,3.2,6.6,55.0,66.2,64.72
athlete_037,2025-03-02,7.79,6.8,21.0,2.9,7.2,53.8,79.9,64.88
athlete_037,2025-03-03,8.15,5.7,276.7,4.2,5.5,51.6,74.8,61.22
athlete_037,2025-03-04,7.87,4.7,160.7,5.9,4.8,54.7,70.0,58.36
athlete_037,2025-03-05,7.06,4.0,204.8,4.1,4.8,53.3,70.8,64.65
athlete_037,2025-03-06,8.34,6.4,102.9,2.9,6.8,52.1,77.7,68.5
athlete_037,2025-03-07,8.25,5.7,252.2,3.9,7.0,53.9,76.2,63.75
athlete_037,2025-03-08,7.75,5.2,191.4,4.2,6.4,56.6,72.0,61.02
athlete_037,2025-03-09,7.3,3.9,25.7,6.4,3.0,57.8,59.3,53.62
athlete_037,2025-03-10,8.15,5.9,295.3,5.0,4.9,58.2,71.1,60.36
athlete_037,2025-03-11,6.88,4.3,114.6,5.1,3.4,55.7,60.9,56.07
athlete_037,2025-03-12,6.77,6.5,248.3,3.7,7.0,57.5,71.5,68.42
athlete_037,2025-03-13,8.23,6.0,134.3,5.7,4.5,57.8,63.2,67.31
athlete_037,2025-03-14,7.76,7.0,299.3,3.1,7.1,55.4,72.1,70.18
athlete_037,2025-03-15,8.42,6.7,181.2,4.0,7.0,56.5,72.6,70.72
athlete_037,2025-03-16,7.18,4.6,37.5,4.7,5.2,57.3,69.3,59.47
athlete_037,2025-03-17,8.7,7.1,281.5,4.2,6.3,55.4,71.5,63.56
athlete_037,2025-03-18,7.75,5.6,111.2,4.6,4.9,57.4,68.8,61.98
athlete_037,2025-03-19,8.44,6.6,245.3,4.0,6.7,55.2,68.5,73.71
athlete_037,2025-03-20,7.61,5.4,119.6,4.8,5.0,57.0,59.8,65.67
athlete_037,2025-03-21,7.94,5.8,328.0,3.6,5.6,51.9,68.7,66.96
athlete_037,2025-03-22,7.61,6.1,162.9,3.8,5.2,60.4,70.0,61.83
athlete_037,2025-03-23,8.62,7.3,38.6,3.3,7.5,53.7,67.6,68.98
athlete_037,2025-03-24,6.93,4.5,157.3,4.3,4.9,54.2,65.1,63.37
athlete_037,2025-03-25,7.65,5.5,73.7,3.3,5.4,50.7,72.2,65.34
athlete_037,2025-03-26,8.44,7.0,110.8,3.0,7.5,50.2,72.5,69.69
athlete_037,2025-03-27,7.87,5.3,77.3,4.0,6.3,54.0,70.7,65.05
athlete_037,2025-03-28,7.62,5.0,163.8,4.3,6.2,55.5,71.8,67.5
athlete_037,2025-03-29,7.37,4.3,124.6,4.5,5.4,53.2,72.0,64.31
athlete_037,2025-03-30,7.34,4.0,19.7,5.2,3.6,55.6,72.9,50.95
athlete_037,2025-03-31,6.19,4.3,250.3,4.1,3.9,52.8,70.7,51.01
athlete_037,2025-04-01,7.64,6.6,128.0,5.0,5.5,53.5,65.4,62.87
athlete_037,2025-04-02,8.34,7.1,224.0,3.2,7.2,55.7,72.5,72.81
athlete_037,2025-04-03,6.71,4.5,129.9,4.1,4.4,56.5,67.8,54.14
athlete_037,2025-04-04,8.58,5.8,274.1,4.2,6.2,53.6,67.4,70.99
athlete_037,2025-04-05,8.08,6.0,226.6,4.9,5.5,56.9,68.7,71.82
athlete_037,2025-04-06,7.82,5.5,33.3,4.7,5.6,56.2,67.9,66.76
athlete_037,2025-04-07,7.96,6.1,329.6,4.3,5.0,55.6,73.9,66.11
athlete_037,2025-04-08,8.12,5.9,155.1,5.9,4.1,56.2,63.5,55.58
athlete_037,2025-04-09,7.68,5.4,253.3,5.9,3.1,58.0,67.1,58.68
athlete_037,2025-04-10,7.84,5.2,129.5,4.6,4.2,54.6,65.4,56.21
athlete_037,2025-04-11,8.32,6.2,239.6,3.2,6.1,51.7,70.7,73.07
athlete_037,2025-04-12,8.31,6.8,196.4,3.3,6.5,54.5,77.3,72.68
athlete_037,2025-04-13,7.34,4.6,32.4,4.5,4.7,55.3,61.2,60.77
athlete_037,2025-04-14,8.46,5.9,224.8,4.9,5.6,54.3,73.5,64.7
athlete_037,2025-04-15,8.51,6.5,143.9,4.6,4.7,55.7,74.6,68.44
athlete_037,2025-04-16,8.61,6.3,223.8,4.7,5.0,54.5,70.3,72.38
athlete_037,2025-04-17,7.27,4.4,142.2,5.8,3.4,58.7,61.2,59.64
athlete_037,2025-04-18,8.52,7.6,278.6,3.8,6.6,57.0,69.8,68.44
athlete_037,2025-04-19,7.34,5.0,220.0,3.5,6.0,54.1,72.4,63.42
athlete_037,2025-04-20,7.99,7.5,34.9,2.2,8.6,52.8,70.2,70.79
athlete_037,2025-04-21,7.16,4.5,183.1,6.9,2.6,55.5,56.6,56.49
athlete_037,2025-04-22,7.12,4.8,73.9,4.1,4.5,54.6,65.3,61.52
athlete_037,2025-04-23,6.85,4.9,122.7,4.1,5.0,55.9,67.4,65.11
athlete_037,2025-04-24,7.13,5.0,66.6,4.0,5.7,54.4,69.6,66.37
athlete_037,2025-04-25,8.34,7.0,182.2,3.6,6.9,52.9,73.8,74.53
athlete_037,2025-04-26,7.7,6.4,125.3,3.7,6.6,56.4,72.6,72.4
athlete_037,2025-04-27,8.16,6.1,19.7,3.8,6.0,56.1,71.7,72.82
athlete_037,2025-04-28,7.55,5.6,193.5,3.7,6.0,51.8,70.7,64.65
athlete_037,2025-04-29,8.3,7.3,132.0,1.6,8.0,51.2,78.1,68.54
athlete_037,2025-04-30,8.32,6.4,222.3,2.9,6.9,53.8,74.9,68.53
athlete_037,2025-05-01,8.53,5.9,123.6,3.9,6.6,52.8,76.7,72.8
athlete_037,2025-05-02,7.49,5.7,258.1,2.9,6.2,55.2,71.4,68.33
athlete_037,2025-05-03,7.32,5.8,184.7,3.9,5.3,57.1,65.4,66.4
athlete_037,2025-05-04,7.51,4.4,28.1,4.8,4.4,58.7,66.9,55.75
athlete_037,2025-05-05,6.64,3.5,310.3,5.8,3.1,59.3,62.7,48.41
athlete_038,2025-01-06,9.03,7.6,239.6,2.4,8.0,48.4,77.0,77.33
athlete_038,2025-01-07,7.07,5.2,100.4,4.2,5.7,54.5,58.4,70.21
athlete_038,2025-01-08,7.93,5.1,178.8,5.2,5.1,54.2,63.4,61.58
athlete_038,2025-01-09,7.0,5.0,101.9,4.8,4.1,58.4,59.9,64.61
athlete_038,2025-01-10,8.07,5.7,260.6,4.1,5.5,52.1,66.6,60.2
athlete_038,2025-01-11,8.3,7.2,158.2,4.5,6.5,54.0,64.8,74.4
athlete_038,2025-01-12,7.32,6.2,28.3,4.5,6.1,50.6,62.4,71.38
athlete_038,2025-01-13,8.54,8.3,200.1,2.3,8.5,51.0,72.0,81.02
athlete_038,2025-01-14,8.6,6.1,128.0,3.4,7.6,50.5,69.0,74.09
athlete_038,2025-01-15,7.42,5.1,177.7,5.5,4.2,53.9,60.2,71.11
athlete_038,2025-01-16,7.09,3.3,139.1,5.4,3.5,54.1,68.0,63.49
athlete_038,2025-01-17,7.94,7.6,213.5,3.3,7.5,54.2,57.9,71.58
athlete_038,2025-01-18,8.49,7.3,158.3,4.5,7.3,53.5,65.2,68.95
athlete_038,2025-01-19,8.16,6.3,37.1,3.2,7.1,49.8,68.1,73.34
athlete_038,2025-01-20,8.77,7.3,239.9,5.2,6.3,53.4,58.0,73.57
athlete_038,2025-01-21,8.52,8.1,127.7,3.0,7.8,49.9,69.8,77.98
athlete_038,2025-01-22,7.7,6.1,188.3,3.7,6.0,54.2,68.2,72.23
athlete_038,2025-01-23,7.86,5.4,110.7,3.9,5.7,53.8,63.2,73.55
athlete_038,2025-01-24,8.44,7.1,241.9,4.8,5.8,52.9,59.9,65.4
athlete_038,2025-01-25,7.7,4.5,195.5,4.9,5.0,53.6,65.9,68.9
athlete_038,2025-01-26,6.56,3.5,44.5,4.4,4.0,54.9,59.7,61.48
athlete_038,2025-01-27,8.49,7.6,124.8,4.4,6.5,55.6,60.8,72.26
athlete_038,2025-01-28,7.75,6.8,70.5,3.8,6.9,52.5,65.0,75.18
athlete_038,2025-01-29,6.86,4.4,129.6,5.2,4.5,54.0,58.6,67.36
athlete_038,2025-01-30,6.78,4.4,66.8,5.2,4.3,52.6,57.5,60.38
athlete_038,2025-01-31,8.18,6.1,94.3,4.3,5.1,51.8,63.4,61.88
athlete_038,2025-02-01,8.02,6.1,111.6,4.6,5.4,53.5,66.7,68.87
athlete_038,2025-02-02,8.65,8.2,17.3,3.1,8.2,46.3,68.5,80.68
athlete_038,2025-02-03,8.94,9.1,183.5,1.0,10.0,44.9,74.3,79.8
athlete_038,2025-02-04,7.0,4.4,107.5,4.2,4.7,49.8,62.3,65.35
athlete_038,2025-02-05,8.88,6.9,207.9,5.0,5.6,51.5,64.0,71.79
athlete_038,2025-02-06,7.19,4.6,109.0,4.6,3.7,54.0,61.3,63.28
athlete_038,2025-02-07,8.15,4.5,209.5,4.9,3.8,54.1,64.7,66.81
athlete_038,2025-02-08,7.17,3.6,139.0,5.3,2.8,57.9,54.0,57.02
athlete_038,2025-02-09,7.65,5.9,27.4,4.9,5.4,54.0,56.0,68.32
athlete_038,2025-02-10,7.74,5.5,215.8,5.9,4.7,55.7,58.7,66.34
athlete_038,2025-02-11,8.02,6.8,104.1,3.2,7.1,51.7,65.6,73.8
athlete_038,2025-02-12,7.45,4.1,240.5,4.5,4.1,53.2,59.9,67.06
athlete_038,2025-02-13,8.41,6.1,122.9,2.9,6.8,52.6,65.7,73.81
athlete_038,2025-02-14,7.75,6.7,239.1,4.6,5.7,54.0,62.9,71.33
athlete_038,2025-02-15,6.66,3.3,151.2,5.6,3.1,53.0,58.5,60.94
athlete_038,2025-02-16,7.94,5.8,26.9,4.9,4.8,53.6,62.6,63.01
athlete_038,2025-02-17,8.12,7.3,260.3,3.8,6.8,51.6,62.9,74.22
athlete_038,2025-02-18,8.89,7.3,125.5,4.4,7.1,53.8,65.1,73.97
athlete_038,2025-02-19,7.51,5.1,196.1,5.3,4.4,56.2,60.3,62.65
athlete_038,2025-02-20,7.77,5.9,143.7,4.1,5.9,53.6,66.7,75.0
athlete_038,2025-02-21,7.57,6.5,247.4,4.7,5.9,53.6,60.1,68.83
athlete_038,2025-02-22,7.56,5.0,187.4,5.6,4.3,54.7,57.1,63.8
athlete_038,2025-02-23,8.71,7.0,36.4,3.6,7.2,52.3,62.5,71.34
athlete_038,2025-02-24,7.5,3.9,143.9,4.7,4.1,57.5,57.4,60.43
athlete_038,2025-02-25,7.45,5.8,74.2,3.8,6.4,50.7,62.0,76.19
athlete_038,2025-02-26,8.13,5.3,105.9,3.5,5.5,53.9,62.6,70.51
athlete_038,2025-02-27,8.97,6.2,72.3,3.1,6.5,48.6,67.1,77.99
athlete_038,2025-02-28,7.37,3.9,115.1,5.4,3.6,50.4,59.8,62.35
athlete_038,2025-03-01,7.6,5.1,96.3,4.7,5.4,54.3,63.7,70.99
athlete_038,2025-03-02,8.37,5.3,17.3,3.6,6.2,50.5,67.0,67.19
athlete_038,2025-03-03,7.85,6.0,251.3,2.7,7.6,52.2,61.1,77.73
athlete_038,2025-03-04,7.71,6.4,99.0,4.8,5.1,54.5,70.4,69.19
athlete_038,2025-03-05,9.21,8.2,153.2,3.3,8.2,52.0,71.3,77.31
athlete_038,2025-03-06,6.43,4.3,106.0,3.5,5.1,53.2,60.2,67.67
athlete_038,2025-03-07,7.65,6.6,256.4,2.8,7.9,52.3,71.3,84.65
athlete_038,2025-03-08,6.92,5.4,158.4,5.8,4.9,56.0,59.6,60.01
athlete_038,2025-03-09,7.9,7.0,25.2,4.5,6.4,51.6,68.4,70.97
athlete_038,2025-03-10,8.11,6.0,228.7,3.9,6.5,50.2,63.8,66.96
athlete_038,2025-03-11,8.34,6.1,119.3,5.4,6.0,50.7,64.5,67.22
athlete_038,2025-03-12,8.68,6.6,201.1,4.6,6.2,54.0,65.8,76.53
athlete_038,2025-03-13,7.71,4.6,109.6,4.6,4.7,55.5,65.1,64.87
athlete_038,2025-03-14,7.64,4.8,243.4,5.0,4.2,53.3,60.8,65.62
athlete_038,2025-03-15,9.66,9.5,156.0,3.6,9.2,51.7,71.3,82.42
athlete_038,2025-03-16,8.48,7.4,31.5,4.2,7.8,54.9,66.0,75.65
athlete_038,2025-03-17,7.18,6.4,304.4,3.7,6.2,54.0,64.8,68.45
athlete_038,2025-03-18,7.6,4.2,106.3,4.6,4.8,56.8,59.7,62.29
athlete_038,2025-03-19,8.01,5.4,216.4,5.2,4.8,55.0,63.5,62.55
athlete_038,2025-03-20,7.82,6.8,117.9,4.1,7.2,54.7,60.3,73.19
athlete_038,2025-03-21,7.68,6.5,275.5,3.5,6.9,51.6,63.9,69.82
athlete_038,2025-03-22,9.1,7.2,142.1,5.4,6.5,54.9,59.7,70.82
athlete_038,2025-03-23,7.96,6.0,36.3,5.0,5.8,54.7,62.8,66.59
athlete_038,2025-03-24,7.54,4.6,133.8,5.7,3.3,56.6,61.9,64.05
athlete_038,2025-03-25,7.68,5.7,67.0,4.7,5.9,50.2,59.4,78.04
athlete_038,2025-03-26,8.03,5.9,125.0,3.4,6.8,53.7,66.3,72.34
athlete_038,2025-03-27,8.19,7.3,81.7,2.4,8.2,49.9,70.3,82.11
athlete_038,2025-03-28,8.22,5.4,154.4,4.4,5.7,51.2,59.7,70.46
athlete_038,2025-03-29,7.43,5.4,118.7,4.2,4.5,49.6,62.0,67.25
athlete_038,2025-03-30,7.39,5.1,17.4,3.7,5.8,52.9,59.8,65.53
athlete_038,2025-03-31,8.43,6.1,177.3,4.6,5.5,50.7,64.8,65.4
athlete_038,2025-04-01,7.27,5.1,112.0,5.6,4.2,54.3,54.4,62.39
athlete_038,2025-04-02,7.77,6.0,227.1,5.2,5.5,53.0,66.0,71.95
athlete_038,2025-04-03,7.23,4.5,132.6,4.8,4.6,55.0,64.1,63.81
athlete_038,2025-04-04,7.71,7.0,237.1,3.9,6.9,51.9,65.7,69.28
athlete_038,2025-04-05,6.67,5.4,139.3,4.4,5.8,53.8,58.3,67.19
athlete_038,2025-04-06,7.88,6.6,31.2,3.9,5.4,51.1,66.2,74.66
athlete_038,2025-04-07,7.78,5.3,217.7,4.0,6.0,50.9,65.9,66.81
athlete_038,2025-04-08,7.44,4.3,118.8,4.8,4.4,53.8,62.5,62.19
athlete_038,2025-04-09,7.08,4.2,214.2,5.4,3.0,59.2,59.8,58.7
athlete_038,2025-04-10,7.83,5.2,110.6,4.8,4.6,56.7,62.2,61.6
athlete_038,2025-04-11,7.91,5.8,217.3,3.2,6.7,53.5,63.4,74.52
athlete_038,2025-04-12,8.66,5.9,185.8,5.2,5.8,54.8,64.3,69.94
athlete_038,2025-04-13,7.44,5.4,34.7,3.3,5.7,52.4,64.5,66.0
athlete_038,2025-04-14,8.0,6.7,225.1,2.5,8.3,52.0,67.9,80.55
athlete_038,2025-04-15,7.97,5.6,127.2,4.7,5.5,53.6,69.3,64.23
athlete_038,2025-04-16,7.67,4.1,230.2,5.1,3.9,56.2,61.6,67.24
athlete_038,2025-04-17,7.41,6.0,96.5,4.5,6.1,54.3,58.2,60.84
athlete_038,2025-04-18,7.78,6.1,270.5,3.1,5.9,53.7,73.0,73.59
athlete_038,2025-04-19,7.45,5.5,228.3,4.1,5.3,55.3,63.9,64.97
athlete_038,2025-04-20,6.79,3.8,36.9,3.9,4.1,53.2,65.9,68.37
athlete_038,2025-04-21,6.29,3.0,159.3,4.6,3.5,53.9,64.4,57.57
athlete_038,2025-04-22,8.03,6.1,67.4,3.0,7.4,56.1,63.0,70.4
athlete_038,2025-04-23,7.77,5.6,123.5,4.6,5.3,54.7,64.0,65.73
athlete_038,2025-04-24,7.77,6.0,70.4,3.7,6.7,49.7,61.5,63.81
athlete_038,2025-04-25,8.85,8.1,164.4,3.5,8.6,50.6,67.0,84.0
athlete_038,2025-04-26,6.98,4.5,113.7,5.1,4.3,52.9,56.0,61.9
athlete_038,2025-04-27,7.29,6.5,17.6,3.3,6.8,51.9,60.3,77.47
athlete_038,2025-04-28,7.75,5.6,247.7,3.1,5.7,49.7,64.7,67.53
athlete_038,2025-04-29,8.04,7.3,110.6,3.6,7.5,54.6,65.7,74.88
athlete_038,2025-04-30,8.12,7.4,181.9,2.9,7.6,49.0,66.5,77.34
athlete_038,2025-05-01,8.75,6.3,119.6,4.6,6.8,50.7,66.1,67.69
athlete_038,2025-05-02,8.32,6.9,241.0,3.9,6.4,52.3,67.1,76.05
athlete_038,2025-05-03,7.49,5.2,191.5,4.5,4.5,55.0,61.5,68.99
athlete_038,2025-05-04,6.61,4.1,25.6,4.8,4.1,54.6,52.0,57.88
athlete_038,2025-05-05,7.04,4.3,235.6,3.9,5.6,51.9,65.5,75.18
athlete_039,2025-01-06,6.23,3.9,264.1,4.2,5.1,51.7,65.6,69.99
athlete_039,2025-01-07,6.35,3.7,119.0,4.8,4.2,60.5,52.7,65.89
athlete_039,2025-01-08,7.26,5.5,203.4,3.0,6.1,55.1,59.4,75.01
athlete_039,2025-01-09,7.11,5.5,125.2,4.7,5.3,57.3,61.6,73.81
athlete_039,2025-01-10,6.56,4.3,292.1,4.3,4.6,56.9,57.9,66.49
athlete_039,2025-01-11,7.39,4.5,200.4,5.5,4.6,59.3,61.7,65.6
athlete_039,2025-01-12,7.26,4.2,33.6,5.3,3.4,55.9,66.4,63.17
athlete_039,2025-01-13,7.22,5.6,304.7,2.3,6.5,58.1,74.5,75.79
athlete_039,2025-01-14,6.6,6.3,136.6,3.8,6.1,54.4,63.2,75.03
athlete_039,2025-01-15,7.19,5.0,263.9,3.2,5.7,56.6,67.7,69.93
athlete_039,2025-01-16,7.97,4.8,176.6,5.0,4.0,58.4,63.8,62.41
athlete_039,2025-01-17,7.19,5.6,279.9,3.1,5.9,57.8,61.9,75.79
athlete_039,2025-01-18,7.53,6.0,160.5,4.6,6.2,57.2,58.3,68.86
athlete_039,2025-01-19,7.03,6.0,31.1,4.0,6.3,56.7,67.2,70.48
athlete_039,2025-01-20,7.38,6.3,327.2,3.5,5.7,56.7,62.7,71.89
athlete_039,2025-01-21,7.16,5.0,126.0,4.2,5.5,57.0,62.3,70.9
athlete_039,2025-01-22,6.99,5.1,314.0,4.4,5.8,58.6,65.4,66.4
athlete_039,2025-01-23,6.86,4.9,173.7,4.4,4.3,60.2,62.6,62.48
athlete_039,2025-01-24,7.53,5.4,256.6,3.8,6.7,56.6,68.6,78.8
athlete_039,2025-01-25,7.08,4.7,167.4,5.9,2.9,61.0,60.9,60.17
athlete_039,2025-01-26,8.23,8.2,36.0,2.9,8.2,55.2,69.3,81.02
athlete_039,2025-01-27,8.01,7.2,184.5,2.6,8.6,54.0,66.5,75.87
athlete_039,2025-01-28,6.44,3.8,76.2,5.4,3.6,58.4,61.0,58.69
athlete_039,2025-01-29,7.81,6.9,149.0,3.9,6.8,53.6,69.3,77.88
athlete_039,2025-01-30,7.13,4.6,89.9,5.4,4.6,56.6,57.9,60.74
athlete_039,2025-01-31,6.56,5.8,186.0,3.6,6.6,50.8,63.8,63.53
athlete_039,2025-02-01,7.49,7.1,126.6,3.2,7.2,55.3,66.0,81.73
athlete_039,2025-02-02,7.45,5.7,22.2,2.8,6.9,53.5,74.2,68.48
athlete_039,2025-02-03,7.92,6.7,275.9,3.2,6.3,56.5,65.7,76.18
athlete_039,2025-02-04,7.92,5.2,95.3,3.8,4.7,55.4,61.6,65.13
athlete_039,2025-02-05,8.21,7.2,223.1,3.3,7.4,53.8,64.1,84.3
athlete_039,2025-02-06,6.94,6.1,125.3,3.6,5.9,57.7,63.0,68.53
athlete_039,2025-02-07,7.25,6.0,264.3,5.0,6.5,56.1,54.2,71.86
athlete_039,2025-02-08,6.77,5.3,212.0,3.6,6.4,53.7,62.4,73.21
athlete_039,2025-02-09,7.2,3.6,35.3,6.1,3.2,58.4,66.2,67.79
athlete_039,2025-02-10,6.88,5.4,309.3,3.8,5.5,58.9,57.9,62.69
athlete_039,2025-02-11,7.98,6.6,126.4,3.0,6.6,57.3,65.6,69.7
athlete_039,2025-02-12,7.78,6.3,250.8,4.8,6.1,58.0,65.2,75.35
athlete_039,2025-02-13,6.54,4.9,117.4,4.1,4.8,60.3,64.7,69.39
athlete_039,2025-02-14,6.59,5.3,299.5,4.6,5.6,56.3,59.3,67.69
athlete_039,2025-02-15,7.3,5.4,205.6,4.8,4.5,58.6,61.4,61.41
athlete_039,2025-02-16,7.3,5.3,40.2,5.5,4.2,56.9,51.9,58.37
athlete_039,2025-02-17,6.78,4.1,295.0,5.5,3.8,57.1,59.5,59.93
athlete_039,2025-02-18,7.45,4.6,153.1,6.9,2.9,59.4,56.0,64.21
athlete_039,2025-02-19,7.79,7.3,281.1,3.3,7.6,55.7,65.2,80.26
athlete_039,2025-02-20,7.49,5.4,158.3,4.8,5.4,56.0,56.6,69.35
athlete_039,2025-02-21,7.53,6.1,317.6,3.9,5.7,59.3,66.6,73.55
athlete_039,2025-02-22,8.73,7.9,194.2,2.5,7.7,57.0,66.8,77.85
athlete_039,2025-02-23,7.55,5.4,38.8,4.8,5.7,57.8,59.3,64.95
athlete_039,2025-02-24,8.74,7.9,146.6,4.1,7.7,54.6,69.7,79.94
athlete_039,2025-02-25,7.48,4.9,84.3,4.3,4.4,58.8,62.7,65.64
athlete_039,2025-02-26,8.0,7.4,133.6,3.4,7.3,52.2,65.5,76.59
athlete_039,2025-02-27,8.48,7.4,102.3,3.2,7.2,56.7,68.5,77.59
athlete_039,2025-02-28,7.52,6.3,196.1,4.2,5.9,54.7,66.1,77.21
athlete_039,2025-03-01,6.18,4.5,126.3,4.6,4.5,57.2,55.8,59.61
athlete_039,2025-03-02,6.22,3.9,22.8,5.1,4.2,57.1,53.8,64.94
athlete_039,2025-03-03,6.97,5.6,326.2,3.9,6.2,57.6,63.6,60.99
athlete_039,2025-03-04,5.84,3.7,147.7,4.9,4.3,55.1,57.0,62.93
athlete_039,2025-03-05,7.38,6.4,262.6,4.2,6.2,56.0,64.2,72.43
athlete_039,2025-03-06,7.02,4.8,156.0,3.9,5.2,53.5,68.6,68.13
athlete_039,2025-03-07,7.67,5.2,325.0,4.2,4.7,59.2,63.5,65.16
athlete_039,2025-03-08,6.87,4.8,233.3,4.1,5.3,58.1,62.1,69.27
athlete_039,2025-03-09,8.47,6.7,36.9,4.5,5.2,59.1,62.7,65.02
athlete_039,2025-03-10,6.48,3.5,285.5,5.5,3.0,60.0,58.0,56.27
athlete_039,2025-03-11,7.45,5.4,136.6,5.2,5.1,56.5,62.2,63.42
athlete_039,2025-03-12,7.23,4.1,230.9,4.8,4.5,57.0,58.9,74.88
athlete_039,2025-03-13,7.48,6.2,146.0,3.4,7.2,57.7,69.4,77.17
athlete_039,2025-03-14,6.86,4.4,287.4,5.8,4.2,59.0,50.8,66.13
athlete_039,2025-03-15,6.94,5.2,145.7,5.5,4.3,59.3,54.0,62.01
athlete_039,2025-03-16,7.42,6.3,30.7,5.1,5.7,56.9,58.7,67.52
athlete_039,2025-03-17,7.25,5.1,277.9,4.6,5.1,54.9,66.1,70.7
athlete_039,2025-03-18,7.04,4.6,146.1,5.3,4.5,56.3,58.7,62.83
athlete_039,2025-03-19,6.86,3.7,260.5,5.5,4.1,58.0,54.5,63.39
athlete_039,2025-03-20,6.81,5.7,137.4,3.9,6.0,60.3,57.3,70.06
athlete_039,2025-03-21,7.85,6.7,347.0,2.7,7.3,56.6,67.6,76.95
athlete_039,2025-03-22,7.82,6.5,253.3,4.5,6.2,59.0,59.5,73.66
athlete_039,2025-03-23,8.59,6.9,32.3,4.5,6.1,56.3,66.5,73.72
athlete_039,2025-03-24,7.21,6.4,153.9,4.9,6.1,58.2,60.4,66.36
athlete_039,2025-03-25,8.24,8.0,93.6,3.4,7.7,54.5,66.2,81.32
athlete_039,2025-03-26,7.25,4.9,124.5,4.1,5.4,55.0,64.3,66.74
athlete_039,2025-03-27,8.31,7.2,85.7,3.3,7.2,56.3,62.9,78.83
athlete_039,2025-03-28,7.45,6.5,166.9,3.6,7.0,53.8,68.3,74.15
athlete_039,2025-03-29,8.34,7.2,117.1,4.1,6.3,53.8,65.7,68.02
athlete_039,2025-03-30,8.2,7.5,18.3,3.8,6.9,52.5,65.8,66.25
athlete_039,2025-03-31,7.28,4.9,257.1,4.1,5.8,53.9,64.8,66.38
athlete_039,2025-04-01,7.61,5.6,135.0,3.8,6.2,54.3,62.0,70.77
athlete_039,2025-04-02,7.92,5.9,129.7,4.3,4.8,56.4,65.3,75.87
athlete_039,2025-04-03,7.09,5.2,133.5,4.1,6.3,56.2,61.0,73.58
athlete_039,2025-04-04,7.08,6.1,290.8,3.7,5.7,56.9,63.6,65.35
athlete_039,2025-04-05,8.08,7.2,194.6,4.1,6.2,56.2,65.5,78.23
athlete_039,2025-04-06,7.87,5.7,34.0,5.0,5.8,55.6,72.2,69.84
athlete_039,2025-04-07,7.64,5.8,316.5,3.9,5.6,56.1,64.4,72.27
athlete_039,2025-04-08,7.04,3.9,121.7,5.1,5.1,59.2,63.0,65.98
athlete_039,2025-04-09,7.85,6.7,244.8,4.7,6.4,57.3,63.9,73.09
athlete_039,2025-04-10,7.46,6.3,121.5,3.2,6.5,60.2,65.2,72.5
athlete_039,2025-04-11,6.94,4.3,308.8,4.7,4.3,57.4,58.1,65.81
athlete_039,2025-04-12,7.63,5.1,191.4,6.1,4.1,57.5,59.3,64.01
athlete_039,2025-04-13,7.54,5.9,34.2,3.6,6.2,56.0,65.4,72.7
athlete_039,2025-04-14,6.9,4.3,274.9,4.7,3.8,56.4,59.0,58.54
athlete_039,2025-04-15,7.41,4.9,146.4,5.6,3.7,55.4,61.5,64.2
athlete_039,2025-04-16,8.62,7.3,226.9,2.3,7.8,53.9,69.8,81.82
athlete_039,2025-04-17,7.45,4.7,137.2,4.8,4.0,57.8,58.8,66.72
athlete_039,2025-04-18,7.5,4.8,286.4,4.7,4.4,58.9,63.3,66.62
athlete_039,2025-04-19,8.56,8.1,233.0,4.2,7.1,56.7,64.9,75.29
athlete_039,2025-04-20,6.43,4.5,38.2,5.2,4.0,60.3,60.9,65.68
athlete_039,2025-04-21,7.37,6.9,188.0,4.4,6.6,57.7,59.5,74.86
athlete_039,2025-04-22,7.73,6.5,71.7,3.3,6.8,53.6,66.4,75.11
athlete_039,2025-04-23,7.15,5.8,149.8,2.6,7.0,57.2,75.5,75.7
athlete_039,2025-04-24,7.51,5.8,60.0,4.8,6.5,54.6,70.6,73.06
athlete_039,2025-04-25,7.89,5.6,190.0,4.0,5.6,51.9,61.9,68.54
athlete_039,2025-04-26,7.46,5.2,126.7,3.9,5.5,53.8,65.6,70.49
athlete_039,2025-04-27,7.15,6.1,22.6,5.3,5.9,57.3,65.2,72.21
athlete_039,2025-04-28,7.12,5.4,237.1,4.5,5.7,56.2,68.3,63.49
athlete_039,2025-04-29,7.01,4.4,157.0,4.6,4.9,58.0,59.8,70.0
athlete_039,2025-04-30,7.31,5.3,210.4,3.4,6.4,56.0,67.3,69.69
athlete_039,2025-05-01,8.07,6.1,150.7,3.2,6.8,57.4,66.3,77.48
athlete_039,2025-05-02,6.94,4.7,232.1,4.9,4.2,56.6,67.0,67.26
athlete_039,2025-05-03,8.43,6.2,179.4,5.3,5.8,57.3,62.5,70.4
athlete_039,2025-05-04,8.67,6.1,37.9,4.0,6.1,56.0,67.5,74.42
athlete_039,2025-05-05,7.61,7.0,277.4,4.3,8.2,52.0,71.0,71.39
athlete_040,2025-01-06,8.48,6.7,229.5,4.8,6.4,54.4,84.9,79.73
athlete_040,2025-01-07,8.11,7.4,173.2,3.9,6.8,60.5,85.7,79.98
athlete_040,2025-01-08,8.18,5.5,236.5,3.6,7.0,60.3,86.2,74.68
athlete_040,2025-01-09,7.74,4.0,139.6,4.5,4.4,63.7,81.7,61.85
athlete_040,2025-01-10,8.52,6.6,294.5,3.0,6.6,59.8,84.6,77.43
athlete_040,2025-01-11,7.8,4.7,234.0,4.0,4.6,60.6,80.9,68.84
athlete_040,2025-01-12,7.57,3.5,45.5,4.2,4.3,65.0,85.3,72.17
athlete_040,2025-01-13,7.62,6.2,338.9,4.0,6.1,60.2,81.9,74.38
athlete_040,2025-01-14,7.81,4.9,162.9,4.8,5.4,63.0,78.8,70.98
athlete_040,2025-01-15,8.86,6.4,330.3,3.1,6.9,58.7,90.4,88.13
athlete_040,2025-01-16,8.62,6.2,176.6,3.9,6.3,62.3,83.5,76.92
athlete_040,2025-01-17,6.97,3.6,335.7,5.6,2.8,62.8,72.1,60.57
athlete_040,2025-01-18,8.37,5.3,228.9,5.1,3.6,65.3,79.5,67.13
athlete_040,2025-01-19,9.52,8.4,41.8,1.5,9.7,56.1,88.6,91.88
athlete_040,2025-01-20,8.55,6.7,307.9,3.2,6.8,61.1,84.1,78.47
athlete_040,2025-01-21,8.83,6.6,178.2,5.6,5.0,65.0,85.4,78.24
athlete_040,2025-01-22,7.18,3.9,242.4,6.7,1.6,67.0,76.8,56.76
athlete_040,2025-01-23,8.0,5.1,181.7,4.9,4.9,59.7,87.5,73.71
athlete_040,2025-01-24,8.49,6.5,407.1,3.5,6.4,60.2,88.3,77.48
athlete_040,2025-01-25,7.31,3.9,235.8,6.9,2.4,68.2,71.0,57.53
athlete_040,2025-01-26,8.04,5.3,33.0,3.8,5.1,60.8,83.5,73.92
athlete_040,2025-01-27,7.81,5.1,215.6,5.6,4.6,61.8,78.2,67.65
athlete_040,2025-01-28,7.63,4.3,76.4,5.0,4.3,63.7,82.6,62.87
athlete_040,2025-01-29,8.56,6.2,140.8,4.4,6.0,59.6,83.1,70.19
athlete_040,2025-01-30,8.02,6.2,99.3,2.6,6.5,59.7,89.0,70.21
athlete_040,2025-01-31,9.17,7.0,196.2,2.4,7.8,61.6,87.2,79.28
athlete_040,2025-02-01,8.76,7.0,136.3,4.1,6.5,60.6,90.2,79.23
athlete_040,2025-02-02,8.27,6.0,23.5,4.5,5.5,59.9,88.2,66.06
athlete_040,2025-02-03,8.06,5.7,339.6,4.8,5.6,57.4,82.1,64.65
athlete_040,2025-02-04,7.93,5.1,118.5,4.2,5.2,59.6,79.8,71.32
athlete_040,2025-02-05,8.3,6.6,245.5,3.5,6.0,59.2,79.8,78.59
athlete_040,2025-02-06,9.33,7.5,145.3,4.2,7.4,56.0,92.3,81.7
athlete_040,2025-02-07,8.04,4.2,328.3,5.0,5.0,61.9,77.4,68.03
athlete_040,2025-02-08,8.51,6.4,223.0,3.9,6.5,59.6,86.4,76.5
athlete_040,2025-02-09,8.37,5.3,36.0,6.7,3.6,64.8,80.0,56.96
athlete_040,2025-02-10,8.44,5.2,272.1,6.3,4.1,60.1,82.1,70.48
athlete_040,2025-02-11,8.81,7.7,132.1,3.9,7.7,58.9,82.6,76.1
athlete_040,2025-02-12,9.34,6.5,237.6,4.5,5.9,59.5,86.4,69.65
athlete_040,2025-02-13,8.39,5.7,182.3,4.5,4.8,63.3,81.9,77.4
athlete_040,2025-02-14,8.19,5.5,244.8,4.3,6.0,58.9,78.8,78.49
athlete_040,2025-02-15,7.4,5.4,223.8,3.7,4.2,62.9,72.8,70.28
athlete_040,2025-02-16,8.28,5.7,42.9,4.0,5.7,60.5,81.5,71.37
athlete_040,2025-02-17,8.54,7.3,303.5,2.5,8.5,58.2,87.4,86.57
athlete_040,2025-02-18,7.8,3.5,192.9,6.4,3.7,62.3,80.2,60.77
athlete_040,2025-02-19,8.27,5.8,299.2,3.8,6.4,61.3,91.6,74.7
athlete_040,2025-02-20,7.71,5.0,161.8,4.5,5.1,58.3,80.4,66.41
athlete_040,2025-02-21,8.65,5.4,332.4,5.4,4.4,62.9,76.5,70.52
athlete_040,2025-02-22,8.01,4.2,292.0,5.9,3.6,65.7,77.2,64.86
athlete_040,2025-02-23,8.74,6.2,54.0,4.3,5.1,62.2,89.5,72.57
athlete_040,2025-02-24,8.46,5.4,168.0,5.0,4.4,61.1,82.7,71.16
athlete_040,2025-02-25,7.33,3.8,81.2,5.1,4.6,61.1,78.8,70.28
athlete_040,2025-02-26,8.82,5.9,154.2,3.9,6.0,59.7,84.4,78.28
athlete_040,2025-02-27,9.31,7.1,90.3,4.9,5.9,59.6,90.3,81.32
athlete_040,2025-02-28,7.47,4.4,178.6,6.0,3.3,59.8,78.5,59.36
athlete_040,2025-03-01,8.12,5.5,159.2,3.0,7.1,60.9,90.7,74.8
athlete_040,2025-03-02,8.09,5.6,28.5,3.1,6.1,57.4,87.5,75.57
athlete_040,2025-03-03,7.77,4.9,208.5,3.7,6.1,58.0,89.4,70.77
athlete_040,2025-03-04,9.18,6.7,132.7,4.5,6.7,56.4,85.0,75.09
athlete_040,2025-03-05,8.57,5.7,236.7,3.0,6.4,58.2,89.1,72.42
athlete_040,2025-03-06,8.64,7.2,177.7,2.9,7.2,58.7,93.1,77.5
athlete_040,2025-03-07,7.9,4.5,299.2,7.1,3.5,64.3,78.0,57.88
athlete_040,2025-03-08,8.66,5.3,231.8,4.9,5.3,59.5,79.7,73.56
athlete_040,2025-03-09,7.95,4.5,35.1,6.3,3.9,62.6,82.1,72.33
athlete_040,2025-03-10,8.16,6.5,272.3,2.8,7.1,58.6,91.6,82.89
athlete_040,2025-03-11,8.71,5.4,137.2,5.6,4.9,62.4,83.3,75.2
athlete_040,2025-03-12,8.48,5.0,309.5,4.9,4.7,61.1,79.4,74.26
athlete_040,2025-03-13,8.08,6.6,166.1,2.4,6.9,58.9,89.5,80.22
athlete_040,2025-03-14,7.65,5.0,349.8,5.4,4.0,65.2,71.4,60.77
athlete_040,2025-03-15,8.23,6.0,211.3,4.2,6.1,63.3,83.5,70.4
athlete_040,2025-03-16,9.65,9.3,46.8,1.7,9.0,58.9,100.0,91.14
athlete_040,2025-03-17,7.54,4.9,339.3,4.6,4.8,62.4,78.9,65.22
athlete_040,2025-03-18,8.52,6.0,152.1,5.5,4.7,63.7,84.7,72.37
athlete_040,2025-03-19,7.69,4.5,328.2,3.3,5.2,58.3,79.9,76.96
athlete_040,2025-03-20,8.53,6.3,165.1,3.4,7.1,59.4,83.2,72.93
athlete_040,2025-03-21,7.73,5.6,278.8,5.1,5.3,62.8,79.2,65.44
athlete_040,2025-03-22,8.81,6.0,256.8,4.3,6.0,61.5,82.8,74.28
athlete_040,2025-03-23,7.66,4.4,44.9,6.2,2.1,67.2,79.0,59.71
athlete_040,2025-03-24,7.94,5.5,161.0,5.4,4.1,63.5,82.3,70.52
athlete_040,2025-03-25,8.36,6.6,104.8,2.9,7.7,59.3,92.5,81.82
athlete_040,2025-03-26,8.12,5.0,179.7,5.0,4.6,62.9,79.9,65.69
athlete_040,2025-03-27,7.53,4.3,106.8,5.2,5.1,60.7,85.0,67.41
athlete_040,2025-03-28,8.09,5.2,123.5,5.1,4.4,62.5,81.5,67.97
athlete_040,2025-03-29,9.04,6.7,147.3,4.7,5.8,59.4,89.2,80.0
athlete_040,2025-03-30,7.88,5.9,25.2,3.5,5.6,58.4,86.4,71.68
athlete_040,2025-03-31,8.18,4.2,282.8,3.9,4.5,58.1,81.8,71.11
athlete_040,2025-04-01,7.97,4.9,115.7,4.3,5.6,58.5,85.7,66.06
athlete_040,2025-04-02,8.77,6.2,300.4,2.9,6.7,57.5,84.9,76.93
athlete_040,2025-04-03,8.43,7.4,136.5,4.6,5.7,62.1,88.3,68.93
athlete_040,2025-04-04,9.29,6.0,305.4,5.7,5.1,59.8,86.0,71.54
athlete_040,2025-04-05,8.37,5.8,241.4,7.0,3.7,60.5,81.8,73.04
athlete_040,2025-04-06,7.63,4.2,46.0,5.2,4.4,61.7,82.9,72.25
athlete_040,2025-04-07,8.65,6.7,380.3,3.6,7.1,59.8,89.4,76.89
athlete_040,2025-04-08,7.81,5.0,149.8,4.4,5.9,59.8,83.4,72.44
athlete_040,2025-04-09,7.57,5.8,308.6,4.8,5.1,58.7,80.2,76.85
athlete_040,2025-04-10,7.66,3.3,170.6,7.0,2.1,61.8,79.6,58.64
athlete_040,2025-04-11,7.62,4.1,381.6,5.6,4.0,60.6,71.2,69.0
athlete_040,2025-04-12,7.66,5.5,245.7,5.2,4.9,60.8,76.8,69.04
athlete_040,2025-04-13,8.52,5.3,41.6,4.4,5.2,61.4,84.6,71.54
athlete_040,2025-04-14,7.61,5.5,342.5,3.0,6.5,60.0,82.0,72.38
athlete_040,2025-04-15,8.49,5.9,113.4,6.2,4.0,61.3,79.2,68.26
athlete_040,2025-04-16,8.69,6.4,278.2,3.5,5.2,63.1,86.1,68.69
athlete_040,2025-04-17,8.39,5.9,218.0,4.2,6.1,63.5,76.9,78.9
athlete_040,2025-04-18,7.85,3.8,348.7,5.1,3.9,64.0,80.4,68.28
athlete_040,2025-04-19,7.84,4.7,228.9,6.1,3.9,63.7,80.9,66.16
athlete_040,2025-04-20,8.35,5.9,49.9,3.1,6.5,60.9,86.9,74.37
athlete_040,2025-04-21,8.02,5.8,187.7,4.9,4.1,63.1,81.4,68.92
athlete_040,2025-04-22,8.48,6.0,96.8,4.0,6.6,60.4,90.4,72.06
athlete_040,2025-04-23,8.82,5.3,131.1,4.6,5.4,60.1,93.2,82.06
athlete_040,2025-04-24,8.03,5.0,88.5,3.5,6.0,56.9,85.2,71.36
athlete_040,2025-04-25,8.54,5.4,185.2,5.4,4.8,61.6,77.5,69.97
athlete_040,2025-04-26,8.24,5.0,132.9,4.0,5.3,62.3,89.1,65.99
athlete_040,2025-04-27,7.88,5.2,17.3,5.5,4.5,59.2,81.4,68.71
athlete_040,2025-04-28,8.09,6.1,306.8,2.6,7.2,55.0,86.4,77.29
athlete_040,2025-04-29,8.42,5.1,171.4,3.6,5.6,59.7,83.8,74.91
athlete_040,2025-04-30,9.04,7.3,280.3,2.6,8.8,60.0,95.3,78.83
athlete_040,2025-05-01,9.25,8.4,166.0,2.9,8.5,60.2,87.8,82.58
athlete_040,2025-05-02,7.16,3.9,317.3,4.2,4.3,65.3,81.1,67.89
athlete_040,2025-05-03,7.95,3.8,213.3,4.6,3.7,63.2,87.4,65.79
athlete_040,2025-05-04,8.54,8.8,46.7,3.9,8.2,61.5,85.3,85.14
athlete_040,2025-05-05,8.91,7.6,293.4,2.8,8.8,58.6,94.1,87.28
